season,round,race_name,circuit_id,driver_name,constructor_id,grid_position,qualifying_position,q_delta_to_pole,driver_previous_points,constructor_previous_points,race_points
2014,1,Australian Grand Prix,1,Lewis Hamilton,131,1,1,0.924,0.0,0.0,0.0
2014,1,Australian Grand Prix,1,Nico Rosberg,131,3,3,1.789,0.0,0.0,25.0
2014,1,Australian Grand Prix,1,Fernando Alonso,6,5,5,0.613,0.0,0.0,12.0
2014,1,Australian Grand Prix,1,Kimi Räikkönen,6,11,12,1.664,0.0,0.0,6.0
2014,1,Australian Grand Prix,1,Felipe Massa,3,9,9,0.453,0.0,0.0,0.0
2014,1,Australian Grand Prix,1,Adrian Sutil,15,13,14,2.898,0.0,0.0,0.0
2014,1,Australian Grand Prix,1,Jenson Button,1,10,11,0.621,0.0,0.0,15.0
2014,1,Australian Grand Prix,1,Sebastian Vettel,9,12,13,1.156,0.0,0.0,0.0
2014,1,Australian Grand Prix,1,Romain Grosjean,208,22,21,6.218,0.0,0.0,0.0
2014,1,Australian Grand Prix,1,Kamui Kobayashi,207,14,15,3.499,0.0,0.0,0.0
2014,1,Australian Grand Prix,1,Nico Hülkenberg,10,7,7,3.118,0.0,0.0,8.0
2014,1,Australian Grand Prix,1,Pastor Maldonado,208,21,22,0.0,0.0,0.0,0.0
2014,1,Australian Grand Prix,1,Sergio Pérez,10,16,16,3.366,0.0,0.0,1.0
2014,1,Australian Grand Prix,1,Daniel Ricciardo,9,2,2,0.0,0.0,0.0,0.0
2014,1,Australian Grand Prix,1,Jean-Éric Vergne,5,6,6,2.713,0.0,0.0,4.0
2014,1,Australian Grand Prix,1,Max Chilton,206,17,17,3.518,0.0,0.0,0.0
2014,1,Australian Grand Prix,1,Esteban Gutiérrez,15,20,19,4.342,0.0,0.0,0.0
2014,1,Australian Grand Prix,1,Valtteri Bottas,3,15,10,0.826,0.0,0.0,10.0
2014,1,Australian Grand Prix,1,Jules Bianchi,206,18,18,4.019,0.0,0.0,0.0
2014,1,Australian Grand Prix,1,Kevin Magnussen,1,4,4,0.174,0.0,0.0,18.0
2014,1,Australian Grand Prix,1,Daniil Kvyat,5,8,8,3.002,0.0,0.0,2.0
2014,1,Australian Grand Prix,1,Marcus Ericsson,207,19,20,4.382,0.0,0.0,0.0
2014,2,Malaysian Grand Prix,2,Lewis Hamilton,131,1,1,0.019,0.0,25.0,25.0
2014,2,Malaysian Grand Prix,2,Nico Rosberg,131,3,3,0.0,25.0,25.0,18.0
2014,2,Malaysian Grand Prix,2,Fernando Alonso,6,4,4,1.706,12.0,18.0,12.0
2014,2,Malaysian Grand Prix,2,Kimi Räikkönen,6,6,6,2.074,6.0,18.0,0.0
2014,2,Malaysian Grand Prix,2,Felipe Massa,3,13,13,2.864,0.0,10.0,6.0
2014,2,Malaysian Grand Prix,2,Adrian Sutil,15,17,18,4.948,0.0,0.0,0.0
2014,2,Malaysian Grand Prix,2,Jenson Button,1,10,10,3.706,15.0,33.0,8.0
2014,2,Malaysian Grand Prix,2,Sebastian Vettel,9,2,2,0.471,0.0,0.0,15.0
2014,2,Malaysian Grand Prix,2,Romain Grosjean,208,15,16,3.019,0.0,0.0,0.0
2014,2,Malaysian Grand Prix,2,Kamui Kobayashi,207,20,20,6.412,0.0,0.0,0.0
2014,2,Malaysian Grand Prix,2,Nico Hülkenberg,10,7,7,1.7,8.0,9.0,10.0
2014,2,Malaysian Grand Prix,2,Pastor Maldonado,208,16,17,4.891,0.0,0.0,0.0
2014,2,Malaysian Grand Prix,2,Sergio Pérez,10,14,14,2.893,1.0,9.0,0.0
2014,2,Malaysian Grand Prix,2,Daniel Ricciardo,9,5,5,1.73,0.0,0.0,0.0
2014,2,Malaysian Grand Prix,2,Jean-Éric Vergne,5,9,9,4.506,4.0,6.0,0.0
2014,2,Malaysian Grand Prix,2,Max Chilton,206,21,21,7.205,0.0,0.0,0.0
2014,2,Malaysian Grand Prix,2,Esteban Gutiérrez,15,12,12,3.951,0.0,0.0,0.0
2014,2,Malaysian Grand Prix,2,Valtteri Bottas,3,18,15,2.526,10.0,10.0,4.0
2014,2,Malaysian Grand Prix,2,Jules Bianchi,206,19,19,5.519,0.0,0.0,0.0
2014,2,Malaysian Grand Prix,2,Kevin Magnussen,1,8,8,3.173,18.0,33.0,2.0
2014,2,Malaysian Grand Prix,2,Daniil Kvyat,5,11,11,3.992,2.0,6.0,1.0
2014,2,Malaysian Grand Prix,2,Marcus Ericsson,207,22,22,7.224,0.0,0.0,0.0
2014,3,Bahrain Grand Prix,3,Lewis Hamilton,131,2,2,0.279,25.0,68.0,25.0
2014,3,Bahrain Grand Prix,3,Nico Rosberg,131,1,1,0.0,43.0,68.0,18.0
2014,3,Bahrain Grand Prix,3,Fernando Alonso,6,9,10,1.538,24.0,30.0,2.0
2014,3,Bahrain Grand Prix,3,Kimi Räikkönen,6,5,6,1.183,6.0,30.0,1.0
2014,3,Bahrain Grand Prix,3,Felipe Massa,3,7,8,1.326,6.0,20.0,6.0
2014,3,Bahrain Grand Prix,3,Adrian Sutil,15,22,18,3.655,0.0,0.0,0.0
2014,3,Bahrain Grand Prix,3,Jenson Button,1,6,7,1.202,23.0,43.0,0.0
2014,3,Bahrain Grand Prix,3,Sebastian Vettel,9,10,11,1.8,15.0,15.0,8.0
2014,3,Bahrain Grand Prix,3,Romain Grosjean,208,16,16,2.723,0.0,0.0,0.0
2014,3,Bahrain Grand Prix,3,Kamui Kobayashi,207,18,19,3.9,0.0,0.0,0.0
2014,3,Bahrain Grand Prix,3,Nico Hülkenberg,10,11,12,1.689,18.0,19.0,10.0
2014,3,Bahrain Grand Prix,3,Pastor Maldonado,208,17,17,3.478,0.0,0.0,0.0
2014,3,Bahrain Grand Prix,3,Sergio Pérez,10,4,5,1.161,1.0,19.0,15.0
2014,3,Bahrain Grand Prix,3,Daniel Ricciardo,9,13,3,0.866,0.0,15.0,12.0
2014,3,Bahrain Grand Prix,3,Jean-Éric Vergne,5,14,14,2.101,4.0,7.0,0.0
2014,3,Bahrain Grand Prix,3,Max Chilton,206,21,22,4.728,0.0,0.0,0.0
2014,3,Bahrain Grand Prix,3,Esteban Gutiérrez,15,15,15,2.706,0.0,0.0,0.0
2014,3,Bahrain Grand Prix,3,Valtteri Bottas,3,3,4,1.062,14.0,20.0,4.0
2014,3,Bahrain Grand Prix,3,Jules Bianchi,206,19,20,4.125,0.0,0.0,0.0
2014,3,Bahrain Grand Prix,3,Kevin Magnussen,1,8,9,1.527,20.0,43.0,0.0
2014,3,Bahrain Grand Prix,3,Daniil Kvyat,5,12,13,1.96,3.0,7.0,0.0
2014,3,Bahrain Grand Prix,3,Marcus Ericsson,207,20,21,4.69,0.0,0.0,0.0
2014,4,Chinese Grand Prix,17,Lewis Hamilton,131,1,1,0.0,50.0,111.0,25.0
2014,4,Chinese Grand Prix,17,Nico Rosberg,131,4,4,1.283,61.0,111.0,18.0
2014,4,Chinese Grand Prix,17,Fernando Alonso,6,5,5,1.777,26.0,33.0,15.0
2014,4,Chinese Grand Prix,17,Kimi Räikkönen,6,11,11,3.0,7.0,33.0,4.0
2014,4,Chinese Grand Prix,17,Felipe Massa,3,6,6,2.287,12.0,30.0,0.0
2014,4,Chinese Grand Prix,17,Adrian Sutil,15,14,14,3.533,0.0,0.0,0.0
2014,4,Chinese Grand Prix,17,Jenson Button,1,12,12,3.103,23.0,43.0,0.0
2014,4,Chinese Grand Prix,17,Sebastian Vettel,9,3,3,0.639,23.0,35.0,10.0
2014,4,Chinese Grand Prix,17,Romain Grosjean,208,10,10,2.547,0.0,0.0,0.0
2014,4,Chinese Grand Prix,17,Kamui Kobayashi,207,18,18,5.4,0.0,0.0,0.0
2014,4,Chinese Grand Prix,17,Nico Hülkenberg,10,8,8,2.053,28.0,44.0,8.0
2014,4,Chinese Grand Prix,17,Pastor Maldonado,208,22,22,0.0,0.0,0.0,0.0
2014,4,Chinese Grand Prix,17,Sergio Pérez,10,16,16,4.404,16.0,44.0,2.0
2014,4,Chinese Grand Prix,17,Daniel Ricciardo,9,2,2,0.595,12.0,35.0,12.0
2014,4,Chinese Grand Prix,17,Jean-Éric Vergne,5,9,9,2.724,4.0,7.0,0.0
2014,4,Chinese Grand Prix,17,Max Chilton,206,21,21,7.005,0.0,0.0,0.0
2014,4,Chinese Grand Prix,17,Esteban Gutiérrez,15,17,17,5.128,0.0,0.0,0.0
2014,4,Chinese Grand Prix,17,Valtteri Bottas,3,7,7,2.393,18.0,30.0,6.0
2014,4,Chinese Grand Prix,17,Jules Bianchi,206,19,19,5.466,0.0,0.0,0.0
2014,4,Chinese Grand Prix,17,Kevin Magnussen,1,15,15,3.509,20.0,43.0,0.0
2014,4,Chinese Grand Prix,17,Daniil Kvyat,5,13,13,3.401,3.0,7.0,1.0
2014,4,Chinese Grand Prix,17,Marcus Ericsson,207,20,20,6.786,0.0,0.0,0.0
2014,5,Spanish Grand Prix,4,Lewis Hamilton,131,1,1,0.0,75.0,154.0,25.0
2014,5,Spanish Grand Prix,4,Nico Rosberg,131,2,2,0.168,79.0,154.0,18.0
2014,5,Spanish Grand Prix,4,Fernando Alonso,6,7,7,1.908,41.0,52.0,8.0
2014,5,Spanish Grand Prix,4,Kimi Räikkönen,6,6,6,1.872,11.0,52.0,6.0
2014,5,Spanish Grand Prix,4,Felipe Massa,3,9,9,1.784,12.0,36.0,0.0
2014,5,Spanish Grand Prix,4,Adrian Sutil,15,16,17,3.331,0.0,0.0,0.0
2014,5,Spanish Grand Prix,4,Jenson Button,1,8,8,2.103,23.0,43.0,0.0
2014,5,Spanish Grand Prix,4,Sebastian Vettel,9,15,10,1.82,33.0,57.0,12.0
2014,5,Spanish Grand Prix,4,Romain Grosjean,208,5,5,1.728,0.0,0.0,4.0
2014,5,Spanish Grand Prix,4,Kamui Kobayashi,207,20,21,5.143,0.0,0.0,0.0
2014,5,Spanish Grand Prix,4,Nico Hülkenberg,10,10,11,2.453,36.0,54.0,1.0
2014,5,Spanish Grand Prix,4,Pastor Maldonado,208,22,22,0.0,0.0,0.0,0.0
2014,5,Spanish Grand Prix,4,Sergio Pérez,10,11,12,2.77,18.0,54.0,2.0
2014,5,Spanish Grand Prix,4,Daniel Ricciardo,9,3,3,1.053,24.0,57.0,15.0
2014,5,Spanish Grand Prix,4,Jean-Éric Vergne,5,21,16,2.962,4.0,8.0,0.0
2014,5,Spanish Grand Prix,4,Max Chilton,206,17,18,4.354,0.0,0.0,0.0
2014,5,Spanish Grand Prix,4,Esteban Gutiérrez,15,13,14,3.048,0.0,0.0,0.0
2014,5,Spanish Grand Prix,4,Valtteri Bottas,3,4,4,1.4,24.0,36.0,10.0
2014,5,Spanish Grand Prix,4,Jules Bianchi,206,18,19,4.945,0.0,0.0,0.0
2014,5,Spanish Grand Prix,4,Kevin Magnussen,1,14,15,3.157,20.0,43.0,0.0
2014,5,Spanish Grand Prix,4,Daniil Kvyat,5,12,13,2.807,4.0,8.0,0.0
2014,5,Spanish Grand Prix,4,Marcus Ericsson,207,19,20,5.08,0.0,0.0,0.0
2014,6,Monaco Grand Prix,6,Lewis Hamilton,131,2,2,0.059,100.0,197.0,18.0
2014,6,Monaco Grand Prix,6,Nico Rosberg,131,1,1,0.0,97.0,197.0,25.0
2014,6,Monaco Grand Prix,6,Fernando Alonso,6,5,5,0.697,49.0,66.0,12.0
2014,6,Monaco Grand Prix,6,Kimi Räikkönen,6,6,6,1.4,17.0,66.0,0.0
2014,6,Monaco Grand Prix,6,Felipe Massa,3,16,16,2.22,12.0,46.0,6.0
2014,6,Monaco Grand Prix,6,Adrian Sutil,15,18,18,2.756,0.0,0.0,0.0
2014,6,Monaco Grand Prix,6,Jenson Button,1,12,12,1.901,23.0,43.0,8.0
2014,6,Monaco Grand Prix,6,Sebastian Vettel,9,4,4,0.558,45.0,84.0,0.0
2014,6,Monaco Grand Prix,6,Romain Grosjean,208,14,14,2.207,4.0,4.0,4.0
2014,6,Monaco Grand Prix,6,Kamui Kobayashi,207,20,21,4.144,0.0,0.0,0.0
2014,6,Monaco Grand Prix,6,Nico Hülkenberg,10,11,11,1.857,37.0,57.0,10.0
2014,6,Monaco Grand Prix,6,Pastor Maldonado,208,15,15,2.367,0.0,4.0,0.0
2014,6,Monaco Grand Prix,6,Sergio Pérez,10,10,10,1.766,20.0,57.0,0.0
2014,6,Monaco Grand Prix,6,Daniel Ricciardo,9,3,3,0.395,39.0,84.0,15.0
2014,6,Monaco Grand Prix,6,Jean-Éric Vergne,5,7,7,1.551,4.0,8.0,0.0
2014,6,Monaco Grand Prix,6,Max Chilton,206,19,20,3.939,0.0,0.0,0.0
2014,6,Monaco Grand Prix,6,Esteban Gutiérrez,15,17,17,2.752,0.0,0.0,0.0
2014,6,Monaco Grand Prix,6,Valtteri Bottas,3,13,13,2.093,34.0,46.0,0.0
2014,6,Monaco Grand Prix,6,Jules Bianchi,206,21,19,3.343,0.0,0.0,2.0
2014,6,Monaco Grand Prix,6,Kevin Magnussen,1,8,8,1.566,20.0,43.0,1.0
2014,6,Monaco Grand Prix,6,Daniil Kvyat,5,9,9,1.605,4.0,8.0,0.0
2014,6,Monaco Grand Prix,6,Marcus Ericsson,207,22,22,5.743,0.0,0.0,0.0
2014,7,Canadian Grand Prix,7,Lewis Hamilton,131,2,2,0.079,118.0,240.0,0.0
2014,7,Canadian Grand Prix,7,Nico Rosberg,131,1,1,0.0,122.0,240.0,18.0
2014,7,Canadian Grand Prix,7,Fernando Alonso,6,7,7,0.94,61.0,78.0,8.0
2014,7,Canadian Grand Prix,7,Kimi Räikkönen,6,10,10,1.34,17.0,78.0,1.0
2014,7,Canadian Grand Prix,7,Felipe Massa,3,5,5,0.704,18.0,52.0,0.0
2014,7,Canadian Grand Prix,7,Adrian Sutil,15,16,16,2.44,0.0,0.0,0.0
2014,7,Canadian Grand Prix,7,Jenson Button,1,9,9,1.308,31.0,52.0,12.0
2014,7,Canadian Grand Prix,7,Sebastian Vettel,9,3,3,0.674,45.0,99.0,15.0
2014,7,Canadian Grand Prix,7,Romain Grosjean,208,14,14,1.813,8.0,8.0,0.0
2014,7,Canadian Grand Prix,7,Kamui Kobayashi,207,21,20,4.404,0.0,0.0,0.0
2014,7,Canadian Grand Prix,7,Nico Hülkenberg,10,11,11,1.426,47.0,67.0,10.0
2014,7,Canadian Grand Prix,7,Pastor Maldonado,208,17,17,3.454,0.0,8.0,0.0
2014,7,Canadian Grand Prix,7,Sergio Pérez,10,13,13,1.598,20.0,67.0,0.0
2014,7,Canadian Grand Prix,7,Daniel Ricciardo,9,6,6,0.715,54.0,99.0,25.0
2014,7,Canadian Grand Prix,7,Jean-Éric Vergne,5,8,8,1.288,4.0,8.0,4.0
2014,7,Canadian Grand Prix,7,Max Chilton,206,18,18,3.474,0.0,2.0,0.0
2014,7,Canadian Grand Prix,7,Esteban Gutiérrez,15,22,22,0.0,0.0,0.0,0.0
2014,7,Canadian Grand Prix,7,Valtteri Bottas,3,4,4,0.676,34.0,52.0,6.0
2014,7,Canadian Grand Prix,7,Jules Bianchi,206,19,19,3.485,2.0,2.0,0.0
2014,7,Canadian Grand Prix,7,Kevin Magnussen,1,12,12,1.436,21.0,52.0,2.0
2014,7,Canadian Grand Prix,7,Daniil Kvyat,5,15,15,1.839,4.0,8.0,0.0
2014,7,Canadian Grand Prix,7,Marcus Ericsson,207,20,21,4.946,0.0,0.0,0.0
2014,8,Austrian Grand Prix,70,Lewis Hamilton,131,9,9,0.333,118.0,258.0,18.0
2014,8,Austrian Grand Prix,70,Nico Rosberg,131,3,3,0.185,140.0,258.0,25.0
2014,8,Austrian Grand Prix,70,Fernando Alonso,6,4,4,0.526,69.0,87.0,10.0
2014,8,Austrian Grand Prix,70,Kimi Räikkönen,6,8,8,0.898,18.0,87.0,1.0
2014,8,Austrian Grand Prix,70,Felipe Massa,3,1,1,0.0,18.0,58.0,12.0
2014,8,Austrian Grand Prix,70,Adrian Sutil,15,16,17,2.066,0.0,0.0,0.0
2014,8,Austrian Grand Prix,70,Jenson Button,1,11,12,1.021,43.0,66.0,0.0
2014,8,Austrian Grand Prix,70,Sebastian Vettel,9,12,13,1.042,60.0,139.0,0.0
2014,8,Austrian Grand Prix,70,Romain Grosjean,208,22,16,1.702,8.0,8.0,0.0
2014,8,Austrian Grand Prix,70,Kamui Kobayashi,207,19,20,2.914,0.0,0.0,0.0
2014,8,Austrian Grand Prix,70,Nico Hülkenberg,10,10,10,0.865,57.0,77.0,2.0
2014,8,Austrian Grand Prix,70,Pastor Maldonado,208,13,14,1.18,0.0,8.0,0.0
2014,8,Austrian Grand Prix,70,Sergio Pérez,10,15,11,0.995,20.0,77.0,8.0
2014,8,Austrian Grand Prix,70,Daniel Ricciardo,9,5,5,0.707,79.0,139.0,4.0
2014,8,Austrian Grand Prix,70,Jean-Éric Vergne,5,14,15,1.314,8.0,12.0,0.0
2014,8,Austrian Grand Prix,70,Max Chilton,206,21,21,3.016,0.0,2.0,0.0
2014,8,Austrian Grand Prix,70,Esteban Gutiérrez,15,17,18,2.59,0.0,0.0,0.0
2014,8,Austrian Grand Prix,70,Valtteri Bottas,3,2,2,0.087,40.0,58.0,15.0
2014,8,Austrian Grand Prix,70,Jules Bianchi,206,18,19,2.653,2.0,2.0,0.0
2014,8,Austrian Grand Prix,70,Kevin Magnussen,1,6,6,0.714,23.0,66.0,6.0
2014,8,Austrian Grand Prix,70,Daniil Kvyat,5,7,7,0.731,4.0,12.0,0.0
2014,8,Austrian Grand Prix,70,Marcus Ericsson,207,20,22,3.914,0.0,0.0,0.0
2014,9,British Grand Prix,9,Lewis Hamilton,131,6,6,0.0,136.0,301.0,25.0
2014,9,British Grand Prix,9,Nico Rosberg,131,1,1,0.309,165.0,301.0,0.0
2014,9,British Grand Prix,9,Fernando Alonso,6,16,19,11.065,79.0,98.0,8.0
2014,9,British Grand Prix,9,Kimi Räikkönen,6,18,20,11.814,19.0,98.0,0.0
2014,9,British Grand Prix,9,Felipe Massa,3,15,18,10.825,30.0,85.0,0.0
2014,9,British Grand Prix,9,Adrian Sutil,15,13,16,7.733,0.0,0.0,0.0
2014,9,British Grand Prix,9,Jenson Button,1,3,3,1.709,43.0,72.0,12.0
2014,9,British Grand Prix,9,Sebastian Vettel,9,2,2,1.54,60.0,143.0,10.0
2014,9,British Grand Prix,9,Romain Grosjean,208,11,11,3.626,8.0,8.0,0.0
2014,9,British Grand Prix,9,Kamui Kobayashi,207,22,22,14.755,0.0,0.0,0.0
2014,9,British Grand Prix,9,Nico Hülkenberg,10,4,4,2.242,59.0,87.0,4.0
2014,9,British Grand Prix,9,Pastor Maldonado,208,20,15,9.022,0.0,8.0,0.0
2014,9,British Grand Prix,9,Sergio Pérez,10,7,7,2.48,28.0,87.0,0.0
2014,9,British Grand Prix,9,Daniel Ricciardo,9,8,8,3.296,83.0,143.0,15.0
2014,9,British Grand Prix,9,Jean-Éric Vergne,5,10,10,2.93,8.0,12.0,1.0
2014,9,British Grand Prix,9,Max Chilton,206,17,13,4.93,0.0,2.0,0.0
2014,9,British Grand Prix,9,Esteban Gutiérrez,15,19,14,6.042,0.0,0.0,0.0
2014,9,British Grand Prix,9,Valtteri Bottas,3,14,17,10.448,55.0,85.0,18.0
2014,9,British Grand Prix,9,Jules Bianchi,206,12,12,3.839,2.0,2.0,0.0
2014,9,British Grand Prix,9,Kevin Magnussen,1,5,5,2.5,29.0,72.0,6.0
2014,9,British Grand Prix,9,Daniil Kvyat,5,9,9,1.943,4.0,12.0,2.0
2014,9,British Grand Prix,9,Marcus Ericsson,207,21,21,14.551,0.0,0.0,0.0
2014,10,German Grand Prix,10,Lewis Hamilton,131,20,16,2.143,161.0,326.0,15.0
2014,10,German Grand Prix,10,Nico Rosberg,131,1,1,0.0,165.0,326.0,25.0
2014,10,German Grand Prix,10,Fernando Alonso,6,7,7,1.109,87.0,106.0,10.0
2014,10,German Grand Prix,10,Kimi Räikkönen,6,12,12,1.733,19.0,106.0,0.0
2014,10,German Grand Prix,10,Felipe Massa,3,3,3,0.538,30.0,103.0,0.0
2014,10,German Grand Prix,10,Adrian Sutil,15,15,17,2.602,0.0,0.0,0.0
2014,10,German Grand Prix,10,Jenson Button,1,11,11,1.653,55.0,90.0,4.0
2014,10,German Grand Prix,10,Sebastian Vettel,9,6,6,1.037,70.0,168.0,12.0
2014,10,German Grand Prix,10,Romain Grosjean,208,14,15,2.354,8.0,8.0,0.0
2014,10,German Grand Prix,10,Kamui Kobayashi,207,19,20,3.868,0.0,0.0,0.0
2014,10,German Grand Prix,10,Nico Hülkenberg,10,9,9,1.474,63.0,91.0,6.0
2014,10,German Grand Prix,10,Pastor Maldonado,208,18,19,3.655,0.0,8.0,0.0
2014,10,German Grand Prix,10,Sergio Pérez,10,10,10,1.495,28.0,91.0,1.0
2014,10,German Grand Prix,10,Daniel Ricciardo,9,5,5,0.733,98.0,168.0,8.0
2014,10,German Grand Prix,10,Jean-Éric Vergne,5,13,13,1.745,9.0,15.0,0.0
2014,10,German Grand Prix,10,Max Chilton,206,21,21,3.949,0.0,2.0,0.0
2014,10,German Grand Prix,10,Esteban Gutiérrez,15,16,14,2.199,0.0,0.0,0.0
2014,10,German Grand Prix,10,Valtteri Bottas,3,2,2,0.219,73.0,103.0,18.0
2014,10,German Grand Prix,10,Jules Bianchi,206,17,18,3.136,2.0,2.0,0.0
2014,10,German Grand Prix,10,Kevin Magnussen,1,4,4,0.674,35.0,90.0,2.0
2014,10,German Grand Prix,10,Daniil Kvyat,5,8,8,1.425,6.0,15.0,0.0
2014,10,German Grand Prix,10,Marcus Ericsson,207,22,22,0.0,0.0,0.0,0.0
2014,11,Hungarian Grand Prix,11,Lewis Hamilton,131,22,21,0.0,176.0,366.0,15.0
2014,11,Hungarian Grand Prix,11,Nico Rosberg,131,1,1,0.0,190.0,366.0,12.0
2014,11,Hungarian Grand Prix,11,Fernando Alonso,6,5,5,1.194,97.0,116.0,18.0
2014,11,Hungarian Grand Prix,11,Kimi Räikkönen,6,16,17,4.077,19.0,116.0,8.0
2014,11,Hungarian Grand Prix,11,Felipe Massa,3,6,6,1.315,30.0,121.0,10.0
2014,11,Hungarian Grand Prix,11,Adrian Sutil,15,11,12,2.421,0.0,0.0,0.0
2014,11,Hungarian Grand Prix,11,Jenson Button,1,7,7,1.579,59.0,96.0,1.0
2014,11,Hungarian Grand Prix,11,Sebastian Vettel,9,2,2,0.486,82.0,188.0,6.0
2014,11,Hungarian Grand Prix,11,Romain Grosjean,208,14,15,2.622,8.0,8.0,0.0
2014,11,Hungarian Grand Prix,11,Kamui Kobayashi,207,17,18,4.424,0.0,0.0,0.0
2014,11,Hungarian Grand Prix,11,Nico Hülkenberg,10,9,9,1.932,69.0,98.0,0.0
2014,11,Hungarian Grand Prix,11,Pastor Maldonado,208,20,22,0.0,0.0,8.0,0.0
2014,11,Hungarian Grand Prix,11,Sergio Pérez,10,12,13,2.496,29.0,98.0,0.0
2014,11,Hungarian Grand Prix,11,Daniel Ricciardo,9,4,4,0.676,106.0,188.0,25.0
2014,11,Hungarian Grand Prix,11,Jean-Éric Vergne,5,8,8,1.922,9.0,15.0,2.0
2014,11,Hungarian Grand Prix,11,Max Chilton,206,18,19,5.104,0.0,2.0,0.0
2014,11,Hungarian Grand Prix,11,Esteban Gutiérrez,15,13,14,2.545,0.0,0.0,0.0
2014,11,Hungarian Grand Prix,11,Valtteri Bottas,3,3,3,0.639,91.0,121.0,4.0
2014,11,Hungarian Grand Prix,11,Jules Bianchi,206,15,16,4.013,2.0,2.0,0.0
2014,11,Hungarian Grand Prix,11,Kevin Magnussen,1,21,10,1.87,37.0,96.0,0.0
2014,11,Hungarian Grand Prix,11,Daniil Kvyat,5,10,11,1.991,6.0,15.0,0.0
2014,11,Hungarian Grand Prix,11,Marcus Ericsson,207,19,20,5.928,0.0,0.0,0.0
2014,12,Belgian Grand Prix,13,Lewis Hamilton,131,2,2,0.228,191.0,393.0,0.0
2014,12,Belgian Grand Prix,13,Nico Rosberg,131,1,1,0.0,202.0,393.0,18.0
2014,12,Belgian Grand Prix,13,Fernando Alonso,6,4,4,2.195,115.0,142.0,6.0
2014,12,Belgian Grand Prix,13,Kimi Räikkönen,6,8,8,3.055,27.0,142.0,12.0
2014,12,Belgian Grand Prix,13,Felipe Massa,3,9,9,2.812,40.0,135.0,0.0
2014,12,Belgian Grand Prix,13,Adrian Sutil,15,14,14,4.647,0.0,0.0,0.0
2014,12,Belgian Grand Prix,13,Jenson Button,1,10,10,3.681,60.0,97.0,8.0
2014,12,Belgian Grand Prix,13,Sebastian Vettel,9,3,3,2.126,88.0,219.0,10.0
2014,12,Belgian Grand Prix,13,Romain Grosjean,208,15,15,5.307,8.0,8.0,0.0
2014,12,Belgian Grand Prix,13,Nico Hülkenberg,10,18,18,5.676,69.0,98.0,1.0
2014,12,Belgian Grand Prix,13,Pastor Maldonado,208,17,17,5.67,0.0,8.0,0.0
2014,12,Belgian Grand Prix,13,Sergio Pérez,10,13,13,4.493,29.0,98.0,4.0
2014,12,Belgian Grand Prix,13,Daniel Ricciardo,9,5,5,2.32,131.0,219.0,25.0
2014,12,Belgian Grand Prix,13,Jean-Éric Vergne,5,12,12,4.214,11.0,17.0,0.0
2014,12,Belgian Grand Prix,13,Max Chilton,206,19,19,6.975,0.0,2.0,0.0
2014,12,Belgian Grand Prix,13,Esteban Gutiérrez,15,20,20,7.823,0.0,0.0,0.0
2014,12,Belgian Grand Prix,13,Valtteri Bottas,3,6,6,2.458,95.0,135.0,15.0
2014,12,Belgian Grand Prix,13,Jules Bianchi,206,16,16,5.46,2.0,2.0,0.0
2014,12,Belgian Grand Prix,13,Kevin Magnussen,1,7,7,3.088,37.0,97.0,0.0
2014,12,Belgian Grand Prix,13,Daniil Kvyat,5,11,11,3.786,6.0,17.0,2.0
2014,12,Belgian Grand Prix,13,André Lotterer,207,21,21,7.878,0.0,0.0,0.0
2014,12,Belgian Grand Prix,13,Marcus Ericsson,207,22,22,8.847,0.0,0.0,0.0
2014,13,Italian Grand Prix,14,Lewis Hamilton,131,1,1,0.0,191.0,411.0,25.0
2014,13,Italian Grand Prix,14,Nico Rosberg,131,2,2,0.274,220.0,411.0,18.0
2014,13,Italian Grand Prix,14,Fernando Alonso,6,7,7,1.321,121.0,160.0,0.0
2014,13,Italian Grand Prix,14,Kimi Räikkönen,6,11,12,2.001,39.0,160.0,2.0
2014,13,Italian Grand Prix,14,Felipe Massa,3,4,4,0.756,40.0,150.0,15.0
2014,13,Italian Grand Prix,14,Adrian Sutil,15,14,15,2.479,0.0,0.0,0.0
2014,13,Italian Grand Prix,14,Jenson Button,1,6,6,1.27,68.0,105.0,4.0
2014,13,Italian Grand Prix,14,Sebastian Vettel,9,8,8,1.327,98.0,254.0,8.0
2014,13,Italian Grand Prix,14,Romain Grosjean,208,17,18,3.523,8.0,8.0,0.0
2014,13,Italian Grand Prix,14,Kamui Kobayashi,207,18,19,3.562,0.0,0.0,0.0
2014,13,Italian Grand Prix,14,Nico Hülkenberg,10,13,14,2.17,70.0,103.0,0.0
2014,13,Italian Grand Prix,14,Pastor Maldonado,208,16,17,3.411,0.0,8.0,0.0
2014,13,Italian Grand Prix,14,Sergio Pérez,10,10,10,1.754,33.0,103.0,6.0
2014,13,Italian Grand Prix,14,Daniel Ricciardo,9,9,9,1.6,156.0,254.0,10.0
2014,13,Italian Grand Prix,14,Jean-Éric Vergne,5,12,13,2.031,11.0,19.0,0.0
2014,13,Italian Grand Prix,14,Max Chilton,206,20,21,4.138,0.0,2.0,0.0
2014,13,Italian Grand Prix,14,Esteban Gutiérrez,15,15,16,2.583,0.0,0.0,0.0
2014,13,Italian Grand Prix,14,Valtteri Bottas,3,3,3,0.588,110.0,150.0,12.0
2014,13,Italian Grand Prix,14,Jules Bianchi,206,19,20,3.629,2.0,2.0,0.0
2014,13,Italian Grand Prix,14,Kevin Magnussen,1,5,5,1.205,37.0,105.0,1.0
2014,13,Italian Grand Prix,14,Daniil Kvyat,5,21,11,1.961,8.0,19.0,0.0
2014,13,Italian Grand Prix,14,Marcus Ericsson,207,22,22,4.453,0.0,0.0,0.0
2014,14,Singapore Grand Prix,15,Lewis Hamilton,131,1,1,0.0,216.0,454.0,25.0
2014,14,Singapore Grand Prix,15,Nico Rosberg,131,2,2,0.007,238.0,454.0,0.0
2014,14,Singapore Grand Prix,15,Fernando Alonso,6,5,5,0.226,121.0,162.0,12.0
2014,14,Singapore Grand Prix,15,Kimi Räikkönen,6,7,7,0.489,41.0,162.0,4.0
2014,14,Singapore Grand Prix,15,Felipe Massa,3,6,6,0.319,55.0,177.0,10.0
2014,14,Singapore Grand Prix,15,Adrian Sutil,15,17,17,2.643,0.0,0.0,0.0
2014,14,Singapore Grand Prix,15,Jenson Button,1,11,11,1.262,72.0,110.0,0.0
2014,14,Singapore Grand Prix,15,Sebastian Vettel,9,4,4,0.221,106.0,272.0,18.0
2014,14,Singapore Grand Prix,15,Romain Grosjean,208,16,16,2.131,8.0,8.0,0.0
2014,14,Singapore Grand Prix,15,Kamui Kobayashi,207,20,20,4.724,0.0,0.0,0.0
2014,14,Singapore Grand Prix,15,Nico Hülkenberg,10,13,13,1.627,70.0,109.0,2.0
2014,14,Singapore Grand Prix,15,Pastor Maldonado,208,18,18,3.382,0.0,8.0,0.0
2014,14,Singapore Grand Prix,15,Sergio Pérez,10,15,15,1.894,39.0,109.0,6.0
2014,14,Singapore Grand Prix,15,Daniel Ricciardo,9,3,3,0.173,166.0,272.0,15.0
2014,14,Singapore Grand Prix,15,Jean-Éric Vergne,5,12,12,1.308,11.0,19.0,8.0
2014,14,Singapore Grand Prix,15,Max Chilton,206,21,21,4.792,0.0,2.0,0.0
2014,14,Singapore Grand Prix,15,Esteban Gutiérrez,15,14,14,1.652,0.0,0.0,0.0
2014,14,Singapore Grand Prix,15,Valtteri Bottas,3,8,8,0.506,122.0,177.0,0.0
2014,14,Singapore Grand Prix,15,Jules Bianchi,206,19,19,3.759,2.0,2.0,0.0
2014,14,Singapore Grand Prix,15,Kevin Magnussen,1,9,9,0.569,38.0,110.0,1.0
2014,14,Singapore Grand Prix,15,Daniil Kvyat,5,10,10,1.245,8.0,19.0,0.0
2014,14,Singapore Grand Prix,15,Marcus Ericsson,207,22,22,6.606,0.0,0.0,0.0
2014,15,Japanese Grand Prix,22,Lewis Hamilton,131,2,2,0.197,241.0,479.0,25.0
2014,15,Japanese Grand Prix,22,Nico Rosberg,131,1,1,0.0,238.0,479.0,18.0
2014,15,Japanese Grand Prix,22,Fernando Alonso,6,5,5,1.169,133.0,178.0,0.0
2014,15,Japanese Grand Prix,22,Kimi Räikkönen,6,10,10,2.042,45.0,178.0,0.0
2014,15,Japanese Grand Prix,22,Felipe Massa,3,4,4,1.021,65.0,187.0,6.0
2014,15,Japanese Grand Prix,22,Adrian Sutil,15,14,15,2.858,0.0,0.0,0.0
2014,15,Japanese Grand Prix,22,Jenson Button,1,8,8,1.811,72.0,111.0,10.0
2014,15,Japanese Grand Prix,22,Sebastian Vettel,9,9,9,1.926,124.0,305.0,15.0
2014,15,Japanese Grand Prix,22,Romain Grosjean,208,16,18,3.478,8.0,8.0,0.0
2014,15,Japanese Grand Prix,22,Kamui Kobayashi,207,19,21,4.509,0.0,0.0,0.0
2014,15,Japanese Grand Prix,22,Nico Hülkenberg,10,13,14,2.494,72.0,117.0,4.0
2014,15,Japanese Grand Prix,22,Pastor Maldonado,208,22,17,3.411,0.0,8.0,0.0
2014,15,Japanese Grand Prix,22,Sergio Pérez,10,11,12,2.583,45.0,117.0,1.0
2014,15,Japanese Grand Prix,22,Daniel Ricciardo,9,6,6,1.569,181.0,305.0,12.0
2014,15,Japanese Grand Prix,22,Jean-Éric Vergne,5,20,11,2.478,19.0,27.0,2.0
2014,15,Japanese Grand Prix,22,Max Chilton,206,21,22,4.975,0.0,2.0,0.0
2014,15,Japanese Grand Prix,22,Esteban Gutiérrez,15,15,16,2.802,0.0,0.0,0.0
2014,15,Japanese Grand Prix,22,Valtteri Bottas,3,3,3,0.622,122.0,187.0,8.0
2014,15,Japanese Grand Prix,22,Jules Bianchi,206,18,20,4.437,2.0,2.0,0.0
2014,15,Japanese Grand Prix,22,Kevin Magnussen,1,7,7,1.723,39.0,111.0,0.0
2014,15,Japanese Grand Prix,22,Daniil Kvyat,5,12,13,2.586,8.0,27.0,0.0
2014,15,Japanese Grand Prix,22,Marcus Ericsson,207,17,19,4.307,0.0,0.0,0.0
2014,16,Russian Grand Prix,71,Lewis Hamilton,131,1,1,0.0,266.0,522.0,25.0
2014,16,Russian Grand Prix,71,Nico Rosberg,131,2,2,0.268,256.0,522.0,18.0
2014,16,Russian Grand Prix,71,Fernando Alonso,6,7,8,1.371,133.0,178.0,8.0
2014,16,Russian Grand Prix,71,Kimi Räikkönen,6,8,9,1.433,45.0,178.0,2.0
2014,16,Russian Grand Prix,71,Felipe Massa,3,18,18,4.726,71.0,201.0,0.0
2014,16,Russian Grand Prix,71,Adrian Sutil,15,14,15,2.428,0.0,0.0,0.0
2014,16,Russian Grand Prix,71,Jenson Button,1,4,4,0.783,82.0,121.0,12.0
2014,16,Russian Grand Prix,71,Sebastian Vettel,9,10,11,1.714,139.0,332.0,4.0
2014,16,Russian Grand Prix,71,Romain Grosjean,208,15,16,3.059,8.0,8.0,0.0
2014,16,Russian Grand Prix,71,Kamui Kobayashi,207,19,19,4.828,0.0,0.0,0.0
2014,16,Russian Grand Prix,71,Nico Hülkenberg,10,17,12,1.72,76.0,122.0,0.0
2014,16,Russian Grand Prix,71,Pastor Maldonado,208,21,20,4.867,0.0,8.0,0.0
2014,16,Russian Grand Prix,71,Sergio Pérez,10,12,13,1.825,46.0,122.0,1.0
2014,16,Russian Grand Prix,71,Daniel Ricciardo,9,6,7,1.297,193.0,332.0,6.0
2014,16,Russian Grand Prix,71,Jean-Éric Vergne,5,9,10,1.591,21.0,29.0,0.0
2014,16,Russian Grand Prix,71,Max Chilton,206,20,21,5.311,0.0,2.0,0.0
2014,16,Russian Grand Prix,71,Esteban Gutiérrez,15,13,14,2.198,0.0,0.0,0.0
2014,16,Russian Grand Prix,71,Valtteri Bottas,3,3,3,0.582,130.0,201.0,15.0
2014,16,Russian Grand Prix,71,Kevin Magnussen,1,11,6,0.684,39.0,121.0,10.0
2014,16,Russian Grand Prix,71,Daniil Kvyat,5,5,5,0.939,8.0,29.0,0.0
2014,16,Russian Grand Prix,71,Marcus Ericsson,207,16,17,4.31,0.0,0.0,0.0
2014,17,United States Grand Prix,69,Lewis Hamilton,131,2,2,0.376,291.0,565.0,25.0
2014,17,United States Grand Prix,69,Nico Rosberg,131,1,1,0.0,274.0,565.0,18.0
2014,17,United States Grand Prix,69,Fernando Alonso,6,6,6,1.543,141.0,188.0,8.0
2014,17,United States Grand Prix,69,Kimi Räikkönen,6,8,9,1.737,47.0,188.0,0.0
2014,17,United States Grand Prix,69,Felipe Massa,3,4,4,1.138,71.0,216.0,12.0
2014,17,United States Grand Prix,69,Adrian Sutil,15,9,10,2.311,0.0,0.0,0.0
2014,17,United States Grand Prix,69,Jenson Button,1,12,7,1.588,94.0,143.0,0.0
2014,17,United States Grand Prix,69,Sebastian Vettel,9,18,17,3.554,143.0,342.0,6.0
2014,17,United States Grand Prix,69,Romain Grosjean,208,16,18,3.612,8.0,8.0,0.0
2014,17,United States Grand Prix,69,Nico Hülkenberg,10,13,13,2.531,76.0,123.0,0.0
2014,17,United States Grand Prix,69,Pastor Maldonado,208,10,11,2.4,0.0,8.0,2.0
2014,17,United States Grand Prix,69,Sergio Pérez,10,11,12,2.487,47.0,123.0,0.0
2014,17,United States Grand Prix,69,Daniel Ricciardo,9,5,5,1.177,199.0,342.0,15.0
2014,17,United States Grand Prix,69,Jean-Éric Vergne,5,14,15,3.183,21.0,29.0,1.0
2014,17,United States Grand Prix,69,Esteban Gutiérrez,15,15,16,3.488,0.0,0.0,0.0
2014,17,United States Grand Prix,69,Valtteri Bottas,3,3,3,0.839,145.0,216.0,10.0
2014,17,United States Grand Prix,69,Kevin Magnussen,1,7,8,1.639,49.0,143.0,4.0
2014,17,United States Grand Prix,69,Daniil Kvyat,5,17,14,2.632,8.0,29.0,0.0
2014,18,Brazilian Grand Prix,18,Lewis Hamilton,131,2,2,0.033,316.0,608.0,18.0
2014,18,Brazilian Grand Prix,18,Nico Rosberg,131,1,1,0.0,292.0,608.0,25.0
2014,18,Brazilian Grand Prix,18,Fernando Alonso,6,8,8,0.954,149.0,196.0,8.0
2014,18,Brazilian Grand Prix,18,Kimi Räikkönen,6,10,10,1.076,47.0,196.0,6.0
2014,18,Brazilian Grand Prix,18,Felipe Massa,3,3,3,0.224,83.0,238.0,15.0
2014,18,Brazilian Grand Prix,18,Adrian Sutil,15,13,13,1.92,0.0,0.0,0.0
2014,18,Brazilian Grand Prix,18,Jenson Button,1,5,5,0.907,94.0,147.0,12.0
2014,18,Brazilian Grand Prix,18,Sebastian Vettel,9,6,6,0.915,149.0,363.0,10.0
2014,18,Brazilian Grand Prix,18,Romain Grosjean,208,14,15,2.014,8.0,10.0,0.0
2014,18,Brazilian Grand Prix,18,Nico Hülkenberg,10,12,12,1.825,76.0,123.0,4.0
2014,18,Brazilian Grand Prix,18,Pastor Maldonado,208,16,18,2.21,2.0,10.0,0.0
2014,18,Brazilian Grand Prix,18,Sergio Pérez,10,18,17,2.053,47.0,123.0,0.0
2014,18,Brazilian Grand Prix,18,Daniel Ricciardo,9,9,9,1.052,214.0,363.0,0.0
2014,18,Brazilian Grand Prix,18,Jean-Éric Vergne,5,15,16,2.017,22.0,30.0,0.0
2014,18,Brazilian Grand Prix,18,Esteban Gutiérrez,15,11,11,1.497,0.0,0.0,0.0
2014,18,Brazilian Grand Prix,18,Valtteri Bottas,3,4,4,0.282,155.0,238.0,1.0
2014,18,Brazilian Grand Prix,18,Kevin Magnussen,1,7,7,0.946,53.0,147.0,2.0
2014,18,Brazilian Grand Prix,18,Daniil Kvyat,5,17,14,1.4,8.0,30.0,0.0
2014,19,Abu Dhabi Grand Prix,24,Lewis Hamilton,131,2,2,0.386,334.0,651.0,50.0
2014,19,Abu Dhabi Grand Prix,24,Nico Rosberg,131,1,1,0.0,317.0,651.0,0.0
2014,19,Abu Dhabi Grand Prix,24,Fernando Alonso,6,8,8,1.46,157.0,210.0,4.0
2014,19,Abu Dhabi Grand Prix,24,Kimi Räikkönen,6,7,7,1.688,53.0,210.0,2.0
2014,19,Abu Dhabi Grand Prix,24,Felipe Massa,3,4,4,0.639,98.0,254.0,36.0
2014,19,Abu Dhabi Grand Prix,24,Adrian Sutil,15,13,13,2.266,0.0,0.0,0.0
2014,19,Abu Dhabi Grand Prix,24,Jenson Button,1,6,6,1.395,106.0,161.0,20.0
2014,19,Abu Dhabi Grand Prix,24,Sebastian Vettel,9,19,19,1.629,159.0,373.0,8.0
2014,19,Abu Dhabi Grand Prix,24,Romain Grosjean,208,18,14,2.288,8.0,10.0,0.0
2014,19,Abu Dhabi Grand Prix,24,Kamui Kobayashi,207,16,17,4.06,0.0,0.0,0.0
2014,19,Abu Dhabi Grand Prix,24,Nico Hülkenberg,10,12,12,1.904,80.0,127.0,16.0
2014,19,Abu Dhabi Grand Prix,24,Pastor Maldonado,208,15,16,2.38,2.0,10.0,0.0
2014,19,Abu Dhabi Grand Prix,24,Sergio Pérez,10,11,11,1.759,47.0,127.0,12.0
2014,19,Abu Dhabi Grand Prix,24,Daniel Ricciardo,9,20,20,1.629,214.0,373.0,24.0
2014,19,Abu Dhabi Grand Prix,24,Jean-Éric Vergne,5,10,10,1.727,22.0,30.0,0.0
2014,19,Abu Dhabi Grand Prix,24,Esteban Gutiérrez,15,14,15,2.339,0.0,0.0,0.0
2014,19,Abu Dhabi Grand Prix,24,Valtteri Bottas,3,3,3,0.545,156.0,254.0,30.0
2014,19,Abu Dhabi Grand Prix,24,Kevin Magnussen,1,9,9,1.624,55.0,161.0,0.0
2014,19,Abu Dhabi Grand Prix,24,Daniil Kvyat,5,5,5,1.428,8.0,30.0,0.0
2014,19,Abu Dhabi Grand Prix,24,Will Stevens,207,17,18,4.615,0.0,0.0,0.0
2015,1,Australian Grand Prix,1,Lewis Hamilton,131,1,1,0.0,0.0,0.0,25.0
2015,1,Australian Grand Prix,1,Nico Rosberg,131,2,2,0.594,0.0,0.0,18.0
2015,1,Australian Grand Prix,1,Kimi Räikkönen,6,5,5,1.463,0.0,0.0,0.0
2015,1,Australian Grand Prix,1,Felipe Massa,3,3,3,1.391,0.0,0.0,12.0
2015,1,Australian Grand Prix,1,Jenson Button,1,16,17,5.095,0.0,0.0,0.0
2015,1,Australian Grand Prix,1,Sebastian Vettel,6,4,4,1.415,0.0,0.0,15.0
2015,1,Australian Grand Prix,1,Romain Grosjean,208,8,9,2.233,0.0,0.0,0.0
2015,1,Australian Grand Prix,1,Nico Hülkenberg,10,13,14,2.881,0.0,0.0,6.0
2015,1,Australian Grand Prix,1,Pastor Maldonado,208,9,10,2.399,0.0,0.0,0.0
2015,1,Australian Grand Prix,1,Sergio Pérez,10,14,15,2.882,0.0,0.0,1.0
2015,1,Australian Grand Prix,1,Daniel Ricciardo,9,6,7,2.002,0.0,0.0,8.0
2015,1,Australian Grand Prix,1,Kevin Magnussen,1,17,18,5.71,0.0,0.0,0.0
2015,1,Australian Grand Prix,1,Daniil Kvyat,9,12,13,2.743,0.0,0.0,0.0
2015,1,Australian Grand Prix,1,Marcus Ericsson,15,15,16,5.049,0.0,0.0,4.0
2015,1,Australian Grand Prix,1,Max Verstappen,5,11,12,2.541,0.0,0.0,0.0
2015,1,Australian Grand Prix,1,Felipe Nasr,15,10,11,2.473,0.0,0.0,10.0
2015,1,Australian Grand Prix,1,Carlos Sainz,5,7,8,2.183,0.0,0.0,2.0
2015,2,Malaysian Grand Prix,2,Lewis Hamilton,131,1,1,0.0,25.0,43.0,18.0
2015,2,Malaysian Grand Prix,2,Nico Rosberg,131,3,3,0.105,18.0,43.0,15.0
2015,2,Malaysian Grand Prix,2,Fernando Alonso,1,18,18,2.477,0.0,0.0,0.0
2015,2,Malaysian Grand Prix,2,Kimi Räikkönen,6,11,11,1.146,0.0,15.0,12.0
2015,2,Malaysian Grand Prix,2,Felipe Massa,3,7,7,1.274,12.0,12.0,8.0
2015,2,Malaysian Grand Prix,2,Jenson Button,1,17,17,2.367,0.0,0.0,0.0
2015,2,Malaysian Grand Prix,2,Sebastian Vettel,6,2,2,0.363,15.0,15.0,25.0
2015,2,Malaysian Grand Prix,2,Romain Grosjean,208,10,8,1.034,0.0,0.0,0.0
2015,2,Malaysian Grand Prix,2,Nico Hülkenberg,10,13,13,1.561,6.0,7.0,0.0
2015,2,Malaysian Grand Prix,2,Pastor Maldonado,208,12,12,1.092,0.0,0.0,0.0
2015,2,Malaysian Grand Prix,2,Sergio Pérez,10,14,14,1.767,1.0,7.0,0.0
2015,2,Malaysian Grand Prix,2,Daniel Ricciardo,9,4,4,1.235,8.0,8.0,1.0
2015,2,Malaysian Grand Prix,2,Valtteri Bottas,3,8,9,0.98,0.0,12.0,10.0
2015,2,Malaysian Grand Prix,2,Daniil Kvyat,9,5,5,1.277,0.0,8.0,2.0
2015,2,Malaysian Grand Prix,2,Marcus Ericsson,15,9,10,1.071,4.0,14.0,0.0
2015,2,Malaysian Grand Prix,2,Max Verstappen,5,6,6,1.524,0.0,2.0,6.0
2015,2,Malaysian Grand Prix,2,Felipe Nasr,15,16,16,2.039,10.0,14.0,0.0
2015,2,Malaysian Grand Prix,2,Carlos Sainz,5,15,15,0.545,2.0,2.0,4.0
2015,2,Malaysian Grand Prix,2,Roberto Merhi,209,19,19,7.408,0.0,0.0,0.0
2015,3,Chinese Grand Prix,17,Lewis Hamilton,131,1,1,0.0,43.0,76.0,25.0
2015,3,Chinese Grand Prix,17,Nico Rosberg,131,2,2,0.046,33.0,76.0,18.0
2015,3,Chinese Grand Prix,17,Fernando Alonso,1,18,18,3.498,0.0,0.0,0.0
2015,3,Chinese Grand Prix,17,Kimi Räikkönen,6,6,6,1.327,12.0,52.0,12.0
2015,3,Chinese Grand Prix,17,Felipe Massa,3,4,4,1.172,20.0,30.0,10.0
2015,3,Chinese Grand Prix,17,Jenson Button,1,17,17,3.494,0.0,0.0,0.0
2015,3,Chinese Grand Prix,17,Sebastian Vettel,6,3,3,0.905,40.0,52.0,15.0
2015,3,Chinese Grand Prix,17,Romain Grosjean,208,8,8,2.123,0.0,0.0,6.0
2015,3,Chinese Grand Prix,17,Nico Hülkenberg,10,16,16,3.434,6.0,7.0,0.0
2015,3,Chinese Grand Prix,17,Pastor Maldonado,208,11,11,2.352,0.0,0.0,0.0
2015,3,Chinese Grand Prix,17,Sergio Pérez,10,15,15,3.121,1.0,7.0,0.0
2015,3,Chinese Grand Prix,17,Daniel Ricciardo,9,7,7,1.758,9.0,11.0,2.0
2015,3,Chinese Grand Prix,17,Valtteri Bottas,3,5,5,1.361,10.0,30.0,8.0
2015,3,Chinese Grand Prix,17,Daniil Kvyat,9,12,12,2.427,2.0,11.0,0.0
2015,3,Chinese Grand Prix,17,Marcus Ericsson,15,10,10,2.345,4.0,14.0,1.0
2015,3,Chinese Grand Prix,17,Will Stevens,209,19,19,6.309,0.0,0.0,0.0
2015,3,Chinese Grand Prix,17,Max Verstappen,5,13,13,2.605,6.0,12.0,0.0
2015,3,Chinese Grand Prix,17,Felipe Nasr,15,9,9,2.235,10.0,14.0,4.0
2015,3,Chinese Grand Prix,17,Carlos Sainz,5,14,14,2.756,6.0,12.0,0.0
2015,3,Chinese Grand Prix,17,Roberto Merhi,209,20,20,7.06,0.0,0.0,0.0
2015,4,Bahrain Grand Prix,3,Lewis Hamilton,131,1,1,0.0,68.0,119.0,25.0
2015,4,Bahrain Grand Prix,3,Nico Rosberg,131,3,3,0.558,51.0,119.0,15.0
2015,4,Bahrain Grand Prix,3,Fernando Alonso,1,14,14,2.468,0.0,0.0,0.0
2015,4,Bahrain Grand Prix,3,Kimi Räikkönen,6,4,4,0.656,24.0,79.0,18.0
2015,4,Bahrain Grand Prix,3,Felipe Massa,3,6,6,0.98,30.0,48.0,1.0
2015,4,Bahrain Grand Prix,3,Jenson Button,1,20,20,1.629,0.0,0.0,0.0
2015,4,Bahrain Grand Prix,3,Sebastian Vettel,6,2,2,0.411,55.0,79.0,10.0
2015,4,Bahrain Grand Prix,3,Romain Grosjean,208,10,10,1.552,6.0,6.0,6.0
2015,4,Bahrain Grand Prix,3,Nico Hülkenberg,10,8,8,1.879,6.0,7.0,0.0
2015,4,Bahrain Grand Prix,3,Pastor Maldonado,208,16,16,3.106,0.0,6.0,0.0
2015,4,Bahrain Grand Prix,3,Sergio Pérez,10,11,11,2.133,1.0,7.0,4.0
2015,4,Bahrain Grand Prix,3,Daniel Ricciardo,9,7,7,1.261,11.0,13.0,8.0
2015,4,Bahrain Grand Prix,3,Valtteri Bottas,3,5,5,0.81,18.0,48.0,12.0
2015,4,Bahrain Grand Prix,3,Daniil Kvyat,9,17,17,3.229,2.0,13.0,2.0
2015,4,Bahrain Grand Prix,3,Marcus Ericsson,15,13,13,2.463,5.0,19.0,0.0
2015,4,Bahrain Grand Prix,3,Will Stevens,209,18,18,6.142,0.0,0.0,0.0
2015,4,Bahrain Grand Prix,3,Max Verstappen,5,15,15,2.532,6.0,12.0,0.0
2015,4,Bahrain Grand Prix,3,Felipe Nasr,15,12,12,2.166,14.0,19.0,0.0
2015,4,Bahrain Grand Prix,3,Carlos Sainz,5,9,9,1.891,6.0,12.0,0.0
2015,4,Bahrain Grand Prix,3,Roberto Merhi,209,19,19,7.151,0.0,0.0,0.0
2015,5,Spanish Grand Prix,4,Lewis Hamilton,131,2,2,0.267,93.0,159.0,18.0
2015,5,Spanish Grand Prix,4,Nico Rosberg,131,1,1,0.0,66.0,159.0,25.0
2015,5,Spanish Grand Prix,4,Fernando Alonso,1,13,13,3.079,0.0,0.0,0.0
2015,5,Spanish Grand Prix,4,Kimi Räikkönen,6,7,7,1.335,42.0,107.0,10.0
2015,5,Spanish Grand Prix,4,Felipe Massa,3,9,9,1.466,31.0,61.0,8.0
2015,5,Spanish Grand Prix,4,Jenson Button,1,14,14,3.132,0.0,0.0,0.0
2015,5,Spanish Grand Prix,4,Sebastian Vettel,6,3,3,0.777,65.0,107.0,15.0
2015,5,Spanish Grand Prix,4,Romain Grosjean,208,11,11,2.694,12.0,12.0,4.0
2015,5,Spanish Grand Prix,4,Nico Hülkenberg,10,17,17,3.684,6.0,11.0,0.0
2015,5,Spanish Grand Prix,4,Pastor Maldonado,208,12,12,2.6,0.0,12.0,0.0
2015,5,Spanish Grand Prix,4,Sergio Pérez,10,18,18,3.761,5.0,11.0,0.0
2015,5,Spanish Grand Prix,4,Daniel Ricciardo,9,10,10,2.011,19.0,23.0,6.0
2015,5,Spanish Grand Prix,4,Valtteri Bottas,3,4,4,1.013,30.0,61.0,12.0
2015,5,Spanish Grand Prix,4,Daniil Kvyat,9,8,8,1.948,4.0,23.0,1.0
2015,5,Spanish Grand Prix,4,Marcus Ericsson,15,16,16,3.431,5.0,19.0,0.0
2015,5,Spanish Grand Prix,4,Will Stevens,209,19,19,6.519,0.0,0.0,0.0
2015,5,Spanish Grand Prix,4,Max Verstappen,5,6,6,1.568,6.0,12.0,0.0
2015,5,Spanish Grand Prix,4,Felipe Nasr,15,15,15,2.944,14.0,19.0,0.0
2015,5,Spanish Grand Prix,4,Carlos Sainz,5,5,5,1.455,6.0,12.0,2.0
2015,5,Spanish Grand Prix,4,Roberto Merhi,209,20,20,7.357,0.0,0.0,0.0
2015,6,Monaco Grand Prix,6,Lewis Hamilton,131,1,1,0.0,111.0,202.0,15.0
2015,6,Monaco Grand Prix,6,Nico Rosberg,131,2,2,0.342,91.0,202.0,25.0
2015,6,Monaco Grand Prix,6,Fernando Alonso,1,13,15,2.68,0.0,0.0,0.0
2015,6,Monaco Grand Prix,6,Kimi Räikkönen,6,6,6,1.329,52.0,132.0,8.0
2015,6,Monaco Grand Prix,6,Felipe Massa,3,12,14,2.18,39.0,81.0,0.0
2015,6,Monaco Grand Prix,6,Jenson Button,1,10,12,1.995,0.0,0.0,4.0
2015,6,Monaco Grand Prix,6,Sebastian Vettel,6,3,3,0.751,80.0,132.0,18.0
2015,6,Monaco Grand Prix,6,Romain Grosjean,208,15,11,1.909,16.0,16.0,0.0
2015,6,Monaco Grand Prix,6,Nico Hülkenberg,10,11,13,2.095,6.0,11.0,0.0
2015,6,Monaco Grand Prix,6,Pastor Maldonado,208,8,9,1.677,0.0,16.0,0.0
2015,6,Monaco Grand Prix,6,Sergio Pérez,10,7,7,1.71,5.0,11.0,6.0
2015,6,Monaco Grand Prix,6,Daniel Ricciardo,9,4,4,0.943,25.0,30.0,10.0
2015,6,Monaco Grand Prix,6,Valtteri Bottas,3,16,17,3.336,42.0,81.0,0.0
2015,6,Monaco Grand Prix,6,Daniil Kvyat,9,5,5,1.084,5.0,30.0,12.0
2015,6,Monaco Grand Prix,6,Marcus Ericsson,15,17,18,3.415,5.0,19.0,0.0
2015,6,Monaco Grand Prix,6,Will Stevens,209,18,19,5.557,0.0,0.0,0.0
2015,6,Monaco Grand Prix,6,Max Verstappen,5,9,10,1.448,6.0,14.0,0.0
2015,6,Monaco Grand Prix,6,Felipe Nasr,15,14,16,3.003,14.0,19.0,2.0
2015,6,Monaco Grand Prix,6,Roberto Merhi,209,19,20,5.806,0.0,0.0,0.0
2015,7,Canadian Grand Prix,7,Lewis Hamilton,131,1,1,0.0,126.0,242.0,25.0
2015,7,Canadian Grand Prix,7,Nico Rosberg,131,2,2,0.28,116.0,242.0,18.0
2015,7,Canadian Grand Prix,7,Fernando Alonso,1,13,14,1.883,0.0,4.0,0.0
2015,7,Canadian Grand Prix,7,Kimi Räikkönen,6,3,3,0.621,60.0,158.0,12.0
2015,7,Canadian Grand Prix,7,Felipe Massa,3,15,17,3.493,39.0,81.0,8.0
2015,7,Canadian Grand Prix,7,Jenson Button,1,20,20,1.629,4.0,4.0,0.0
2015,7,Canadian Grand Prix,7,Sebastian Vettel,6,18,16,2.951,98.0,158.0,10.0
2015,7,Canadian Grand Prix,7,Romain Grosjean,208,5,5,0.794,16.0,16.0,1.0
2015,7,Canadian Grand Prix,7,Nico Hülkenberg,10,7,7,1.221,6.0,17.0,4.0
2015,7,Canadian Grand Prix,7,Pastor Maldonado,208,6,6,0.936,0.0,16.0,6.0
2015,7,Canadian Grand Prix,7,Sergio Pérez,10,10,10,1.581,11.0,17.0,0.0
2015,7,Canadian Grand Prix,7,Daniel Ricciardo,9,9,9,1.613,35.0,52.0,0.0
2015,7,Canadian Grand Prix,7,Valtteri Bottas,3,4,4,0.709,42.0,81.0,15.0
2015,7,Canadian Grand Prix,7,Daniil Kvyat,9,8,8,1.498,17.0,52.0,2.0
2015,7,Canadian Grand Prix,7,Marcus Ericsson,15,12,13,1.869,5.0,21.0,0.0
2015,7,Canadian Grand Prix,7,Will Stevens,209,17,19,4.764,0.0,0.0,0.0
2015,7,Canadian Grand Prix,7,Max Verstappen,5,19,12,1.852,6.0,15.0,0.0
2015,7,Canadian Grand Prix,7,Felipe Nasr,15,14,15,2.227,16.0,21.0,0.0
2015,7,Canadian Grand Prix,7,Carlos Sainz,5,11,11,1.649,9.0,15.0,0.0
2015,7,Canadian Grand Prix,7,Roberto Merhi,209,16,18,4.74,0.0,0.0,0.0
2015,8,Austrian Grand Prix,70,Lewis Hamilton,131,1,1,0.0,151.0,285.0,18.0
2015,8,Austrian Grand Prix,70,Nico Rosberg,131,2,2,0.179,134.0,285.0,25.0
2015,8,Austrian Grand Prix,70,Fernando Alonso,1,19,15,2.281,0.0,4.0,0.0
2015,8,Austrian Grand Prix,70,Kimi Räikkönen,6,14,18,4.412,72.0,180.0,0.0
2015,8,Austrian Grand Prix,70,Felipe Massa,3,4,4,0.737,47.0,104.0,15.0
2015,8,Austrian Grand Prix,70,Jenson Button,1,20,17,4.177,4.0,4.0,0.0
2015,8,Austrian Grand Prix,70,Sebastian Vettel,6,3,3,0.355,108.0,180.0,12.0
2015,8,Austrian Grand Prix,70,Romain Grosjean,208,9,10,1.465,17.0,23.0,0.0
2015,8,Austrian Grand Prix,70,Nico Hülkenberg,10,5,5,0.823,10.0,21.0,8.0
2015,8,Austrian Grand Prix,70,Pastor Maldonado,208,10,11,1.919,6.0,23.0,6.0
2015,8,Austrian Grand Prix,70,Sergio Pérez,10,13,16,4.067,11.0,21.0,2.0
2015,8,Austrian Grand Prix,70,Daniel Ricciardo,9,18,14,2.027,35.0,54.0,1.0
2015,8,Austrian Grand Prix,70,Valtteri Bottas,3,6,6,0.864,57.0,104.0,10.0
2015,8,Austrian Grand Prix,70,Daniil Kvyat,9,15,8,1.239,19.0,54.0,0.0
2015,8,Austrian Grand Prix,70,Marcus Ericsson,15,11,12,1.971,5.0,21.0,0.0
2015,8,Austrian Grand Prix,70,Will Stevens,209,17,20,6.913,0.0,0.0,0.0
2015,8,Austrian Grand Prix,70,Max Verstappen,5,7,7,1.157,6.0,15.0,4.0
2015,8,Austrian Grand Prix,70,Felipe Nasr,15,8,9,1.197,16.0,21.0,0.0
2015,8,Austrian Grand Prix,70,Carlos Sainz,5,12,13,2.01,9.0,15.0,0.0
2015,8,Austrian Grand Prix,70,Roberto Merhi,209,16,19,5.616,0.0,0.0,0.0
2015,9,British Grand Prix,9,Lewis Hamilton,131,1,1,0.0,169.0,328.0,25.0
2015,9,British Grand Prix,9,Nico Rosberg,131,2,2,0.113,159.0,328.0,18.0
2015,9,British Grand Prix,9,Fernando Alonso,1,17,17,2.711,0.0,4.0,1.0
2015,9,British Grand Prix,9,Kimi Räikkönen,6,5,5,1.131,72.0,192.0,4.0
2015,9,British Grand Prix,9,Felipe Massa,3,3,3,0.837,62.0,129.0,12.0
2015,9,British Grand Prix,9,Jenson Button,1,18,18,2.959,4.0,4.0,0.0
2015,9,British Grand Prix,9,Sebastian Vettel,6,6,6,1.299,120.0,192.0,15.0
2015,9,British Grand Prix,9,Romain Grosjean,208,12,12,2.182,17.0,29.0,0.0
2015,9,British Grand Prix,9,Nico Hülkenberg,10,9,9,1.425,18.0,31.0,6.0
2015,9,British Grand Prix,9,Pastor Maldonado,208,14,14,2.263,12.0,29.0,0.0
2015,9,British Grand Prix,9,Sergio Pérez,10,11,11,2.002,13.0,31.0,2.0
2015,9,British Grand Prix,9,Daniel Ricciardo,9,10,10,1.501,36.0,55.0,0.0
2015,9,British Grand Prix,9,Valtteri Bottas,3,4,4,0.772,67.0,129.0,10.0
2015,9,British Grand Prix,9,Daniil Kvyat,9,7,7,1.272,19.0,55.0,8.0
2015,9,British Grand Prix,9,Marcus Ericsson,15,15,15,2.395,5.0,21.0,0.0
2015,9,British Grand Prix,9,Will Stevens,209,19,19,5.116,0.0,0.0,0.0
2015,9,British Grand Prix,9,Max Verstappen,5,13,13,2.254,10.0,19.0,0.0
2015,9,British Grand Prix,9,Felipe Nasr,15,16,16,2.64,16.0,21.0,0.0
2015,9,British Grand Prix,9,Carlos Sainz,5,8,8,1.401,9.0,19.0,0.0
2015,9,British Grand Prix,9,Roberto Merhi,209,20,20,7.129,0.0,0.0,0.0
2015,10,Hungarian Grand Prix,11,Lewis Hamilton,131,1,1,0.0,194.0,371.0,8.0
2015,10,Hungarian Grand Prix,11,Nico Rosberg,131,2,2,0.575,177.0,371.0,4.0
2015,10,Hungarian Grand Prix,11,Fernando Alonso,1,15,15,2.543,1.0,5.0,10.0
2015,10,Hungarian Grand Prix,11,Kimi Räikkönen,6,5,5,1.0,76.0,211.0,0.0
2015,10,Hungarian Grand Prix,11,Felipe Massa,3,8,8,1.517,74.0,151.0,0.0
2015,10,Hungarian Grand Prix,11,Jenson Button,1,16,16,2.719,4.0,5.0,2.0
2015,10,Hungarian Grand Prix,11,Sebastian Vettel,6,3,3,0.719,135.0,211.0,25.0
2015,10,Hungarian Grand Prix,11,Romain Grosjean,208,10,10,1.785,17.0,29.0,6.0
2015,10,Hungarian Grand Prix,11,Nico Hülkenberg,10,11,11,1.806,24.0,39.0,0.0
2015,10,Hungarian Grand Prix,11,Pastor Maldonado,208,14,14,1.875,12.0,29.0,0.0
2015,10,Hungarian Grand Prix,11,Sergio Pérez,10,13,13,2.424,15.0,39.0,0.0
2015,10,Hungarian Grand Prix,11,Daniel Ricciardo,9,4,4,0.754,36.0,63.0,15.0
2015,10,Hungarian Grand Prix,11,Valtteri Bottas,3,6,6,1.202,77.0,151.0,0.0
2015,10,Hungarian Grand Prix,11,Daniil Kvyat,9,7,7,1.312,27.0,63.0,18.0
2015,10,Hungarian Grand Prix,11,Marcus Ericsson,15,17,17,2.823,5.0,21.0,1.0
2015,10,Hungarian Grand Prix,11,Will Stevens,209,20,20,5.929,0.0,0.0,0.0
2015,10,Hungarian Grand Prix,11,Max Verstappen,5,9,9,1.659,10.0,19.0,12.0
2015,10,Hungarian Grand Prix,11,Felipe Nasr,15,18,18,2.977,16.0,21.0,0.0
2015,10,Hungarian Grand Prix,11,Carlos Sainz,5,12,12,1.849,9.0,19.0,0.0
2015,10,Hungarian Grand Prix,11,Roberto Merhi,209,19,19,5.396,0.0,0.0,0.0
2015,11,Belgian Grand Prix,13,Lewis Hamilton,131,1,1,0.0,202.0,383.0,25.0
2015,11,Belgian Grand Prix,13,Nico Rosberg,131,2,2,0.458,181.0,383.0,18.0
2015,11,Belgian Grand Prix,13,Fernando Alonso,1,20,18,4.223,11.0,17.0,0.0
2015,11,Belgian Grand Prix,13,Kimi Räikkönen,6,16,14,2.091,76.0,236.0,6.0
2015,11,Belgian Grand Prix,13,Felipe Massa,3,6,7,1.488,74.0,151.0,8.0
2015,11,Belgian Grand Prix,13,Jenson Button,1,19,17,3.781,6.0,17.0,0.0
2015,11,Belgian Grand Prix,13,Sebastian Vettel,6,8,9,1.564,160.0,236.0,0.0
2015,11,Belgian Grand Prix,13,Romain Grosjean,208,9,4,1.364,23.0,35.0,15.0
2015,11,Belgian Grand Prix,13,Nico Hülkenberg,10,11,11,1.924,24.0,39.0,0.0
2015,11,Belgian Grand Prix,13,Pastor Maldonado,208,7,8,1.557,12.0,35.0,0.0
2015,11,Belgian Grand Prix,13,Sergio Pérez,10,4,5,1.402,15.0,39.0,10.0
2015,11,Belgian Grand Prix,13,Daniel Ricciardo,9,5,6,1.442,51.0,96.0,0.0
2015,11,Belgian Grand Prix,13,Valtteri Bottas,3,3,3,1.34,77.0,151.0,2.0
2015,11,Belgian Grand Prix,13,Daniil Kvyat,9,12,12,2.031,45.0,96.0,12.0
2015,11,Belgian Grand Prix,13,Marcus Ericsson,15,13,13,2.326,6.0,22.0,1.0
2015,11,Belgian Grand Prix,13,Will Stevens,209,15,19,5.751,0.0,0.0,0.0
2015,11,Belgian Grand Prix,13,Max Verstappen,5,18,15,2.634,22.0,31.0,4.0
2015,11,Belgian Grand Prix,13,Felipe Nasr,15,14,16,2.755,16.0,22.0,0.0
2015,11,Belgian Grand Prix,13,Carlos Sainz,5,10,10,1.868,9.0,31.0,0.0
2015,11,Belgian Grand Prix,13,Roberto Merhi,209,17,20,5.902,0.0,0.0,0.0
2015,12,Italian Grand Prix,14,Lewis Hamilton,131,1,1,0.0,227.0,426.0,25.0
2015,12,Italian Grand Prix,14,Nico Rosberg,131,4,4,0.32,199.0,426.0,0.0
2015,12,Italian Grand Prix,14,Fernando Alonso,1,16,17,2.771,11.0,17.0,0.0
2015,12,Italian Grand Prix,14,Kimi Räikkönen,6,2,2,0.248,82.0,242.0,10.0
2015,12,Italian Grand Prix,14,Felipe Massa,3,5,5,0.557,82.0,161.0,15.0
2015,12,Italian Grand Prix,14,Jenson Button,1,15,16,2.675,6.0,17.0,0.0
2015,12,Italian Grand Prix,14,Sebastian Vettel,6,3,3,0.194,160.0,242.0,18.0
2015,12,Italian Grand Prix,14,Romain Grosjean,208,8,8,1.065,38.0,50.0,0.0
2015,12,Italian Grand Prix,14,Nico Hülkenberg,10,9,9,1.127,24.0,49.0,6.0
2015,12,Italian Grand Prix,14,Pastor Maldonado,208,10,11,1.142,12.0,50.0,0.0
2015,12,Italian Grand Prix,14,Sergio Pérez,10,7,7,0.996,25.0,49.0,8.0
2015,12,Italian Grand Prix,14,Daniel Ricciardo,9,19,15,2.25,51.0,108.0,4.0
2015,12,Italian Grand Prix,14,Valtteri Bottas,3,6,6,0.744,79.0,161.0,12.0
2015,12,Italian Grand Prix,14,Daniil Kvyat,9,18,14,2.359,57.0,108.0,1.0
2015,12,Italian Grand Prix,14,Marcus Ericsson,15,12,10,1.074,7.0,23.0,2.0
2015,12,Italian Grand Prix,14,Will Stevens,209,13,18,4.348,0.0,0.0,0.0
2015,12,Italian Grand Prix,14,Max Verstappen,5,20,20,0.0,26.0,35.0,0.0
2015,12,Italian Grand Prix,14,Felipe Nasr,15,17,12,1.515,16.0,23.0,0.0
2015,12,Italian Grand Prix,14,Carlos Sainz,5,17,13,2.027,9.0,35.0,0.0
2015,12,Italian Grand Prix,14,Roberto Merhi,209,14,19,4.529,0.0,0.0,0.0
2015,13,Singapore Grand Prix,15,Lewis Hamilton,131,5,5,1.415,252.0,451.0,0.0
2015,13,Singapore Grand Prix,15,Nico Rosberg,131,6,6,1.53,199.0,451.0,12.0
2015,13,Singapore Grand Prix,15,Fernando Alonso,1,12,12,2.443,11.0,17.0,0.0
2015,13,Singapore Grand Prix,15,Kimi Räikkönen,6,3,3,0.782,92.0,270.0,15.0
2015,13,Singapore Grand Prix,15,Felipe Massa,3,9,9,1.816,97.0,188.0,0.0
2015,13,Singapore Grand Prix,15,Jenson Button,1,15,15,2.006,6.0,17.0,0.0
2015,13,Singapore Grand Prix,15,Sebastian Vettel,6,1,1,0.0,178.0,270.0,25.0
2015,13,Singapore Grand Prix,15,Romain Grosjean,208,10,10,1.92,38.0,50.0,0.0
2015,13,Singapore Grand Prix,15,Nico Hülkenberg,10,11,11,2.42,30.0,63.0,0.0
2015,13,Singapore Grand Prix,15,Pastor Maldonado,208,18,18,3.438,12.0,50.0,0.0
2015,13,Singapore Grand Prix,15,Sergio Pérez,10,13,13,2.5,33.0,63.0,6.0
2015,13,Singapore Grand Prix,15,Daniel Ricciardo,9,2,2,0.543,55.0,113.0,18.0
2015,13,Singapore Grand Prix,15,Valtteri Bottas,3,7,7,1.791,91.0,188.0,10.0
2015,13,Singapore Grand Prix,15,Daniil Kvyat,9,4,4,0.86,58.0,113.0,8.0
2015,13,Singapore Grand Prix,15,Marcus Ericsson,15,17,17,3.203,9.0,25.0,0.0
2015,13,Singapore Grand Prix,15,Will Stevens,209,19,19,7.136,0.0,0.0,0.0
2015,13,Singapore Grand Prix,15,Max Verstappen,5,8,8,1.75,26.0,35.0,4.0
2015,13,Singapore Grand Prix,15,Felipe Nasr,15,16,16,3.08,16.0,25.0,1.0
2015,13,Singapore Grand Prix,15,Carlos Sainz,5,14,14,2.58,9.0,35.0,2.0
2015,13,Singapore Grand Prix,15,Alexander Rossi,209,20,20,7.638,0.0,0.0,0.0
2015,14,Japanese Grand Prix,22,Lewis Hamilton,131,2,2,0.076,252.0,463.0,25.0
2015,14,Japanese Grand Prix,22,Nico Rosberg,131,1,1,0.0,211.0,463.0,18.0
2015,14,Japanese Grand Prix,22,Fernando Alonso,1,12,14,2.201,11.0,17.0,0.0
2015,14,Japanese Grand Prix,22,Kimi Räikkönen,6,6,6,0.763,107.0,310.0,12.0
2015,14,Japanese Grand Prix,22,Felipe Massa,3,5,5,0.753,97.0,198.0,0.0
2015,14,Japanese Grand Prix,22,Jenson Button,1,14,16,3.08,6.0,17.0,0.0
2015,14,Japanese Grand Prix,22,Sebastian Vettel,6,4,4,0.661,203.0,310.0,15.0
2015,14,Japanese Grand Prix,22,Romain Grosjean,208,8,8,1.383,38.0,50.0,6.0
2015,14,Japanese Grand Prix,22,Nico Hülkenberg,10,13,11,1.806,30.0,69.0,8.0
2015,14,Japanese Grand Prix,22,Pastor Maldonado,208,11,13,1.913,12.0,50.0,4.0
2015,14,Japanese Grand Prix,22,Sergio Pérez,10,9,9,1.59,39.0,69.0,0.0
2015,14,Japanese Grand Prix,22,Daniel Ricciardo,9,7,7,0.913,73.0,139.0,0.0
2015,14,Japanese Grand Prix,22,Valtteri Bottas,3,3,3,0.44,101.0,198.0,10.0
2015,14,Japanese Grand Prix,22,Daniil Kvyat,9,20,10,1.617,66.0,139.0,0.0
2015,14,Japanese Grand Prix,22,Marcus Ericsson,15,15,17,3.089,9.0,26.0,0.0
2015,14,Japanese Grand Prix,22,Will Stevens,209,18,19,6.199,0.0,0.0,0.0
2015,14,Japanese Grand Prix,22,Max Verstappen,5,17,15,1.938,30.0,41.0,2.0
2015,14,Japanese Grand Prix,22,Felipe Nasr,15,16,18,3.176,17.0,26.0,0.0
2015,14,Japanese Grand Prix,22,Carlos Sainz,5,10,12,1.869,11.0,41.0,1.0
2015,14,Japanese Grand Prix,22,Alexander Rossi,209,19,20,14.53,0.0,0.0,0.0
2015,15,Russian Grand Prix,71,Lewis Hamilton,131,2,2,0.32,277.0,506.0,25.0
2015,15,Russian Grand Prix,71,Nico Rosberg,131,1,1,0.0,229.0,506.0,0.0
2015,15,Russian Grand Prix,71,Fernando Alonso,1,19,16,3.031,11.0,17.0,0.0
2015,15,Russian Grand Prix,71,Kimi Räikkönen,6,5,5,1.111,119.0,337.0,4.0
2015,15,Russian Grand Prix,71,Felipe Massa,3,15,15,1.813,97.0,208.0,12.0
2015,15,Russian Grand Prix,71,Jenson Button,1,13,13,2.626,6.0,17.0,2.0
2015,15,Russian Grand Prix,71,Sebastian Vettel,6,4,4,0.852,218.0,337.0,18.0
2015,15,Russian Grand Prix,71,Romain Grosjean,208,8,8,1.641,44.0,60.0,0.0
2015,15,Russian Grand Prix,71,Nico Hülkenberg,10,6,6,1.546,38.0,77.0,0.0
2015,15,Russian Grand Prix,71,Pastor Maldonado,208,14,14,2.611,16.0,60.0,6.0
2015,15,Russian Grand Prix,71,Sergio Pérez,10,7,7,1.578,39.0,77.0,15.0
2015,15,Russian Grand Prix,71,Daniel Ricciardo,9,10,10,1.892,73.0,139.0,0.0
2015,15,Russian Grand Prix,71,Valtteri Bottas,3,3,3,0.799,111.0,208.0,0.0
2015,15,Russian Grand Prix,71,Daniil Kvyat,9,11,11,2.101,66.0,139.0,10.0
2015,15,Russian Grand Prix,71,Marcus Ericsson,15,17,17,3.547,9.0,26.0,0.0
2015,15,Russian Grand Prix,71,Will Stevens,209,17,18,6.58,0.0,0.0,0.0
2015,15,Russian Grand Prix,71,Max Verstappen,5,9,9,1.811,32.0,44.0,1.0
2015,15,Russian Grand Prix,71,Felipe Nasr,15,12,12,2.21,17.0,26.0,8.0
2015,15,Russian Grand Prix,71,Carlos Sainz,5,20,20,1.629,12.0,44.0,0.0
2015,15,Russian Grand Prix,71,Roberto Merhi,209,18,19,6.691,0.0,0.0,0.0
2015,16,United States Grand Prix,69,Lewis Hamilton,131,2,2,0.376,302.0,531.0,25.0
2015,16,United States Grand Prix,69,Nico Rosberg,131,1,1,0.176,229.0,531.0,18.0
2015,16,United States Grand Prix,69,Fernando Alonso,1,9,11,3.209,11.0,19.0,0.0
2015,16,United States Grand Prix,69,Kimi Räikkönen,6,18,8,1.703,123.0,359.0,0.0
2015,16,United States Grand Prix,69,Felipe Massa,3,7,9,3.504,109.0,220.0,0.0
2015,16,United States Grand Prix,69,Jenson Button,1,11,14,3.766,8.0,19.0,8.0
2015,16,United States Grand Prix,69,Sebastian Vettel,6,13,5,2.101,236.0,359.0,15.0
2015,16,United States Grand Prix,69,Romain Grosjean,208,10,13,3.741,44.0,66.0,0.0
2015,16,United States Grand Prix,69,Nico Hülkenberg,10,6,7,1.83,38.0,92.0,0.0
2015,16,United States Grand Prix,69,Pastor Maldonado,208,12,15,4.349,22.0,66.0,4.0
2015,16,United States Grand Prix,69,Sergio Pérez,10,5,6,2.715,54.0,92.0,10.0
2015,16,United States Grand Prix,69,Daniel Ricciardo,9,3,3,0.0,73.0,149.0,1.0
2015,16,United States Grand Prix,69,Valtteri Bottas,3,16,12,3.074,111.0,220.0,0.0
2015,16,United States Grand Prix,69,Daniil Kvyat,9,4,4,1.145,76.0,149.0,0.0
2015,16,United States Grand Prix,69,Marcus Ericsson,15,14,16,5.717,9.0,34.0,0.0
2015,16,United States Grand Prix,69,Will Stevens,209,19,19,8.031,0.0,0.0,0.0
2015,16,United States Grand Prix,69,Max Verstappen,5,8,10,2.194,33.0,45.0,12.0
2015,16,United States Grand Prix,69,Felipe Nasr,15,15,17,6.699,25.0,34.0,2.0
2015,16,United States Grand Prix,69,Carlos Sainz,5,20,20,10.809,12.0,45.0,6.0
2015,16,United States Grand Prix,69,Alexander Rossi,209,17,18,7.681,0.0,0.0,0.0
2015,17,Mexican Grand Prix,32,Lewis Hamilton,131,2,2,0.188,327.0,574.0,18.0
2015,17,Mexican Grand Prix,32,Nico Rosberg,131,1,1,0.0,247.0,574.0,25.0
2015,17,Mexican Grand Prix,32,Fernando Alonso,1,18,16,2.299,11.0,27.0,0.0
2015,17,Mexican Grand Prix,32,Kimi Räikkönen,6,19,15,1.942,123.0,374.0,0.0
2015,17,Mexican Grand Prix,32,Felipe Massa,3,7,7,1.087,109.0,220.0,8.0
2015,17,Mexican Grand Prix,32,Jenson Button,1,20,20,0.0,16.0,27.0,0.0
2015,17,Mexican Grand Prix,32,Sebastian Vettel,6,3,3,0.37,251.0,374.0,0.0
2015,17,Mexican Grand Prix,32,Romain Grosjean,208,12,12,1.558,44.0,70.0,1.0
2015,17,Mexican Grand Prix,32,Nico Hülkenberg,10,10,10,1.308,38.0,102.0,6.0
2015,17,Mexican Grand Prix,32,Pastor Maldonado,208,13,13,1.781,26.0,70.0,0.0
2015,17,Mexican Grand Prix,32,Sergio Pérez,10,9,9,1.189,64.0,102.0,4.0
2015,17,Mexican Grand Prix,32,Daniel Ricciardo,9,5,5,0.919,74.0,150.0,10.0
2015,17,Mexican Grand Prix,32,Valtteri Bottas,3,6,6,0.968,111.0,220.0,15.0
2015,17,Mexican Grand Prix,32,Daniil Kvyat,9,4,4,0.918,76.0,150.0,12.0
2015,17,Mexican Grand Prix,32,Marcus Ericsson,15,14,14,1.819,9.0,36.0,0.0
2015,17,Mexican Grand Prix,32,Will Stevens,209,17,19,4.906,0.0,0.0,0.0
2015,17,Mexican Grand Prix,32,Max Verstappen,5,8,8,1.23,45.0,63.0,2.0
2015,17,Mexican Grand Prix,32,Felipe Nasr,15,15,17,2.308,27.0,36.0,0.0
2015,17,Mexican Grand Prix,32,Carlos Sainz,5,11,11,1.462,18.0,63.0,0.0
2015,17,Mexican Grand Prix,32,Alexander Rossi,209,16,18,4.656,0.0,0.0,0.0
2015,18,Brazilian Grand Prix,18,Lewis Hamilton,131,2,2,0.078,345.0,617.0,18.0
2015,18,Brazilian Grand Prix,18,Nico Rosberg,131,1,1,0.0,272.0,617.0,25.0
2015,18,Brazilian Grand Prix,18,Fernando Alonso,1,20,20,0.0,11.0,27.0,0.0
2015,18,Brazilian Grand Prix,18,Kimi Räikkönen,6,4,5,0.862,123.0,374.0,12.0
2015,18,Brazilian Grand Prix,18,Felipe Massa,3,8,8,1.133,117.0,243.0,0.0
2015,18,Brazilian Grand Prix,18,Jenson Button,1,16,17,2.143,16.0,27.0,0.0
2015,18,Brazilian Grand Prix,18,Sebastian Vettel,6,3,3,0.522,251.0,374.0,15.0
2015,18,Brazilian Grand Prix,18,Romain Grosjean,208,14,15,1.774,45.0,71.0,4.0
2015,18,Brazilian Grand Prix,18,Nico Hülkenberg,10,5,6,0.983,44.0,112.0,8.0
2015,18,Brazilian Grand Prix,18,Pastor Maldonado,208,15,16,2.103,26.0,71.0,1.0
2015,18,Brazilian Grand Prix,18,Sergio Pérez,10,11,13,1.858,68.0,112.0,0.0
2015,18,Brazilian Grand Prix,18,Daniel Ricciardo,9,19,9,1.135,84.0,172.0,0.0
2015,18,Brazilian Grand Prix,18,Valtteri Bottas,3,7,4,0.803,126.0,243.0,10.0
2015,18,Brazilian Grand Prix,18,Daniil Kvyat,9,6,7,1.04,88.0,172.0,6.0
2015,18,Brazilian Grand Prix,18,Marcus Ericsson,15,12,14,1.951,9.0,36.0,0.0
2015,18,Brazilian Grand Prix,18,Will Stevens,209,18,19,5.001,0.0,0.0,0.0
2015,18,Brazilian Grand Prix,18,Max Verstappen,5,9,10,1.43,47.0,65.0,2.0
2015,18,Brazilian Grand Prix,18,Felipe Nasr,15,13,11,1.707,27.0,36.0,0.0
2015,18,Brazilian Grand Prix,18,Carlos Sainz,5,10,12,1.763,18.0,65.0,0.0
2015,18,Brazilian Grand Prix,18,Alexander Rossi,209,17,18,4.869,0.0,0.0,0.0
2015,19,Abu Dhabi Grand Prix,24,Lewis Hamilton,131,2,2,0.377,363.0,660.0,18.0
2015,19,Abu Dhabi Grand Prix,24,Nico Rosberg,131,1,1,0.0,297.0,660.0,25.0
2015,19,Abu Dhabi Grand Prix,24,Fernando Alonso,1,16,17,2.95,11.0,27.0,0.0
2015,19,Abu Dhabi Grand Prix,24,Kimi Räikkönen,6,3,3,0.814,135.0,401.0,15.0
2015,19,Abu Dhabi Grand Prix,24,Felipe Massa,3,8,8,1.522,117.0,253.0,4.0
2015,19,Abu Dhabi Grand Prix,24,Jenson Button,1,12,12,2.333,16.0,27.0,0.0
2015,19,Abu Dhabi Grand Prix,24,Sebastian Vettel,6,15,16,2.704,266.0,401.0,12.0
2015,19,Abu Dhabi Grand Prix,24,Romain Grosjean,208,18,15,2.348,49.0,76.0,2.0
2015,19,Abu Dhabi Grand Prix,24,Nico Hülkenberg,10,7,7,1.449,52.0,120.0,6.0
2015,19,Abu Dhabi Grand Prix,24,Pastor Maldonado,208,13,13,2.57,27.0,76.0,0.0
2015,19,Abu Dhabi Grand Prix,24,Sergio Pérez,10,4,4,0.947,68.0,120.0,10.0
2015,19,Abu Dhabi Grand Prix,24,Daniel Ricciardo,9,5,5,1.207,84.0,178.0,8.0
2015,19,Abu Dhabi Grand Prix,24,Valtteri Bottas,3,6,6,1.419,136.0,253.0,0.0
2015,19,Abu Dhabi Grand Prix,24,Daniil Kvyat,9,9,9,1.696,94.0,178.0,1.0
2015,19,Abu Dhabi Grand Prix,24,Marcus Ericsson,15,17,18,3.601,9.0,36.0,0.0
2015,19,Abu Dhabi Grand Prix,24,Will Stevens,209,19,19,6.06,0.0,0.0,0.0
2015,19,Abu Dhabi Grand Prix,24,Max Verstappen,5,11,11,2.284,49.0,67.0,0.0
2015,19,Abu Dhabi Grand Prix,24,Felipe Nasr,15,14,14,2.659,27.0,36.0,0.0
2015,19,Abu Dhabi Grand Prix,24,Carlos Sainz,5,10,10,2.245,18.0,67.0,0.0
2015,19,Abu Dhabi Grand Prix,24,Roberto Merhi,209,20,20,7.197,0.0,0.0,0.0
2016,1,Australian Grand Prix,1,Lewis Hamilton,131,1,1,0.0,0.0,0.0,18.0
2016,1,Australian Grand Prix,1,Nico Rosberg,131,2,2,0.36,0.0,0.0,25.0
2016,1,Australian Grand Prix,1,Fernando Alonso,1,11,12,2.288,0.0,0.0,0.0
2016,1,Australian Grand Prix,1,Kimi Räikkönen,6,4,4,1.196,0.0,0.0,0.0
2016,1,Australian Grand Prix,1,Felipe Massa,3,6,6,1.621,0.0,0.0,10.0
2016,1,Australian Grand Prix,1,Jenson Button,1,12,13,2.467,0.0,0.0,0.0
2016,1,Australian Grand Prix,1,Sebastian Vettel,6,3,3,0.838,0.0,0.0,15.0
2016,1,Australian Grand Prix,1,Romain Grosjean,210,19,19,4.485,0.0,0.0,8.0
2016,1,Australian Grand Prix,1,Nico Hülkenberg,10,10,10,2.028,0.0,0.0,6.0
2016,1,Australian Grand Prix,1,Sergio Pérez,10,9,9,1.916,0.0,0.0,0.0
2016,1,Australian Grand Prix,1,Daniel Ricciardo,9,8,8,1.752,0.0,0.0,12.0
2016,1,Australian Grand Prix,1,Esteban Gutiérrez,210,20,20,5.769,0.0,0.0,0.0
2016,1,Australian Grand Prix,1,Valtteri Bottas,3,16,11,2.124,0.0,0.0,4.0
2016,1,Australian Grand Prix,1,Kevin Magnussen,4,14,15,3.46,0.0,0.0,0.0
2016,1,Australian Grand Prix,1,Daniil Kvyat,9,18,18,4.169,0.0,0.0,0.0
2016,1,Australian Grand Prix,1,Marcus Ericsson,15,15,16,3.598,0.0,0.0,0.0
2016,1,Australian Grand Prix,1,Max Verstappen,5,5,5,1.597,0.0,0.0,1.0
2016,1,Australian Grand Prix,1,Felipe Nasr,15,17,17,4.121,0.0,0.0,0.0
2016,1,Australian Grand Prix,1,Carlos Sainz,5,7,7,1.547,0.0,0.0,2.0
2016,1,Australian Grand Prix,1,Jolyon Palmer,4,13,14,3.404,0.0,0.0,0.0
2016,1,Australian Grand Prix,1,Pascal Wehrlein,209,21,22,5.805,0.0,0.0,0.0
2016,1,Australian Grand Prix,1,Rio Haryanto,209,22,21,5.79,0.0,0.0,0.0
2016,2,Bahrain Grand Prix,3,Lewis Hamilton,131,1,1,0.0,18.0,43.0,15.0
2016,2,Bahrain Grand Prix,3,Nico Rosberg,131,2,2,0.077,25.0,43.0,25.0
2016,2,Bahrain Grand Prix,3,Kimi Räikkönen,6,4,4,0.751,0.0,15.0,18.0
2016,2,Bahrain Grand Prix,3,Felipe Massa,3,7,7,1.662,10.0,14.0,4.0
2016,2,Bahrain Grand Prix,3,Jenson Button,1,14,14,2.483,0.0,0.0,0.0
2016,2,Bahrain Grand Prix,3,Sebastian Vettel,6,3,3,0.519,15.0,15.0,0.0
2016,2,Bahrain Grand Prix,3,Romain Grosjean,210,9,9,2.263,8.0,8.0,10.0
2016,2,Bahrain Grand Prix,3,Nico Hülkenberg,10,8,8,2.111,6.0,6.0,0.0
2016,2,Bahrain Grand Prix,3,Sergio Pérez,10,18,18,3.418,0.0,6.0,0.0
2016,2,Bahrain Grand Prix,3,Daniel Ricciardo,9,5,5,1.361,12.0,12.0,12.0
2016,2,Bahrain Grand Prix,3,Esteban Gutiérrez,210,13,13,2.452,0.0,8.0,0.0
2016,2,Bahrain Grand Prix,3,Valtteri Bottas,3,6,6,1.438,4.0,14.0,2.0
2016,2,Bahrain Grand Prix,3,Kevin Magnussen,4,22,19,3.688,0.0,0.0,0.0
2016,2,Bahrain Grand Prix,3,Daniil Kvyat,9,15,15,2.748,0.0,12.0,6.0
2016,2,Bahrain Grand Prix,3,Marcus Ericsson,15,17,17,3.347,0.0,0.0,0.0
2016,2,Bahrain Grand Prix,3,Max Verstappen,5,10,10,2.279,1.0,3.0,8.0
2016,2,Bahrain Grand Prix,3,Felipe Nasr,15,21,22,4.895,0.0,0.0,0.0
2016,2,Bahrain Grand Prix,3,Carlos Sainz,5,11,11,2.223,2.0,3.0,0.0
2016,2,Bahrain Grand Prix,3,Jolyon Palmer,4,19,20,3.945,0.0,0.0,0.0
2016,2,Bahrain Grand Prix,3,Pascal Wehrlein,209,16,16,3.313,0.0,0.0,0.0
2016,2,Bahrain Grand Prix,3,Rio Haryanto,209,20,21,4.697,0.0,0.0,0.0
2016,2,Bahrain Grand Prix,3,Stoffel Vandoorne,1,12,12,2.441,0.0,0.0,1.0
2016,3,Chinese Grand Prix,17,Lewis Hamilton,131,22,22,0.0,33.0,83.0,6.0
2016,3,Chinese Grand Prix,17,Nico Rosberg,131,1,1,0.0,50.0,83.0,25.0
2016,3,Chinese Grand Prix,17,Fernando Alonso,1,11,12,3.049,0.0,1.0,0.0
2016,3,Chinese Grand Prix,17,Kimi Räikkönen,6,3,3,0.57,18.0,33.0,10.0
2016,3,Chinese Grand Prix,17,Felipe Massa,3,10,11,1.945,14.0,20.0,8.0
2016,3,Chinese Grand Prix,17,Jenson Button,1,12,13,2.191,0.0,1.0,0.0
2016,3,Chinese Grand Prix,17,Sebastian Vettel,6,4,4,0.781,15.0,33.0,18.0
2016,3,Chinese Grand Prix,17,Romain Grosjean,210,14,14,3.023,18.0,18.0,0.0
2016,3,Chinese Grand Prix,17,Nico Hülkenberg,10,13,10,1.931,6.0,6.0,0.0
2016,3,Chinese Grand Prix,17,Sergio Pérez,10,7,7,1.463,0.0,6.0,0.0
2016,3,Chinese Grand Prix,17,Daniel Ricciardo,9,2,2,0.515,24.0,30.0,12.0
2016,3,Chinese Grand Prix,17,Esteban Gutiérrez,210,18,18,3.368,0.0,18.0,0.0
2016,3,Chinese Grand Prix,17,Valtteri Bottas,3,5,5,0.894,6.0,20.0,1.0
2016,3,Chinese Grand Prix,17,Kevin Magnussen,4,17,17,3.271,0.0,0.0,0.0
2016,3,Chinese Grand Prix,17,Daniil Kvyat,9,6,6,0.997,6.0,30.0,15.0
2016,3,Chinese Grand Prix,17,Marcus Ericsson,15,15,15,2.919,0.0,0.0,0.0
2016,3,Chinese Grand Prix,17,Max Verstappen,5,9,9,1.792,9.0,11.0,4.0
2016,3,Chinese Grand Prix,17,Felipe Nasr,15,16,16,3.252,0.0,0.0,0.0
2016,3,Chinese Grand Prix,17,Carlos Sainz,5,8,8,1.479,2.0,11.0,2.0
2016,3,Chinese Grand Prix,17,Jolyon Palmer,4,19,19,4.126,0.0,0.0,0.0
2016,3,Chinese Grand Prix,17,Pascal Wehrlein,209,21,21,0.0,0.0,0.0,0.0
2016,3,Chinese Grand Prix,17,Rio Haryanto,209,20,20,4.862,0.0,0.0,0.0
2016,4,Russian Grand Prix,71,Lewis Hamilton,131,10,10,0.483,39.0,114.0,18.0
2016,4,Russian Grand Prix,71,Nico Rosberg,131,1,1,0.0,75.0,114.0,25.0
2016,4,Russian Grand Prix,71,Fernando Alonso,1,14,14,2.47,0.0,1.0,8.0
2016,4,Russian Grand Prix,71,Kimi Räikkönen,6,3,4,1.326,28.0,61.0,15.0
2016,4,Russian Grand Prix,71,Felipe Massa,3,4,5,1.679,22.0,29.0,10.0
2016,4,Russian Grand Prix,71,Jenson Button,1,12,12,2.364,0.0,1.0,1.0
2016,4,Russian Grand Prix,71,Sebastian Vettel,6,7,2,0.786,33.0,61.0,0.0
2016,4,Russian Grand Prix,71,Romain Grosjean,210,15,15,2.718,18.0,18.0,4.0
2016,4,Russian Grand Prix,71,Nico Hülkenberg,10,13,13,2.434,6.0,6.0,0.0
2016,4,Russian Grand Prix,71,Sergio Pérez,10,6,7,1.875,0.0,6.0,2.0
2016,4,Russian Grand Prix,71,Daniel Ricciardo,9,5,6,1.788,36.0,57.0,0.0
2016,4,Russian Grand Prix,71,Esteban Gutiérrez,210,16,16,2.778,0.0,18.0,0.0
2016,4,Russian Grand Prix,71,Valtteri Bottas,3,2,3,1.199,7.0,29.0,12.0
2016,4,Russian Grand Prix,71,Kevin Magnussen,4,17,17,3.577,0.0,0.0,6.0
2016,4,Russian Grand Prix,71,Daniil Kvyat,9,8,8,2.122,21.0,57.0,0.0
2016,4,Russian Grand Prix,71,Marcus Ericsson,15,22,22,4.182,0.0,0.0,0.0
2016,4,Russian Grand Prix,71,Max Verstappen,5,9,9,2.173,13.0,17.0,0.0
2016,4,Russian Grand Prix,71,Felipe Nasr,15,19,19,3.681,0.0,0.0,0.0
2016,4,Russian Grand Prix,71,Carlos Sainz,5,11,11,2.315,4.0,17.0,0.0
2016,4,Russian Grand Prix,71,Jolyon Palmer,4,18,18,3.672,0.0,0.0,0.0
2016,4,Russian Grand Prix,71,Pascal Wehrlein,209,20,20,4.062,0.0,0.0,0.0
2016,4,Russian Grand Prix,71,Rio Haryanto,209,21,21,4.126,0.0,0.0,0.0
2016,5,Spanish Grand Prix,4,Lewis Hamilton,131,1,1,0.0,57.0,157.0,0.0
2016,5,Spanish Grand Prix,4,Nico Rosberg,131,2,2,0.28,100.0,157.0,0.0
2016,5,Spanish Grand Prix,4,Fernando Alonso,1,10,10,1.981,8.0,10.0,0.0
2016,5,Spanish Grand Prix,4,Kimi Räikkönen,6,5,5,1.113,43.0,76.0,18.0
2016,5,Spanish Grand Prix,4,Felipe Massa,3,18,18,2.941,32.0,51.0,4.0
2016,5,Spanish Grand Prix,4,Jenson Button,1,12,12,2.348,1.0,10.0,2.0
2016,5,Spanish Grand Prix,4,Sebastian Vettel,6,6,6,1.334,33.0,76.0,15.0
2016,5,Spanish Grand Prix,4,Romain Grosjean,210,14,14,2.48,22.0,22.0,0.0
2016,5,Spanish Grand Prix,4,Nico Hülkenberg,10,11,11,2.203,6.0,8.0,0.0
2016,5,Spanish Grand Prix,4,Sergio Pérez,10,9,9,1.782,2.0,8.0,6.0
2016,5,Spanish Grand Prix,4,Daniel Ricciardo,9,3,3,0.68,36.0,57.0,12.0
2016,5,Spanish Grand Prix,4,Esteban Gutiérrez,210,16,16,2.406,0.0,22.0,0.0
2016,5,Spanish Grand Prix,4,Valtteri Bottas,3,7,7,1.522,19.0,51.0,10.0
2016,5,Spanish Grand Prix,4,Kevin Magnussen,4,15,15,2.625,6.0,6.0,0.0
2016,5,Spanish Grand Prix,4,Daniil Kvyat,5,13,13,2.445,21.0,17.0,1.0
2016,5,Spanish Grand Prix,4,Marcus Ericsson,15,19,19,3.202,0.0,0.0,0.0
2016,5,Spanish Grand Prix,4,Max Verstappen,9,4,4,1.087,13.0,57.0,25.0
2016,5,Spanish Grand Prix,4,Felipe Nasr,15,20,20,3.579,0.0,0.0,0.0
2016,5,Spanish Grand Prix,4,Carlos Sainz,5,8,8,1.643,4.0,17.0,8.0
2016,5,Spanish Grand Prix,4,Jolyon Palmer,4,17,17,2.903,0.0,6.0,0.0
2016,5,Spanish Grand Prix,4,Pascal Wehrlein,209,21,21,3.745,0.0,0.0,0.0
2016,5,Spanish Grand Prix,4,Rio Haryanto,209,22,22,3.939,0.0,0.0,0.0
2016,6,Monaco Grand Prix,6,Lewis Hamilton,131,3,3,0.32,57.0,157.0,25.0
2016,6,Monaco Grand Prix,6,Nico Rosberg,131,2,2,0.169,100.0,157.0,6.0
2016,6,Monaco Grand Prix,6,Fernando Alonso,1,9,10,1.485,8.0,12.0,10.0
2016,6,Monaco Grand Prix,6,Kimi Räikkönen,6,11,6,1.11,61.0,109.0,0.0
2016,6,Monaco Grand Prix,6,Felipe Massa,3,14,14,1.763,36.0,65.0,1.0
2016,6,Monaco Grand Prix,6,Jenson Button,1,13,13,1.73,3.0,12.0,2.0
2016,6,Monaco Grand Prix,6,Sebastian Vettel,6,4,4,0.696,48.0,109.0,12.0
2016,6,Monaco Grand Prix,6,Romain Grosjean,210,15,15,1.843,22.0,22.0,0.0
2016,6,Monaco Grand Prix,6,Nico Hülkenberg,10,5,5,1.104,6.0,14.0,8.0
2016,6,Monaco Grand Prix,6,Sergio Pérez,10,7,8,1.28,8.0,14.0,15.0
2016,6,Monaco Grand Prix,6,Daniel Ricciardo,9,1,1,0.0,48.0,94.0,18.0
2016,6,Monaco Grand Prix,6,Esteban Gutiérrez,210,12,12,1.671,0.0,22.0,0.0
2016,6,Monaco Grand Prix,6,Valtteri Bottas,3,10,11,1.651,29.0,65.0,0.0
2016,6,Monaco Grand Prix,6,Kevin Magnussen,4,16,16,2.436,6.0,6.0,0.0
2016,6,Monaco Grand Prix,6,Daniil Kvyat,5,8,9,1.172,22.0,26.0,0.0
2016,6,Monaco Grand Prix,6,Marcus Ericsson,15,17,17,2.677,0.0,0.0,0.0
2016,6,Monaco Grand Prix,6,Carlos Sainz,5,6,7,1.127,12.0,26.0,4.0
2016,6,Monaco Grand Prix,6,Jolyon Palmer,4,18,18,2.964,0.0,6.0,0.0
2016,6,Monaco Grand Prix,6,Pascal Wehrlein,209,20,20,3.83,0.0,0.0,0.0
2016,6,Monaco Grand Prix,6,Rio Haryanto,209,19,19,3.673,0.0,0.0,0.0
2016,7,Canadian Grand Prix,7,Lewis Hamilton,131,1,1,0.0,82.0,188.0,25.0
2016,7,Canadian Grand Prix,7,Nico Rosberg,131,2,2,0.062,106.0,188.0,10.0
2016,7,Canadian Grand Prix,7,Fernando Alonso,1,10,10,1.448,18.0,24.0,0.0
2016,7,Canadian Grand Prix,7,Kimi Räikkönen,6,6,6,0.767,61.0,121.0,8.0
2016,7,Canadian Grand Prix,7,Felipe Massa,3,8,8,0.957,37.0,66.0,0.0
2016,7,Canadian Grand Prix,7,Jenson Button,1,12,12,1.625,5.0,24.0,0.0
2016,7,Canadian Grand Prix,7,Sebastian Vettel,6,3,3,0.178,60.0,121.0,18.0
2016,7,Canadian Grand Prix,7,Romain Grosjean,210,14,15,1.991,22.0,22.0,0.0
2016,7,Canadian Grand Prix,7,Nico Hülkenberg,10,9,9,1.14,14.0,37.0,4.0
2016,7,Canadian Grand Prix,7,Sergio Pérez,10,11,11,1.505,23.0,37.0,1.0
2016,7,Canadian Grand Prix,7,Daniel Ricciardo,9,4,4,0.354,66.0,112.0,6.0
2016,7,Canadian Grand Prix,7,Esteban Gutiérrez,210,13,14,1.759,0.0,22.0,0.0
2016,7,Canadian Grand Prix,7,Valtteri Bottas,3,7,7,0.858,29.0,66.0,15.0
2016,7,Canadian Grand Prix,7,Kevin Magnussen,4,22,22,1.629,6.0,6.0,0.0
2016,7,Canadian Grand Prix,7,Daniil Kvyat,5,15,13,1.645,22.0,30.0,0.0
2016,7,Canadian Grand Prix,7,Marcus Ericsson,15,21,19,2.823,0.0,0.0,0.0
2016,7,Canadian Grand Prix,7,Max Verstappen,9,5,5,0.602,38.0,112.0,12.0
2016,7,Canadian Grand Prix,7,Felipe Nasr,15,18,20,3.851,0.0,0.0,0.0
2016,7,Canadian Grand Prix,7,Carlos Sainz,5,20,16,1.902,16.0,30.0,2.0
2016,7,Canadian Grand Prix,7,Jolyon Palmer,4,16,17,2.647,0.0,6.0,0.0
2016,7,Canadian Grand Prix,7,Pascal Wehrlein,209,17,18,2.787,0.0,0.0,0.0
2016,7,Canadian Grand Prix,7,Rio Haryanto,209,19,21,4.24,0.0,0.0,0.0
2016,8,European Grand Prix,73,Lewis Hamilton,131,10,10,1.006,107.0,223.0,10.0
2016,8,European Grand Prix,73,Nico Rosberg,131,1,1,0.0,116.0,223.0,25.0
2016,8,European Grand Prix,73,Fernando Alonso,1,13,14,2.75,18.0,24.0,0.0
2016,8,European Grand Prix,73,Kimi Räikkönen,6,4,5,1.749,69.0,147.0,12.0
2016,8,European Grand Prix,73,Felipe Massa,3,5,6,1.963,37.0,81.0,1.0
2016,8,European Grand Prix,73,Jenson Button,1,19,19,3.284,5.0,24.0,0.0
2016,8,European Grand Prix,73,Sebastian Vettel,6,3,4,1.446,78.0,147.0,18.0
2016,8,European Grand Prix,73,Romain Grosjean,210,11,11,2.235,22.0,22.0,0.0
2016,8,European Grand Prix,73,Nico Hülkenberg,10,12,12,2.304,18.0,42.0,2.0
2016,8,European Grand Prix,73,Sergio Pérez,10,7,2,0.995,24.0,42.0,15.0
2016,8,European Grand Prix,73,Daniel Ricciardo,9,2,3,1.446,72.0,130.0,6.0
2016,8,European Grand Prix,73,Esteban Gutiérrez,210,14,15,2.78,0.0,22.0,0.0
2016,8,European Grand Prix,73,Valtteri Bottas,3,8,8,1.957,44.0,81.0,8.0
2016,8,European Grand Prix,73,Kevin Magnussen,4,22,21,3.828,6.0,6.0,0.0
2016,8,European Grand Prix,73,Daniil Kvyat,5,6,7,2.167,22.0,32.0,0.0
2016,8,European Grand Prix,73,Marcus Ericsson,15,20,20,3.711,0.0,0.0,0.0
2016,8,European Grand Prix,73,Max Verstappen,9,9,9,1.867,50.0,130.0,4.0
2016,8,European Grand Prix,73,Felipe Nasr,15,15,16,3.029,0.0,0.0,0.0
2016,8,European Grand Prix,73,Carlos Sainz,5,18,13,2.307,18.0,32.0,0.0
2016,8,European Grand Prix,73,Jolyon Palmer,4,21,22,3.874,0.0,6.0,0.0
2016,8,European Grand Prix,73,Pascal Wehrlein,209,17,18,3.23,0.0,0.0,0.0
2016,8,European Grand Prix,73,Rio Haryanto,209,16,17,3.145,0.0,0.0,0.0
2016,9,Austrian Grand Prix,70,Lewis Hamilton,131,1,1,0.0,117.0,258.0,25.0
2016,9,Austrian Grand Prix,70,Nico Rosberg,131,6,2,0.175,141.0,258.0,12.0
2016,9,Austrian Grand Prix,70,Fernando Alonso,1,14,14,1.443,18.0,24.0,0.0
2016,9,Austrian Grand Prix,70,Kimi Räikkönen,6,4,6,0.712,81.0,177.0,15.0
2016,9,Austrian Grand Prix,70,Jenson Button,1,3,5,1.344,5.0,24.0,8.0
2016,9,Austrian Grand Prix,70,Sebastian Vettel,6,9,4,0.374,96.0,177.0,0.0
2016,9,Austrian Grand Prix,70,Romain Grosjean,210,13,13,1.434,22.0,22.0,6.0
2016,9,Austrian Grand Prix,70,Nico Hülkenberg,10,2,3,1.029,20.0,59.0,0.0
2016,9,Austrian Grand Prix,70,Sergio Pérez,10,16,16,1.429,39.0,59.0,0.0
2016,9,Austrian Grand Prix,70,Daniel Ricciardo,9,5,7,0.612,78.0,140.0,10.0
2016,9,Austrian Grand Prix,70,Esteban Gutiérrez,210,11,11,1.35,0.0,22.0,0.0
2016,9,Austrian Grand Prix,70,Valtteri Bottas,3,7,8,0.683,52.0,90.0,2.0
2016,9,Austrian Grand Prix,70,Kevin Magnussen,4,17,17,1.713,6.0,6.0,0.0
2016,9,Austrian Grand Prix,70,Marcus Ericsson,15,18,21,2.19,0.0,0.0,0.0
2016,9,Austrian Grand Prix,70,Max Verstappen,9,8,9,0.638,54.0,140.0,18.0
2016,9,Austrian Grand Prix,70,Felipe Nasr,15,21,22,2.218,0.0,0.0,0.0
2016,9,Austrian Grand Prix,70,Carlos Sainz,5,15,15,1.39,18.0,32.0,4.0
2016,9,Austrian Grand Prix,70,Jolyon Palmer,4,19,18,1.737,0.0,6.0,0.0
2016,9,Austrian Grand Prix,70,Pascal Wehrlein,209,12,12,1.337,0.0,0.0,1.0
2016,9,Austrian Grand Prix,70,Rio Haryanto,209,20,19,1.798,0.0,0.0,0.0
2016,10,British Grand Prix,9,Lewis Hamilton,131,1,1,0.0,142.0,295.0,25.0
2016,10,British Grand Prix,9,Nico Rosberg,131,2,2,0.363,153.0,295.0,15.0
2016,10,British Grand Prix,9,Fernando Alonso,1,9,10,2.497,18.0,32.0,0.0
2016,10,British Grand Prix,9,Kimi Räikkönen,6,5,5,1.638,96.0,192.0,10.0
2016,10,British Grand Prix,9,Felipe Massa,3,12,12,2.759,38.0,92.0,0.0
2016,10,British Grand Prix,9,Jenson Button,1,17,17,3.545,13.0,32.0,0.0
2016,10,British Grand Prix,9,Sebastian Vettel,6,11,6,1.468,96.0,192.0,2.0
2016,10,British Grand Prix,9,Romain Grosjean,210,13,13,2.807,28.0,28.0,0.0
2016,10,British Grand Prix,9,Nico Hülkenberg,10,8,9,2.527,20.0,59.0,6.0
2016,10,British Grand Prix,9,Sergio Pérez,10,10,11,2.632,39.0,59.0,8.0
2016,10,British Grand Prix,9,Daniel Ricciardo,9,4,4,1.375,88.0,168.0,12.0
2016,10,British Grand Prix,9,Esteban Gutiérrez,210,14,14,2.994,0.0,28.0,0.0
2016,10,British Grand Prix,9,Valtteri Bottas,3,6,7,2.235,54.0,92.0,0.0
2016,10,British Grand Prix,9,Kevin Magnussen,4,16,16,3.486,6.0,6.0,0.0
2016,10,British Grand Prix,9,Daniil Kvyat,5,15,15,3.063,22.0,36.0,1.0
2016,10,British Grand Prix,9,Marcus Ericsson,15,22,22,1.629,0.0,0.0,0.0
2016,10,British Grand Prix,9,Max Verstappen,9,3,3,1.07,72.0,168.0,18.0
2016,10,British Grand Prix,9,Felipe Nasr,15,21,21,4.301,0.0,0.0,0.0
2016,10,British Grand Prix,9,Carlos Sainz,5,7,8,2.465,22.0,36.0,4.0
2016,10,British Grand Prix,9,Jolyon Palmer,4,18,18,3.662,0.0,6.0,0.0
2016,10,British Grand Prix,9,Pascal Wehrlein,209,20,20,3.908,1.0,1.0,0.0
2016,10,British Grand Prix,9,Rio Haryanto,209,19,19,3.855,0.0,1.0,0.0
2016,11,Hungarian Grand Prix,11,Lewis Hamilton,131,2,2,0.143,167.0,335.0,25.0
2016,11,Hungarian Grand Prix,11,Nico Rosberg,131,1,1,0.0,168.0,335.0,18.0
2016,11,Hungarian Grand Prix,11,Fernando Alonso,1,7,7,1.246,18.0,32.0,6.0
2016,11,Hungarian Grand Prix,11,Kimi Räikkönen,6,14,14,5.47,106.0,204.0,8.0
2016,11,Hungarian Grand Prix,11,Felipe Massa,3,18,18,24.034,38.0,92.0,0.0
2016,11,Hungarian Grand Prix,11,Jenson Button,1,8,8,1.632,13.0,32.0,0.0
2016,11,Hungarian Grand Prix,11,Sebastian Vettel,6,5,5,0.909,98.0,204.0,12.0
2016,11,Hungarian Grand Prix,11,Romain Grosjean,210,11,11,4.976,28.0,28.0,0.0
2016,11,Hungarian Grand Prix,11,Nico Hülkenberg,10,9,9,1.858,26.0,73.0,1.0
2016,11,Hungarian Grand Prix,11,Sergio Pérez,10,13,13,5.451,47.0,73.0,0.0
2016,11,Hungarian Grand Prix,11,Daniel Ricciardo,9,3,3,0.315,100.0,198.0,15.0
2016,11,Hungarian Grand Prix,11,Esteban Gutiérrez,210,15,15,6.224,0.0,28.0,0.0
2016,11,Hungarian Grand Prix,11,Valtteri Bottas,3,10,10,2.217,54.0,92.0,2.0
2016,11,Hungarian Grand Prix,11,Kevin Magnussen,4,19,19,24.578,6.0,6.0,0.0
2016,11,Hungarian Grand Prix,11,Daniil Kvyat,5,12,12,5.336,23.0,41.0,0.0
2016,11,Hungarian Grand Prix,11,Marcus Ericsson,15,22,20,27.019,0.0,0.0,0.0
2016,11,Hungarian Grand Prix,11,Max Verstappen,9,4,4,0.592,90.0,198.0,10.0
2016,11,Hungarian Grand Prix,11,Felipe Nasr,15,16,16,7.098,0.0,0.0,0.0
2016,11,Hungarian Grand Prix,11,Carlos Sainz,5,6,6,1.166,26.0,41.0,4.0
2016,11,Hungarian Grand Prix,11,Jolyon Palmer,4,17,17,24.0,0.0,6.0,0.0
2016,11,Hungarian Grand Prix,11,Pascal Wehrlein,209,20,21,27.378,1.0,1.0,0.0
2016,11,Hungarian Grand Prix,11,Rio Haryanto,209,21,22,30.224,0.0,1.0,0.0
2016,12,German Grand Prix,10,Lewis Hamilton,131,2,2,0.107,192.0,378.0,25.0
2016,12,German Grand Prix,10,Nico Rosberg,131,1,1,0.0,186.0,378.0,12.0
2016,12,German Grand Prix,10,Fernando Alonso,1,13,14,1.678,24.0,38.0,0.0
2016,12,German Grand Prix,10,Kimi Räikkönen,6,5,5,0.779,114.0,224.0,8.0
2016,12,German Grand Prix,10,Felipe Massa,3,10,10,1.252,38.0,94.0,0.0
2016,12,German Grand Prix,10,Jenson Button,1,12,12,1.546,13.0,38.0,4.0
2016,12,German Grand Prix,10,Sebastian Vettel,6,6,6,0.952,110.0,224.0,10.0
2016,12,German Grand Prix,10,Romain Grosjean,210,20,15,1.723,28.0,28.0,0.0
2016,12,German Grand Prix,10,Nico Hülkenberg,10,8,7,1.147,27.0,74.0,6.0
2016,12,German Grand Prix,10,Sergio Pérez,10,9,9,1.137,47.0,74.0,1.0
2016,12,German Grand Prix,10,Daniel Ricciardo,9,3,3,0.363,115.0,223.0,18.0
2016,12,German Grand Prix,10,Esteban Gutiérrez,210,11,11,1.52,0.0,28.0,0.0
2016,12,German Grand Prix,10,Valtteri Bottas,3,7,8,1.127,56.0,94.0,2.0
2016,12,German Grand Prix,10,Kevin Magnussen,4,16,17,2.353,6.0,6.0,0.0
2016,12,German Grand Prix,10,Daniil Kvyat,5,18,19,2.513,23.0,45.0,0.0
2016,12,German Grand Prix,10,Marcus Ericsson,15,22,22,2.875,0.0,0.0,0.0
2016,12,German Grand Prix,10,Max Verstappen,9,4,4,0.471,100.0,223.0,15.0
2016,12,German Grand Prix,10,Felipe Nasr,15,21,21,2.76,0.0,0.0,0.0
2016,12,German Grand Prix,10,Carlos Sainz,5,15,13,1.626,30.0,45.0,0.0
2016,12,German Grand Prix,10,Jolyon Palmer,4,14,16,2.273,0.0,6.0,0.0
2016,12,German Grand Prix,10,Pascal Wehrlein,209,17,18,2.354,1.0,1.0,0.0
2016,12,German Grand Prix,10,Rio Haryanto,209,19,20,2.614,0.0,1.0,0.0
2016,13,Belgian Grand Prix,13,Lewis Hamilton,131,21,21,3.289,217.0,415.0,15.0
2016,13,Belgian Grand Prix,13,Nico Rosberg,131,1,1,0.0,198.0,415.0,25.0
2016,13,Belgian Grand Prix,13,Fernando Alonso,1,22,22,1.629,24.0,42.0,6.0
2016,13,Belgian Grand Prix,13,Kimi Räikkönen,6,3,3,0.166,122.0,242.0,2.0
2016,13,Belgian Grand Prix,13,Felipe Massa,3,10,10,0.923,38.0,96.0,1.0
2016,13,Belgian Grand Prix,13,Jenson Button,1,9,9,1.307,17.0,42.0,0.0
2016,13,Belgian Grand Prix,13,Sebastian Vettel,6,4,4,0.364,120.0,242.0,8.0
2016,13,Belgian Grand Prix,13,Romain Grosjean,210,11,11,1.572,28.0,28.0,0.0
2016,13,Belgian Grand Prix,13,Nico Hülkenberg,10,7,7,0.573,33.0,81.0,12.0
2016,13,Belgian Grand Prix,13,Sergio Pérez,10,6,6,0.663,48.0,81.0,10.0
2016,13,Belgian Grand Prix,13,Daniel Ricciardo,9,5,5,0.472,133.0,256.0,18.0
2016,13,Belgian Grand Prix,13,Esteban Gutiérrez,210,18,13,1.854,0.0,28.0,0.0
2016,13,Belgian Grand Prix,13,Valtteri Bottas,3,8,8,0.868,58.0,96.0,4.0
2016,13,Belgian Grand Prix,13,Kevin Magnussen,4,12,12,1.741,6.0,6.0,0.0
2016,13,Belgian Grand Prix,13,Daniil Kvyat,5,19,19,2.314,23.0,45.0,0.0
2016,13,Belgian Grand Prix,13,Marcus Ericsson,15,20,20,2.327,0.0,0.0,0.0
2016,13,Belgian Grand Prix,13,Max Verstappen,9,2,2,0.149,115.0,256.0,0.0
2016,13,Belgian Grand Prix,13,Felipe Nasr,15,16,17,2.205,0.0,0.0,0.0
2016,13,Belgian Grand Prix,13,Carlos Sainz,5,14,15,2.132,30.0,45.0,0.0
2016,13,Belgian Grand Prix,13,Jolyon Palmer,4,13,14,2.144,0.0,6.0,0.0
2016,13,Belgian Grand Prix,13,Pascal Wehrlein,209,15,16,1.81,1.0,1.0,0.0
2016,13,Belgian Grand Prix,13,Esteban Ocon,209,17,18,2.306,0.0,1.0,0.0
2016,14,Italian Grand Prix,14,Lewis Hamilton,131,1,1,0.0,232.0,455.0,18.0
2016,14,Italian Grand Prix,14,Nico Rosberg,131,2,2,0.478,223.0,455.0,25.0
2016,14,Italian Grand Prix,14,Fernando Alonso,1,12,13,2.138,30.0,48.0,0.0
2016,14,Italian Grand Prix,14,Kimi Räikkönen,6,4,4,0.93,124.0,252.0,12.0
2016,14,Italian Grand Prix,14,Felipe Massa,3,11,11,1.832,39.0,101.0,2.0
2016,14,Italian Grand Prix,14,Jenson Button,1,14,15,2.264,17.0,48.0,0.0
2016,14,Italian Grand Prix,14,Sebastian Vettel,6,3,3,0.837,128.0,252.0,15.0
2016,14,Italian Grand Prix,14,Romain Grosjean,210,17,12,1.957,28.0,28.0,0.0
2016,14,Italian Grand Prix,14,Nico Hülkenberg,10,9,9,1.701,45.0,103.0,1.0
2016,14,Italian Grand Prix,14,Sergio Pérez,10,8,8,1.679,58.0,103.0,4.0
2016,14,Italian Grand Prix,14,Daniel Ricciardo,9,6,6,1.254,151.0,274.0,10.0
2016,14,Italian Grand Prix,14,Esteban Gutiérrez,210,10,10,1.721,0.0,28.0,0.0
2016,14,Italian Grand Prix,14,Valtteri Bottas,3,5,5,1.253,62.0,101.0,8.0
2016,14,Italian Grand Prix,14,Kevin Magnussen,4,21,21,3.301,6.0,6.0,0.0
2016,14,Italian Grand Prix,14,Daniil Kvyat,5,16,17,2.69,23.0,45.0,0.0
2016,14,Italian Grand Prix,14,Marcus Ericsson,15,19,19,2.952,0.0,0.0,0.0
2016,14,Italian Grand Prix,14,Max Verstappen,9,7,7,1.276,115.0,274.0,6.0
2016,14,Italian Grand Prix,14,Felipe Nasr,15,18,18,2.821,0.0,0.0,0.0
2016,14,Italian Grand Prix,14,Carlos Sainz,5,15,16,2.361,30.0,45.0,0.0
2016,14,Italian Grand Prix,14,Jolyon Palmer,4,20,20,3.095,0.0,6.0,0.0
2016,14,Italian Grand Prix,14,Pascal Wehrlein,209,13,14,2.18,1.0,1.0,0.0
2016,14,Italian Grand Prix,14,Esteban Ocon,209,22,22,1.629,0.0,1.0,0.0
2016,15,Singapore Grand Prix,15,Lewis Hamilton,131,3,3,0.704,250.0,498.0,15.0
2016,15,Singapore Grand Prix,15,Nico Rosberg,131,1,1,0.0,248.0,498.0,25.0
2016,15,Singapore Grand Prix,15,Fernando Alonso,1,9,9,1.969,30.0,48.0,6.0
2016,15,Singapore Grand Prix,15,Kimi Räikkönen,6,5,5,0.956,136.0,279.0,12.0
2016,15,Singapore Grand Prix,15,Felipe Massa,3,11,12,2.407,41.0,111.0,0.0
2016,15,Singapore Grand Prix,15,Jenson Button,1,12,13,2.56,17.0,48.0,0.0
2016,15,Singapore Grand Prix,15,Sebastian Vettel,6,22,22,6.532,143.0,279.0,10.0
2016,15,Singapore Grand Prix,15,Romain Grosjean,210,20,15,3.025,28.0,28.0,0.0
2016,15,Singapore Grand Prix,15,Nico Hülkenberg,10,8,8,1.895,46.0,108.0,0.0
2016,15,Singapore Grand Prix,15,Sergio Pérez,10,17,10,1.998,62.0,108.0,4.0
2016,15,Singapore Grand Prix,15,Daniel Ricciardo,9,2,2,0.531,161.0,290.0,18.0
2016,15,Singapore Grand Prix,15,Esteban Gutiérrez,210,13,14,2.881,0.0,28.0,0.0
2016,15,Singapore Grand Prix,15,Valtteri Bottas,3,10,11,2.156,70.0,111.0,0.0
2016,15,Singapore Grand Prix,15,Kevin Magnussen,4,15,17,4.241,6.0,6.0,1.0
2016,15,Singapore Grand Prix,15,Daniil Kvyat,5,7,7,1.885,23.0,45.0,2.0
2016,15,Singapore Grand Prix,15,Marcus Ericsson,15,14,16,3.843,0.0,0.0,0.0
2016,15,Singapore Grand Prix,15,Max Verstappen,9,4,4,0.744,121.0,290.0,8.0
2016,15,Singapore Grand Prix,15,Felipe Nasr,15,16,18,4.276,0.0,0.0,0.0
2016,15,Singapore Grand Prix,15,Carlos Sainz,5,6,6,1.613,30.0,45.0,0.0
2016,15,Singapore Grand Prix,15,Jolyon Palmer,4,18,19,4.376,0.0,6.0,0.0
2016,15,Singapore Grand Prix,15,Pascal Wehrlein,209,19,20,5.083,1.0,1.0,0.0
2016,15,Singapore Grand Prix,15,Esteban Ocon,209,21,21,5.712,0.0,1.0,0.0
2016,16,Malaysian Grand Prix,2,Lewis Hamilton,131,1,1,0.0,265.0,538.0,0.0
2016,16,Malaysian Grand Prix,2,Nico Rosberg,131,2,2,0.414,273.0,538.0,15.0
2016,16,Malaysian Grand Prix,2,Fernando Alonso,1,22,22,4.305,36.0,54.0,6.0
2016,16,Malaysian Grand Prix,2,Kimi Räikkönen,6,6,6,0.782,148.0,301.0,12.0
2016,16,Malaysian Grand Prix,2,Felipe Massa,3,10,10,1.572,41.0,111.0,0.0
2016,16,Malaysian Grand Prix,2,Jenson Button,1,9,9,1.581,17.0,54.0,2.0
2016,16,Malaysian Grand Prix,2,Sebastian Vettel,6,5,5,0.734,153.0,301.0,0.0
2016,16,Malaysian Grand Prix,2,Romain Grosjean,210,12,12,2.151,28.0,28.0,0.0
2016,16,Malaysian Grand Prix,2,Nico Hülkenberg,10,8,8,1.591,46.0,112.0,4.0
2016,16,Malaysian Grand Prix,2,Sergio Pérez,10,7,7,1.469,66.0,112.0,8.0
2016,16,Malaysian Grand Prix,2,Daniel Ricciardo,9,4,4,0.617,179.0,316.0,25.0
2016,16,Malaysian Grand Prix,2,Esteban Gutiérrez,210,13,13,2.247,0.0,28.0,0.0
2016,16,Malaysian Grand Prix,2,Valtteri Bottas,3,11,11,1.727,70.0,111.0,10.0
2016,16,Malaysian Grand Prix,2,Kevin Magnussen,4,14,14,2.427,7.0,7.0,0.0
2016,16,Malaysian Grand Prix,2,Daniil Kvyat,5,15,15,2.519,25.0,47.0,0.0
2016,16,Malaysian Grand Prix,2,Marcus Ericsson,15,17,17,2.966,0.0,0.0,0.0
2016,16,Malaysian Grand Prix,2,Max Verstappen,9,3,3,0.57,129.0,316.0,18.0
2016,16,Malaysian Grand Prix,2,Felipe Nasr,15,18,18,3.099,0.0,0.0,0.0
2016,16,Malaysian Grand Prix,2,Carlos Sainz,5,16,16,2.524,30.0,47.0,0.0
2016,16,Malaysian Grand Prix,2,Jolyon Palmer,4,19,19,3.149,0.0,7.0,1.0
2016,16,Malaysian Grand Prix,2,Pascal Wehrlein,209,21,21,3.737,1.0,1.0,0.0
2016,16,Malaysian Grand Prix,2,Esteban Ocon,209,20,20,3.601,0.0,1.0,0.0
2016,17,Japanese Grand Prix,22,Lewis Hamilton,131,2,2,0.013,265.0,553.0,15.0
2016,17,Japanese Grand Prix,22,Nico Rosberg,131,1,1,0.0,288.0,553.0,25.0
2016,17,Japanese Grand Prix,22,Fernando Alonso,1,15,15,2.042,42.0,62.0,0.0
2016,17,Japanese Grand Prix,22,Kimi Räikkönen,6,8,3,0.302,160.0,313.0,10.0
2016,17,Japanese Grand Prix,22,Felipe Massa,3,12,12,1.733,41.0,121.0,2.0
2016,17,Japanese Grand Prix,22,Jenson Button,1,22,17,2.204,19.0,62.0,0.0
2016,17,Japanese Grand Prix,22,Sebastian Vettel,6,6,4,0.381,153.0,313.0,12.0
2016,17,Japanese Grand Prix,22,Romain Grosjean,210,7,8,1.314,28.0,28.0,0.0
2016,17,Japanese Grand Prix,22,Nico Hülkenberg,10,9,9,1.495,50.0,124.0,4.0
2016,17,Japanese Grand Prix,22,Sergio Pérez,10,5,7,1.314,74.0,124.0,6.0
2016,17,Japanese Grand Prix,22,Daniel Ricciardo,9,4,6,0.593,204.0,359.0,8.0
2016,17,Japanese Grand Prix,22,Esteban Gutiérrez,210,10,10,1.508,0.0,28.0,0.0
2016,17,Japanese Grand Prix,22,Valtteri Bottas,3,11,11,1.668,80.0,121.0,1.0
2016,17,Japanese Grand Prix,22,Kevin Magnussen,4,17,18,2.376,7.0,8.0,0.0
2016,17,Japanese Grand Prix,22,Daniil Kvyat,5,13,13,1.976,25.0,47.0,0.0
2016,17,Japanese Grand Prix,22,Marcus Ericsson,15,18,19,2.575,0.0,0.0,0.0
2016,17,Japanese Grand Prix,22,Max Verstappen,9,3,5,0.531,147.0,359.0,18.0
2016,17,Japanese Grand Prix,22,Felipe Nasr,15,19,20,2.685,0.0,0.0,0.0
2016,17,Japanese Grand Prix,22,Carlos Sainz,5,14,14,2.038,30.0,47.0,0.0
2016,17,Japanese Grand Prix,22,Jolyon Palmer,4,16,16,2.149,1.0,8.0,0.0
2016,17,Japanese Grand Prix,22,Pascal Wehrlein,209,21,22,2.914,1.0,1.0,0.0
2016,17,Japanese Grand Prix,22,Esteban Ocon,209,20,21,2.706,0.0,1.0,0.0
2016,18,United States Grand Prix,69,Lewis Hamilton,131,1,1,0.0,280.0,593.0,25.0
2016,18,United States Grand Prix,69,Nico Rosberg,131,2,2,0.216,313.0,593.0,18.0
2016,18,United States Grand Prix,69,Fernando Alonso,1,12,12,2.418,42.0,62.0,10.0
2016,18,United States Grand Prix,69,Kimi Räikkönen,6,5,5,1.132,170.0,335.0,0.0
2016,18,United States Grand Prix,69,Felipe Massa,3,9,9,2.215,43.0,124.0,6.0
2016,18,United States Grand Prix,69,Jenson Button,1,19,19,3.328,19.0,62.0,2.0
2016,18,United States Grand Prix,69,Sebastian Vettel,6,6,6,1.359,165.0,335.0,12.0
2016,18,United States Grand Prix,69,Romain Grosjean,210,17,17,3.309,28.0,28.0,1.0
2016,18,United States Grand Prix,69,Nico Hülkenberg,10,7,7,1.627,54.0,134.0,0.0
2016,18,United States Grand Prix,69,Sergio Pérez,10,11,11,2.346,80.0,134.0,4.0
2016,18,United States Grand Prix,69,Daniel Ricciardo,9,3,3,0.51,212.0,385.0,15.0
2016,18,United States Grand Prix,69,Esteban Gutiérrez,210,14,14,2.774,0.0,28.0,0.0
2016,18,United States Grand Prix,69,Valtteri Bottas,3,8,8,2.117,81.0,124.0,0.0
2016,18,United States Grand Prix,69,Kevin Magnussen,4,18,18,3.318,7.0,8.0,0.0
2016,18,United States Grand Prix,69,Daniil Kvyat,5,13,13,2.481,25.0,47.0,0.0
2016,18,United States Grand Prix,69,Marcus Ericsson,15,16,16,3.041,0.0,0.0,0.0
2016,18,United States Grand Prix,69,Max Verstappen,9,4,4,0.748,165.0,385.0,0.0
2016,18,United States Grand Prix,69,Felipe Nasr,15,21,21,3.584,0.0,0.0,0.0
2016,18,United States Grand Prix,69,Carlos Sainz,5,10,10,2.176,30.0,47.0,8.0
2016,18,United States Grand Prix,69,Jolyon Palmer,4,15,15,2.936,1.0,8.0,0.0
2016,18,United States Grand Prix,69,Pascal Wehrlein,209,20,20,3.549,1.0,1.0,0.0
2016,18,United States Grand Prix,69,Esteban Ocon,209,22,22,3.807,0.0,1.0,0.0
2016,19,Mexican Grand Prix,32,Lewis Hamilton,131,1,1,0.0,305.0,636.0,25.0
2016,19,Mexican Grand Prix,32,Nico Rosberg,131,2,2,0.254,331.0,636.0,18.0
2016,19,Mexican Grand Prix,32,Fernando Alonso,1,11,11,1.578,52.0,74.0,0.0
2016,19,Mexican Grand Prix,32,Kimi Räikkönen,6,6,6,0.672,170.0,347.0,8.0
2016,19,Mexican Grand Prix,32,Felipe Massa,3,9,9,1.328,49.0,130.0,2.0
2016,19,Mexican Grand Prix,32,Jenson Button,1,13,13,1.969,21.0,74.0,0.0
2016,19,Mexican Grand Prix,32,Sebastian Vettel,6,7,7,0.677,177.0,347.0,10.0
2016,19,Mexican Grand Prix,32,Romain Grosjean,210,22,21,3.212,29.0,29.0,0.0
2016,19,Mexican Grand Prix,32,Nico Hülkenberg,10,5,5,0.626,54.0,138.0,6.0
2016,19,Mexican Grand Prix,32,Sergio Pérez,10,12,12,1.583,84.0,138.0,1.0
2016,19,Mexican Grand Prix,32,Daniel Ricciardo,9,4,4,0.429,227.0,400.0,15.0
2016,19,Mexican Grand Prix,32,Esteban Gutiérrez,210,17,17,2.697,0.0,29.0,0.0
2016,19,Mexican Grand Prix,32,Valtteri Bottas,3,8,8,0.847,81.0,130.0,4.0
2016,19,Mexican Grand Prix,32,Kevin Magnussen,4,14,14,2.427,7.0,8.0,0.0
2016,19,Mexican Grand Prix,32,Daniil Kvyat,5,18,18,2.75,25.0,55.0,0.0
2016,19,Mexican Grand Prix,32,Marcus Ericsson,15,15,15,2.358,0.0,0.0,0.0
2016,19,Mexican Grand Prix,32,Max Verstappen,9,3,3,0.268,165.0,400.0,12.0
2016,19,Mexican Grand Prix,32,Felipe Nasr,15,19,19,2.988,0.0,0.0,0.0
2016,19,Mexican Grand Prix,32,Carlos Sainz,5,10,10,1.465,38.0,55.0,0.0
2016,19,Mexican Grand Prix,32,Jolyon Palmer,4,21,21,1.629,1.0,8.0,0.0
2016,19,Mexican Grand Prix,32,Pascal Wehrlein,209,16,16,2.659,1.0,1.0,0.0
2016,19,Mexican Grand Prix,32,Esteban Ocon,209,20,20,3.177,0.0,1.0,0.0
2016,20,Brazilian Grand Prix,18,Lewis Hamilton,131,1,1,0.0,330.0,679.0,25.0
2016,20,Brazilian Grand Prix,18,Nico Rosberg,131,2,2,0.102,349.0,679.0,18.0
2016,20,Brazilian Grand Prix,18,Fernando Alonso,1,10,10,1.53,52.0,74.0,1.0
2016,20,Brazilian Grand Prix,18,Kimi Räikkönen,6,3,3,0.668,178.0,365.0,0.0
2016,20,Brazilian Grand Prix,18,Felipe Massa,3,13,13,1.696,51.0,136.0,0.0
2016,20,Brazilian Grand Prix,18,Jenson Button,1,17,17,2.54,21.0,74.0,0.0
2016,20,Brazilian Grand Prix,18,Sebastian Vettel,6,5,5,0.759,187.0,365.0,10.0
2016,20,Brazilian Grand Prix,18,Romain Grosjean,210,7,7,1.201,29.0,29.0,0.0
2016,20,Brazilian Grand Prix,18,Nico Hülkenberg,10,8,8,1.368,60.0,145.0,6.0
2016,20,Brazilian Grand Prix,18,Sergio Pérez,10,9,9,1.429,85.0,145.0,12.0
2016,20,Brazilian Grand Prix,18,Daniel Ricciardo,9,6,6,0.804,242.0,427.0,4.0
2016,20,Brazilian Grand Prix,18,Esteban Gutiérrez,210,12,12,1.695,0.0,29.0,0.0
2016,20,Brazilian Grand Prix,18,Valtteri Bottas,3,11,11,1.684,85.0,136.0,0.0
2016,20,Brazilian Grand Prix,18,Kevin Magnussen,4,18,18,2.674,7.0,8.0,0.0
2016,20,Brazilian Grand Prix,18,Daniil Kvyat,5,14,14,1.99,25.0,55.0,0.0
2016,20,Brazilian Grand Prix,18,Marcus Ericsson,15,20,21,2.887,0.0,0.0,0.0
2016,20,Brazilian Grand Prix,18,Max Verstappen,9,4,4,0.749,177.0,427.0,15.0
2016,20,Brazilian Grand Prix,18,Felipe Nasr,15,21,22,2.945,0.0,0.0,2.0
2016,20,Brazilian Grand Prix,18,Carlos Sainz,5,15,15,2.184,38.0,55.0,8.0
2016,20,Brazilian Grand Prix,18,Jolyon Palmer,4,16,16,2.522,1.0,8.0,0.0
2016,20,Brazilian Grand Prix,18,Pascal Wehrlein,209,19,19,2.691,1.0,1.0,0.0
2016,20,Brazilian Grand Prix,18,Esteban Ocon,209,22,20,2.696,0.0,1.0,0.0
2016,21,Abu Dhabi Grand Prix,24,Lewis Hamilton,131,1,1,0.0,355.0,722.0,25.0
2016,21,Abu Dhabi Grand Prix,24,Nico Rosberg,131,2,2,0.303,367.0,722.0,18.0
2016,21,Abu Dhabi Grand Prix,24,Fernando Alonso,1,9,9,2.289,53.0,75.0,1.0
2016,21,Abu Dhabi Grand Prix,24,Kimi Räikkönen,6,4,4,0.849,178.0,375.0,8.0
2016,21,Abu Dhabi Grand Prix,24,Felipe Massa,3,10,10,2.103,51.0,136.0,2.0
2016,21,Abu Dhabi Grand Prix,24,Jenson Button,1,12,12,2.403,21.0,75.0,0.0
2016,21,Abu Dhabi Grand Prix,24,Sebastian Vettel,6,5,5,0.906,197.0,375.0,15.0
2016,21,Abu Dhabi Grand Prix,24,Romain Grosjean,210,14,14,2.712,29.0,29.0,0.0
2016,21,Abu Dhabi Grand Prix,24,Nico Hülkenberg,10,7,7,1.746,66.0,163.0,6.0
2016,21,Abu Dhabi Grand Prix,24,Sergio Pérez,10,8,8,1.764,97.0,163.0,4.0
2016,21,Abu Dhabi Grand Prix,24,Daniel Ricciardo,9,3,3,0.834,246.0,446.0,10.0
2016,21,Abu Dhabi Grand Prix,24,Esteban Gutiérrez,210,13,13,2.725,0.0,29.0,0.0
2016,21,Abu Dhabi Grand Prix,24,Valtteri Bottas,3,11,11,2.329,85.0,136.0,0.0
2016,21,Abu Dhabi Grand Prix,24,Kevin Magnussen,4,18,18,3.387,7.0,8.0,0.0
2016,21,Abu Dhabi Grand Prix,24,Daniil Kvyat,5,17,17,3.248,25.0,63.0,0.0
2016,21,Abu Dhabi Grand Prix,24,Marcus Ericsson,15,22,22,3.882,0.0,2.0,0.0
2016,21,Abu Dhabi Grand Prix,24,Max Verstappen,9,6,6,1.063,192.0,446.0,12.0
2016,21,Abu Dhabi Grand Prix,24,Felipe Nasr,15,19,19,3.492,2.0,2.0,0.0
2016,21,Abu Dhabi Grand Prix,24,Carlos Sainz,5,21,21,3.638,46.0,63.0,0.0
2016,21,Abu Dhabi Grand Prix,24,Jolyon Palmer,4,15,15,3.02,1.0,8.0,0.0
2016,21,Abu Dhabi Grand Prix,24,Pascal Wehrlein,209,16,16,3.131,1.0,1.0,0.0
2016,21,Abu Dhabi Grand Prix,24,Esteban Ocon,209,20,20,3.531,0.0,1.0,0.0
2017,1,Australian Grand Prix,1,Lewis Hamilton,131,1,1,0.0,0.0,0.0,18.0
2017,1,Australian Grand Prix,1,Fernando Alonso,1,12,13,3.237,0.0,0.0,0.0
2017,1,Australian Grand Prix,1,Kimi Räikkönen,6,4,4,0.845,0.0,0.0,12.0
2017,1,Australian Grand Prix,1,Felipe Massa,3,7,7,2.255,0.0,0.0,8.0
2017,1,Australian Grand Prix,1,Sebastian Vettel,6,2,2,0.268,0.0,0.0,25.0
2017,1,Australian Grand Prix,1,Romain Grosjean,210,6,6,1.886,0.0,0.0,0.0
2017,1,Australian Grand Prix,1,Nico Hülkenberg,4,11,12,2.787,0.0,0.0,0.0
2017,1,Australian Grand Prix,1,Sergio Pérez,10,10,11,2.876,0.0,0.0,6.0
2017,1,Australian Grand Prix,1,Valtteri Bottas,131,3,3,0.293,0.0,0.0,15.0
2017,1,Australian Grand Prix,1,Kevin Magnussen,210,17,17,4.659,0.0,0.0,0.0
2017,1,Australian Grand Prix,1,Daniil Kvyat,5,9,9,2.324,0.0,0.0,2.0
2017,1,Australian Grand Prix,1,Marcus Ericsson,15,14,15,4.048,0.0,0.0,0.0
2017,1,Australian Grand Prix,1,Max Verstappen,9,5,5,1.297,0.0,0.0,10.0
2017,1,Australian Grand Prix,1,Carlos Sainz,5,8,8,2.299,0.0,0.0,4.0
2017,1,Australian Grand Prix,1,Jolyon Palmer,4,19,20,6.056,0.0,0.0,0.0
2017,1,Australian Grand Prix,1,Stoffel Vandoorne,1,18,18,4.67,0.0,0.0,0.0
2017,1,Australian Grand Prix,1,Esteban Ocon,10,13,14,3.38,0.0,0.0,1.0
2017,1,Australian Grand Prix,1,Lance Stroll,3,20,19,4.955,0.0,0.0,0.0
2017,1,Australian Grand Prix,1,Antonio Giovinazzi,15,16,16,4.231,0.0,0.0,0.0
2017,2,Chinese Grand Prix,17,Lewis Hamilton,131,1,1,0.0,18.0,33.0,25.0
2017,2,Chinese Grand Prix,17,Fernando Alonso,1,13,13,2.694,0.0,0.0,0.0
2017,2,Chinese Grand Prix,17,Kimi Räikkönen,6,4,4,0.462,12.0,37.0,10.0
2017,2,Chinese Grand Prix,17,Felipe Massa,3,6,6,1.829,8.0,8.0,0.0
2017,2,Chinese Grand Prix,17,Sebastian Vettel,6,2,2,0.186,25.0,37.0,18.0
2017,2,Chinese Grand Prix,17,Romain Grosjean,210,19,17,3.545,0.0,0.0,0.0
2017,2,Chinese Grand Prix,17,Nico Hülkenberg,4,7,7,1.902,0.0,0.0,0.0
2017,2,Chinese Grand Prix,17,Sergio Pérez,10,8,8,2.028,6.0,7.0,2.0
2017,2,Chinese Grand Prix,17,Daniel Ricciardo,9,5,5,1.355,0.0,10.0,12.0
2017,2,Chinese Grand Prix,17,Valtteri Bottas,131,3,3,0.187,15.0,33.0,8.0
2017,2,Chinese Grand Prix,17,Kevin Magnussen,210,12,12,2.486,0.0,0.0,4.0
2017,2,Chinese Grand Prix,17,Daniil Kvyat,5,9,9,2.041,2.0,6.0,0.0
2017,2,Chinese Grand Prix,17,Marcus Ericsson,15,14,14,3.214,0.0,0.0,0.0
2017,2,Chinese Grand Prix,17,Max Verstappen,9,16,19,3.755,10.0,10.0,15.0
2017,2,Chinese Grand Prix,17,Carlos Sainz,5,11,11,2.472,4.0,6.0,6.0
2017,2,Chinese Grand Prix,17,Jolyon Palmer,4,20,18,3.601,0.0,0.0,0.0
2017,2,Chinese Grand Prix,17,Stoffel Vandoorne,1,15,16,3.345,0.0,0.0,0.0
2017,2,Chinese Grand Prix,17,Esteban Ocon,10,17,20,3.818,1.0,7.0,1.0
2017,2,Chinese Grand Prix,17,Lance Stroll,3,10,10,2.308,0.0,8.0,0.0
2017,2,Chinese Grand Prix,17,Antonio Giovinazzi,15,18,15,3.285,0.0,0.0,0.0
2017,3,Bahrain Grand Prix,3,Lewis Hamilton,131,2,2,0.023,43.0,66.0,18.0
2017,3,Bahrain Grand Prix,3,Fernando Alonso,1,15,15,3.285,0.0,0.0,0.0
2017,3,Bahrain Grand Prix,3,Kimi Räikkönen,6,5,5,0.798,22.0,65.0,12.0
2017,3,Bahrain Grand Prix,3,Felipe Massa,3,8,8,1.305,8.0,8.0,8.0
2017,3,Bahrain Grand Prix,3,Sebastian Vettel,6,3,3,0.478,43.0,65.0,25.0
2017,3,Bahrain Grand Prix,3,Romain Grosjean,210,9,9,1.994,0.0,4.0,4.0
2017,3,Bahrain Grand Prix,3,Nico Hülkenberg,4,7,7,1.073,0.0,0.0,2.0
2017,3,Bahrain Grand Prix,3,Sergio Pérez,10,18,18,3.549,8.0,10.0,6.0
2017,3,Bahrain Grand Prix,3,Daniel Ricciardo,9,4,4,0.776,12.0,37.0,10.0
2017,3,Bahrain Grand Prix,3,Valtteri Bottas,131,1,1,0.0,23.0,66.0,15.0
2017,3,Bahrain Grand Prix,3,Kevin Magnussen,210,20,20,4.131,4.0,4.0,0.0
2017,3,Bahrain Grand Prix,3,Daniil Kvyat,5,11,11,2.154,2.0,12.0,0.0
2017,3,Bahrain Grand Prix,3,Marcus Ericsson,15,19,19,3.774,0.0,0.0,0.0
2017,3,Bahrain Grand Prix,3,Max Verstappen,9,6,6,0.918,25.0,37.0,0.0
2017,3,Bahrain Grand Prix,3,Carlos Sainz,5,16,16,3.349,10.0,12.0,0.0
2017,3,Bahrain Grand Prix,3,Jolyon Palmer,4,10,10,2.13,0.0,0.0,0.0
2017,3,Bahrain Grand Prix,3,Pascal Wehrlein,15,13,13,2.645,0.0,0.0,0.0
2017,3,Bahrain Grand Prix,3,Stoffel Vandoorne,1,17,17,3.544,0.0,0.0,0.0
2017,3,Bahrain Grand Prix,3,Esteban Ocon,10,14,14,2.915,2.0,10.0,1.0
2017,3,Bahrain Grand Prix,3,Lance Stroll,3,12,12,2.399,0.0,8.0,0.0
2017,4,Russian Grand Prix,71,Lewis Hamilton,131,4,4,0.566,61.0,99.0,12.0
2017,4,Russian Grand Prix,71,Fernando Alonso,1,15,15,3.159,0.0,0.0,0.0
2017,4,Russian Grand Prix,71,Kimi Räikkönen,6,2,2,0.059,34.0,102.0,15.0
2017,4,Russian Grand Prix,71,Felipe Massa,3,6,6,1.855,16.0,16.0,2.0
2017,4,Russian Grand Prix,71,Sebastian Vettel,6,1,1,0.0,68.0,102.0,18.0
2017,4,Russian Grand Prix,71,Romain Grosjean,210,19,20,4.426,4.0,8.0,0.0
2017,4,Russian Grand Prix,71,Nico Hülkenberg,4,8,8,2.091,2.0,2.0,4.0
2017,4,Russian Grand Prix,71,Sergio Pérez,10,9,9,2.143,14.0,17.0,8.0
2017,4,Russian Grand Prix,71,Daniel Ricciardo,9,5,5,1.711,22.0,47.0,0.0
2017,4,Russian Grand Prix,71,Valtteri Bottas,131,3,3,0.07,38.0,99.0,25.0
2017,4,Russian Grand Prix,71,Kevin Magnussen,210,13,14,2.823,4.0,8.0,0.0
2017,4,Russian Grand Prix,71,Daniil Kvyat,5,12,13,2.774,2.0,12.0,0.0
2017,4,Russian Grand Prix,71,Marcus Ericsson,15,18,19,4.313,0.0,0.0,0.0
2017,4,Russian Grand Prix,71,Max Verstappen,9,7,7,1.967,25.0,47.0,10.0
2017,4,Russian Grand Prix,71,Carlos Sainz,5,14,11,2.633,10.0,12.0,1.0
2017,4,Russian Grand Prix,71,Jolyon Palmer,4,16,16,3.268,0.0,2.0,0.0
2017,4,Russian Grand Prix,71,Pascal Wehrlein,15,17,18,4.138,0.0,0.0,0.0
2017,4,Russian Grand Prix,71,Stoffel Vandoorne,1,20,17,3.876,0.0,0.0,0.0
2017,4,Russian Grand Prix,71,Esteban Ocon,10,10,10,2.178,3.0,17.0,6.0
2017,4,Russian Grand Prix,71,Lance Stroll,3,11,12,2.77,0.0,16.0,0.0
2017,5,Spanish Grand Prix,4,Lewis Hamilton,131,1,1,0.0,73.0,136.0,25.0
2017,5,Spanish Grand Prix,4,Fernando Alonso,1,7,7,1.899,0.0,0.0,0.0
2017,5,Spanish Grand Prix,4,Kimi Räikkönen,6,4,4,0.29,49.0,135.0,0.0
2017,5,Spanish Grand Prix,4,Felipe Massa,3,9,9,2.073,18.0,18.0,0.0
2017,5,Spanish Grand Prix,4,Sebastian Vettel,6,2,2,0.051,86.0,135.0,18.0
2017,5,Spanish Grand Prix,4,Romain Grosjean,210,14,14,2.368,4.0,8.0,1.0
2017,5,Spanish Grand Prix,4,Nico Hülkenberg,4,13,13,2.248,6.0,6.0,8.0
2017,5,Spanish Grand Prix,4,Sergio Pérez,10,8,8,1.921,22.0,31.0,12.0
2017,5,Spanish Grand Prix,4,Daniel Ricciardo,9,6,6,1.026,22.0,57.0,15.0
2017,5,Spanish Grand Prix,4,Valtteri Bottas,131,3,3,0.224,63.0,136.0,0.0
2017,5,Spanish Grand Prix,4,Kevin Magnussen,210,11,11,2.18,4.0,8.0,0.0
2017,5,Spanish Grand Prix,4,Daniil Kvyat,5,19,20,3.597,2.0,13.0,2.0
2017,5,Spanish Grand Prix,4,Marcus Ericsson,15,16,16,3.183,0.0,0.0,0.0
2017,5,Spanish Grand Prix,4,Max Verstappen,9,5,5,0.557,35.0,57.0,0.0
2017,5,Spanish Grand Prix,4,Carlos Sainz,5,12,12,2.222,11.0,13.0,6.0
2017,5,Spanish Grand Prix,4,Jolyon Palmer,4,17,17,3.252,0.0,6.0,0.0
2017,5,Spanish Grand Prix,4,Pascal Wehrlein,15,15,15,2.654,0.0,0.0,4.0
2017,5,Spanish Grand Prix,4,Stoffel Vandoorne,1,20,19,3.383,0.0,0.0,0.0
2017,5,Spanish Grand Prix,4,Esteban Ocon,10,10,10,1.999,9.0,31.0,10.0
2017,5,Spanish Grand Prix,4,Lance Stroll,3,18,18,3.262,0.0,18.0,0.0
2017,6,Monaco Grand Prix,6,Lewis Hamilton,131,13,14,1.462,98.0,161.0,6.0
2017,6,Monaco Grand Prix,6,Kimi Räikkönen,6,1,1,0.0,49.0,153.0,18.0
2017,6,Monaco Grand Prix,6,Felipe Massa,3,14,15,1.618,18.0,18.0,2.0
2017,6,Monaco Grand Prix,6,Jenson Button,1,20,9,1.275,0.0,0.0,0.0
2017,6,Monaco Grand Prix,6,Sebastian Vettel,6,2,2,0.043,104.0,153.0,25.0
2017,6,Monaco Grand Prix,6,Romain Grosjean,210,8,8,1.025,5.0,9.0,4.0
2017,6,Monaco Grand Prix,6,Nico Hülkenberg,4,10,12,1.45,14.0,14.0,0.0
2017,6,Monaco Grand Prix,6,Sergio Pérez,10,7,7,1.151,34.0,53.0,0.0
2017,6,Monaco Grand Prix,6,Daniel Ricciardo,9,5,5,0.82,37.0,72.0,15.0
2017,6,Monaco Grand Prix,6,Valtteri Bottas,131,3,3,0.045,63.0,161.0,12.0
2017,6,Monaco Grand Prix,6,Kevin Magnussen,210,11,13,1.353,4.0,9.0,1.0
2017,6,Monaco Grand Prix,6,Daniil Kvyat,5,9,11,1.338,4.0,21.0,0.0
2017,6,Monaco Grand Prix,6,Marcus Ericsson,15,19,20,3.098,0.0,4.0,0.0
2017,6,Monaco Grand Prix,6,Max Verstappen,9,4,4,0.318,35.0,72.0,10.0
2017,6,Monaco Grand Prix,6,Carlos Sainz,5,6,6,0.984,17.0,21.0,8.0
2017,6,Monaco Grand Prix,6,Jolyon Palmer,4,16,17,2.518,0.0,14.0,0.0
2017,6,Monaco Grand Prix,6,Pascal Wehrlein,15,18,19,2.981,4.0,4.0,0.0
2017,6,Monaco Grand Prix,6,Stoffel Vandoorne,1,12,10,1.071,0.0,0.0,0.0
2017,6,Monaco Grand Prix,6,Esteban Ocon,10,15,16,1.923,19.0,53.0,0.0
2017,6,Monaco Grand Prix,6,Lance Stroll,3,17,18,2.715,0.0,18.0,0.0
2017,7,Canadian Grand Prix,7,Lewis Hamilton,131,1,1,0.0,104.0,179.0,25.0
2017,7,Canadian Grand Prix,7,Fernando Alonso,1,12,12,2.21,0.0,0.0,0.0
2017,7,Canadian Grand Prix,7,Kimi Räikkönen,6,4,4,0.793,67.0,196.0,6.0
2017,7,Canadian Grand Prix,7,Felipe Massa,3,7,7,1.399,20.0,20.0,0.0
2017,7,Canadian Grand Prix,7,Sebastian Vettel,6,2,2,0.33,129.0,196.0,12.0
2017,7,Canadian Grand Prix,7,Romain Grosjean,210,14,14,2.321,9.0,14.0,1.0
2017,7,Canadian Grand Prix,7,Nico Hülkenberg,4,10,10,1.812,14.0,14.0,4.0
2017,7,Canadian Grand Prix,7,Sergio Pérez,10,8,8,1.559,34.0,53.0,10.0
2017,7,Canadian Grand Prix,7,Daniel Ricciardo,9,6,6,1.098,52.0,97.0,15.0
2017,7,Canadian Grand Prix,7,Valtteri Bottas,131,3,3,0.718,75.0,179.0,18.0
2017,7,Canadian Grand Prix,7,Kevin Magnussen,210,18,18,2.859,5.0,14.0,0.0
2017,7,Canadian Grand Prix,7,Daniil Kvyat,5,11,11,2.231,4.0,29.0,0.0
2017,7,Canadian Grand Prix,7,Marcus Ericsson,15,19,19,3.036,0.0,4.0,0.0
2017,7,Canadian Grand Prix,7,Max Verstappen,9,5,5,0.944,45.0,97.0,0.0
2017,7,Canadian Grand Prix,7,Carlos Sainz,5,13,13,2.297,25.0,29.0,0.0
2017,7,Canadian Grand Prix,7,Jolyon Palmer,4,15,15,2.531,0.0,14.0,0.0
2017,7,Canadian Grand Prix,7,Pascal Wehrlein,15,20,20,3.351,4.0,4.0,0.0
2017,7,Canadian Grand Prix,7,Stoffel Vandoorne,1,16,16,2.723,0.0,0.0,0.0
2017,7,Canadian Grand Prix,7,Esteban Ocon,10,9,9,1.676,19.0,53.0,8.0
2017,7,Canadian Grand Prix,7,Lance Stroll,3,17,17,2.75,0.0,20.0,2.0
2017,8,Azerbaijan Grand Prix,73,Lewis Hamilton,131,1,1,0.0,129.0,222.0,10.0
2017,8,Azerbaijan Grand Prix,73,Fernando Alonso,1,19,16,3.741,0.0,0.0,2.0
2017,8,Azerbaijan Grand Prix,73,Kimi Räikkönen,6,3,3,1.1,73.0,214.0,0.0
2017,8,Azerbaijan Grand Prix,73,Felipe Massa,3,9,9,2.142,20.0,22.0,0.0
2017,8,Azerbaijan Grand Prix,73,Sebastian Vettel,6,4,4,1.248,141.0,214.0,12.0
2017,8,Azerbaijan Grand Prix,73,Romain Grosjean,210,16,17,3.875,10.0,15.0,0.0
2017,8,Azerbaijan Grand Prix,73,Nico Hülkenberg,4,13,14,3.337,18.0,18.0,0.0
2017,8,Azerbaijan Grand Prix,73,Sergio Pérez,10,6,6,1.518,44.0,71.0,0.0
2017,8,Azerbaijan Grand Prix,73,Daniel Ricciardo,9,10,10,1.622,67.0,112.0,25.0
2017,8,Azerbaijan Grand Prix,73,Valtteri Bottas,131,2,2,0.434,93.0,222.0,18.0
2017,8,Azerbaijan Grand Prix,73,Kevin Magnussen,210,12,13,3.203,5.0,15.0,6.0
2017,8,Azerbaijan Grand Prix,73,Daniil Kvyat,5,11,11,2.334,4.0,29.0,0.0
2017,8,Azerbaijan Grand Prix,73,Marcus Ericsson,15,17,18,4.202,0.0,4.0,0.0
2017,8,Azerbaijan Grand Prix,73,Max Verstappen,9,5,5,1.286,45.0,112.0,0.0
2017,8,Azerbaijan Grand Prix,73,Carlos Sainz,5,15,12,2.754,25.0,29.0,4.0
2017,8,Azerbaijan Grand Prix,73,Jolyon Palmer,4,20,20,1.629,0.0,18.0,0.0
2017,8,Azerbaijan Grand Prix,73,Pascal Wehrlein,15,14,15,3.724,4.0,4.0,1.0
2017,8,Azerbaijan Grand Prix,73,Stoffel Vandoorne,1,18,19,4.437,0.0,0.0,0.0
2017,8,Azerbaijan Grand Prix,73,Esteban Ocon,10,7,7,1.593,27.0,71.0,8.0
2017,8,Azerbaijan Grand Prix,73,Lance Stroll,3,8,8,1.691,2.0,22.0,15.0
2017,9,Austrian Grand Prix,70,Lewis Hamilton,131,8,3,0.173,139.0,250.0,12.0
2017,9,Austrian Grand Prix,70,Fernando Alonso,1,12,12,1.351,2.0,2.0,0.0
2017,9,Austrian Grand Prix,70,Kimi Räikkönen,6,3,4,0.528,73.0,226.0,10.0
2017,9,Austrian Grand Prix,70,Felipe Massa,3,17,17,2.283,20.0,37.0,2.0
2017,9,Austrian Grand Prix,70,Sebastian Vettel,6,2,2,0.042,153.0,226.0,18.0
2017,9,Austrian Grand Prix,70,Romain Grosjean,210,6,7,1.068,10.0,21.0,8.0
2017,9,Austrian Grand Prix,70,Nico Hülkenberg,4,11,11,1.346,18.0,18.0,0.0
2017,9,Austrian Grand Prix,70,Sergio Pérez,10,7,8,1.184,44.0,79.0,6.0
2017,9,Austrian Grand Prix,70,Daniel Ricciardo,9,4,5,0.645,92.0,137.0,15.0
2017,9,Austrian Grand Prix,70,Valtteri Bottas,131,1,1,0.0,111.0,250.0,25.0
2017,9,Austrian Grand Prix,70,Kevin Magnussen,210,15,15,1.892,11.0,21.0,0.0
2017,9,Austrian Grand Prix,70,Daniil Kvyat,5,14,14,1.633,4.0,33.0,0.0
2017,9,Austrian Grand Prix,70,Marcus Ericsson,15,19,19,2.606,0.0,5.0,0.0
2017,9,Austrian Grand Prix,70,Max Verstappen,9,5,6,0.697,45.0,137.0,0.0
2017,9,Austrian Grand Prix,70,Carlos Sainz,5,10,10,1.293,29.0,33.0,0.0
2017,9,Austrian Grand Prix,70,Jolyon Palmer,4,16,16,2.094,0.0,18.0,0.0
2017,9,Austrian Grand Prix,70,Pascal Wehrlein,15,20,20,2.76,5.0,5.0,0.0
2017,9,Austrian Grand Prix,70,Stoffel Vandoorne,1,13,13,1.49,0.0,2.0,0.0
2017,9,Austrian Grand Prix,70,Esteban Ocon,10,9,9,1.299,35.0,79.0,4.0
2017,9,Austrian Grand Prix,70,Lance Stroll,3,18,18,2.357,17.0,37.0,1.0
2017,10,British Grand Prix,9,Lewis Hamilton,131,1,1,0.0,151.0,287.0,25.0
2017,10,British Grand Prix,9,Fernando Alonso,1,20,13,4.0,2.0,2.0,0.0
2017,10,British Grand Prix,9,Kimi Räikkönen,6,2,2,0.547,83.0,254.0,15.0
2017,10,British Grand Prix,9,Felipe Massa,3,14,15,4.882,22.0,40.0,1.0
2017,10,British Grand Prix,9,Sebastian Vettel,6,3,3,0.756,171.0,254.0,6.0
2017,10,British Grand Prix,9,Romain Grosjean,210,10,10,2.949,18.0,29.0,0.0
2017,10,British Grand Prix,9,Nico Hülkenberg,4,5,6,2.256,18.0,18.0,8.0
2017,10,British Grand Prix,9,Sergio Pérez,10,6,7,2.302,50.0,89.0,2.0
2017,10,British Grand Prix,9,Daniel Ricciardo,9,19,20,16.366,107.0,152.0,10.0
2017,10,British Grand Prix,9,Valtteri Bottas,131,9,4,0.776,136.0,287.0,18.0
2017,10,British Grand Prix,9,Kevin Magnussen,210,16,17,15.977,11.0,29.0,0.0
2017,10,British Grand Prix,9,Daniil Kvyat,5,12,12,3.755,4.0,33.0,0.0
2017,10,British Grand Prix,9,Marcus Ericsson,15,18,19,16.033,0.0,5.0,0.0
2017,10,British Grand Prix,9,Max Verstappen,9,4,5,1.53,45.0,152.0,12.0
2017,10,British Grand Prix,9,Carlos Sainz,5,13,14,4.768,29.0,33.0,0.0
2017,10,British Grand Prix,9,Jolyon Palmer,4,11,11,3.593,0.0,18.0,0.0
2017,10,British Grand Prix,9,Pascal Wehrlein,15,17,18,15.993,5.0,5.0,0.0
2017,10,British Grand Prix,9,Stoffel Vandoorne,1,8,9,2.818,0.0,2.0,0.0
2017,10,British Grand Prix,9,Esteban Ocon,10,7,8,2.474,39.0,89.0,4.0
2017,10,British Grand Prix,9,Lance Stroll,3,15,16,15.973,18.0,40.0,0.0
2017,11,Hungarian Grand Prix,11,Lewis Hamilton,131,4,4,0.417,176.0,330.0,12.0
2017,11,Hungarian Grand Prix,11,Fernando Alonso,1,7,8,1.273,2.0,2.0,8.0
2017,11,Hungarian Grand Prix,11,Kimi Räikkönen,6,2,2,0.168,98.0,275.0,18.0
2017,11,Hungarian Grand Prix,11,Sebastian Vettel,6,1,1,0.0,177.0,275.0,25.0
2017,11,Hungarian Grand Prix,11,Romain Grosjean,210,14,15,2.495,18.0,29.0,0.0
2017,11,Hungarian Grand Prix,11,Nico Hülkenberg,4,12,7,1.192,26.0,26.0,0.0
2017,11,Hungarian Grand Prix,11,Paul di Resta,3,19,19,3.592,0.0,41.0,0.0
2017,11,Hungarian Grand Prix,11,Sergio Pérez,10,13,14,2.363,52.0,95.0,4.0
2017,11,Hungarian Grand Prix,11,Daniel Ricciardo,9,6,6,0.542,117.0,174.0,0.0
2017,11,Hungarian Grand Prix,11,Valtteri Bottas,131,3,3,0.254,154.0,330.0,15.0
2017,11,Hungarian Grand Prix,11,Kevin Magnussen,210,15,16,2.819,11.0,29.0,0.0
2017,11,Hungarian Grand Prix,11,Daniil Kvyat,5,16,13,2.262,4.0,33.0,0.0
2017,11,Hungarian Grand Prix,11,Marcus Ericsson,15,20,20,3.696,0.0,5.0,0.0
2017,11,Hungarian Grand Prix,11,Max Verstappen,9,5,5,0.521,57.0,174.0,10.0
2017,11,Hungarian Grand Prix,11,Carlos Sainz,5,9,10,2.035,29.0,33.0,6.0
2017,11,Hungarian Grand Prix,11,Jolyon Palmer,4,10,11,2.139,0.0,26.0,0.0
2017,11,Hungarian Grand Prix,11,Pascal Wehrlein,15,18,18,3.563,5.0,5.0,0.0
2017,11,Hungarian Grand Prix,11,Stoffel Vandoorne,1,8,9,1.618,0.0,2.0,1.0
2017,11,Hungarian Grand Prix,11,Esteban Ocon,10,11,12,2.219,43.0,95.0,2.0
2017,11,Hungarian Grand Prix,11,Lance Stroll,3,17,17,2.826,18.0,41.0,0.0
2017,12,Belgian Grand Prix,13,Lewis Hamilton,131,1,1,0.0,188.0,357.0,25.0
2017,12,Belgian Grand Prix,13,Fernando Alonso,1,10,11,2.537,10.0,11.0,0.0
2017,12,Belgian Grand Prix,13,Kimi Räikkönen,6,4,4,0.717,116.0,318.0,12.0
2017,12,Belgian Grand Prix,13,Felipe Massa,3,16,16,3.27,23.0,41.0,4.0
2017,12,Belgian Grand Prix,13,Sebastian Vettel,6,2,2,0.242,202.0,318.0,18.0
2017,12,Belgian Grand Prix,13,Romain Grosjean,210,11,12,2.58,18.0,29.0,6.0
2017,12,Belgian Grand Prix,13,Nico Hülkenberg,4,7,7,2.429,26.0,26.0,8.0
2017,12,Belgian Grand Prix,13,Sergio Pérez,10,8,8,2.341,56.0,101.0,0.0
2017,12,Belgian Grand Prix,13,Daniel Ricciardo,9,6,6,1.31,117.0,184.0,15.0
2017,12,Belgian Grand Prix,13,Valtteri Bottas,131,3,3,0.541,169.0,357.0,10.0
2017,12,Belgian Grand Prix,13,Kevin Magnussen,210,12,13,2.847,11.0,29.0,0.0
2017,12,Belgian Grand Prix,13,Daniil Kvyat,5,19,17,3.475,4.0,39.0,0.0
2017,12,Belgian Grand Prix,13,Marcus Ericsson,15,17,19,4.661,0.0,5.0,0.0
2017,12,Belgian Grand Prix,13,Max Verstappen,9,5,5,0.827,67.0,184.0,0.0
2017,12,Belgian Grand Prix,13,Carlos Sainz,5,13,14,2.821,35.0,39.0,1.0
2017,12,Belgian Grand Prix,13,Jolyon Palmer,4,14,10,2.132,0.0,26.0,0.0
2017,12,Belgian Grand Prix,13,Pascal Wehrlein,15,18,20,5.126,5.0,5.0,0.0
2017,12,Belgian Grand Prix,13,Stoffel Vandoorne,1,20,15,2.888,1.0,11.0,0.0
2017,12,Belgian Grand Prix,13,Esteban Ocon,10,9,9,2.453,45.0,101.0,2.0
2017,12,Belgian Grand Prix,13,Lance Stroll,3,15,18,4.362,18.0,41.0,0.0
2017,13,Italian Grand Prix,14,Lewis Hamilton,131,1,1,0.0,213.0,392.0,25.0
2017,13,Italian Grand Prix,14,Fernando Alonso,1,19,13,3.542,10.0,11.0,0.0
2017,13,Italian Grand Prix,14,Kimi Räikkönen,6,5,7,2.371,128.0,348.0,10.0
2017,13,Italian Grand Prix,14,Felipe Massa,3,7,9,2.796,27.0,45.0,4.0
2017,13,Italian Grand Prix,14,Sebastian Vettel,6,6,8,1.563,220.0,348.0,15.0
2017,13,Italian Grand Prix,14,Romain Grosjean,210,20,20,8.695,24.0,35.0,0.0
2017,13,Italian Grand Prix,14,Nico Hülkenberg,4,14,12,3.399,34.0,34.0,0.0
2017,13,Italian Grand Prix,14,Sergio Pérez,10,10,11,2.922,56.0,103.0,2.0
2017,13,Italian Grand Prix,14,Daniel Ricciardo,9,16,3,2.181,132.0,199.0,12.0
2017,13,Italian Grand Prix,14,Valtteri Bottas,131,4,6,0.736,179.0,392.0,18.0
2017,13,Italian Grand Prix,14,Kevin Magnussen,210,9,16,5.829,11.0,35.0,0.0
2017,13,Italian Grand Prix,14,Daniil Kvyat,5,8,14,3.585,4.0,40.0,0.0
2017,13,Italian Grand Prix,14,Marcus Ericsson,15,11,18,7.072,0.0,5.0,0.0
2017,13,Italian Grand Prix,14,Max Verstappen,9,13,2,1.453,67.0,199.0,1.0
2017,13,Italian Grand Prix,14,Carlos Sainz,5,15,15,3.866,36.0,40.0,0.0
2017,13,Italian Grand Prix,14,Jolyon Palmer,4,17,17,5.986,0.0,34.0,0.0
2017,13,Italian Grand Prix,14,Pascal Wehrlein,15,12,19,7.215,5.0,5.0,0.0
2017,13,Italian Grand Prix,14,Stoffel Vandoorne,1,18,10,2.811,1.0,11.0,0.0
2017,13,Italian Grand Prix,14,Esteban Ocon,10,3,5,2.92,47.0,103.0,8.0
2017,13,Italian Grand Prix,14,Lance Stroll,3,2,4,2.342,18.0,45.0,6.0
2017,14,Singapore Grand Prix,15,Lewis Hamilton,131,5,5,0.635,238.0,435.0,25.0
2017,14,Singapore Grand Prix,15,Fernando Alonso,1,8,8,1.688,10.0,11.0,0.0
2017,14,Singapore Grand Prix,15,Kimi Räikkönen,6,4,4,0.578,138.0,373.0,0.0
2017,14,Singapore Grand Prix,15,Felipe Massa,3,17,17,4.523,31.0,55.0,0.0
2017,14,Singapore Grand Prix,15,Sebastian Vettel,6,1,1,0.0,235.0,373.0,0.0
2017,14,Singapore Grand Prix,15,Romain Grosjean,210,15,15,4.136,24.0,35.0,2.0
2017,14,Singapore Grand Prix,15,Nico Hülkenberg,4,7,7,1.522,34.0,34.0,0.0
2017,14,Singapore Grand Prix,15,Sergio Pérez,10,12,12,2.755,58.0,113.0,10.0
2017,14,Singapore Grand Prix,15,Daniel Ricciardo,9,3,3,0.349,144.0,212.0,18.0
2017,14,Singapore Grand Prix,15,Valtteri Bottas,131,6,6,1.319,197.0,435.0,15.0
2017,14,Singapore Grand Prix,15,Kevin Magnussen,210,16,16,4.265,11.0,35.0,0.0
2017,14,Singapore Grand Prix,15,Daniil Kvyat,5,13,13,2.847,4.0,40.0,0.0
2017,14,Singapore Grand Prix,15,Marcus Ericsson,15,20,20,6.079,0.0,5.0,0.0
2017,14,Singapore Grand Prix,15,Max Verstappen,9,2,2,0.323,68.0,212.0,0.0
2017,14,Singapore Grand Prix,15,Carlos Sainz,5,10,10,2.335,36.0,40.0,12.0
2017,14,Singapore Grand Prix,15,Jolyon Palmer,4,11,11,2.616,0.0,34.0,8.0
2017,14,Singapore Grand Prix,15,Pascal Wehrlein,15,19,19,5.568,5.0,5.0,0.0
2017,14,Singapore Grand Prix,15,Stoffel Vandoorne,1,9,9,1.736,1.0,11.0,6.0
2017,14,Singapore Grand Prix,15,Esteban Ocon,10,14,14,3.269,55.0,113.0,1.0
2017,14,Singapore Grand Prix,15,Lance Stroll,3,18,18,5.237,24.0,55.0,4.0
2017,15,Malaysian Grand Prix,2,Lewis Hamilton,131,1,1,0.0,263.0,475.0,18.0
2017,15,Malaysian Grand Prix,2,Fernando Alonso,1,10,10,1.628,10.0,17.0,0.0
2017,15,Malaysian Grand Prix,2,Felipe Massa,3,11,11,1.958,31.0,59.0,2.0
2017,15,Malaysian Grand Prix,2,Sebastian Vettel,6,20,20,0.0,235.0,373.0,12.0
2017,15,Malaysian Grand Prix,2,Romain Grosjean,210,16,16,3.232,26.0,37.0,0.0
2017,15,Malaysian Grand Prix,2,Nico Hülkenberg,4,8,8,1.531,34.0,42.0,0.0
2017,15,Malaysian Grand Prix,2,Sergio Pérez,10,9,9,1.408,68.0,124.0,8.0
2017,15,Malaysian Grand Prix,2,Daniel Ricciardo,9,4,4,0.519,162.0,230.0,15.0
2017,15,Malaysian Grand Prix,2,Valtteri Bottas,131,5,5,0.682,212.0,475.0,10.0
2017,15,Malaysian Grand Prix,2,Kevin Magnussen,210,17,17,3.358,11.0,37.0,0.0
2017,15,Malaysian Grand Prix,2,Marcus Ericsson,15,19,19,3.894,0.0,5.0,0.0
2017,15,Malaysian Grand Prix,2,Max Verstappen,9,3,3,0.465,68.0,230.0,25.0
2017,15,Malaysian Grand Prix,2,Carlos Sainz,5,14,14,2.326,48.0,52.0,0.0
2017,15,Malaysian Grand Prix,2,Jolyon Palmer,4,12,12,2.024,8.0,42.0,0.0
2017,15,Malaysian Grand Prix,2,Pascal Wehrlein,15,18,18,3.407,5.0,5.0,0.0
2017,15,Malaysian Grand Prix,2,Stoffel Vandoorne,1,7,7,1.506,7.0,17.0,6.0
2017,15,Malaysian Grand Prix,2,Esteban Ocon,10,6,6,1.402,56.0,124.0,1.0
2017,15,Malaysian Grand Prix,2,Lance Stroll,3,13,13,2.231,28.0,59.0,4.0
2017,15,Malaysian Grand Prix,2,Pierre Gasly,5,15,15,2.471,0.0,52.0,0.0
2017,16,Japanese Grand Prix,22,Lewis Hamilton,131,1,1,0.0,281.0,503.0,25.0
2017,16,Japanese Grand Prix,22,Fernando Alonso,1,20,10,2.43,10.0,23.0,0.0
2017,16,Japanese Grand Prix,22,Kimi Räikkönen,6,10,6,1.179,138.0,385.0,10.0
2017,16,Japanese Grand Prix,22,Felipe Massa,3,8,9,2.161,33.0,65.0,1.0
2017,16,Japanese Grand Prix,22,Sebastian Vettel,6,2,3,0.472,247.0,385.0,0.0
2017,16,Japanese Grand Prix,22,Romain Grosjean,210,13,16,3.53,26.0,37.0,2.0
2017,16,Japanese Grand Prix,22,Nico Hülkenberg,4,11,12,2.56,34.0,42.0,0.0
2017,16,Japanese Grand Prix,22,Sergio Pérez,10,7,8,1.941,76.0,133.0,6.0
2017,16,Japanese Grand Prix,22,Daniel Ricciardo,9,3,4,0.987,177.0,270.0,15.0
2017,16,Japanese Grand Prix,22,Valtteri Bottas,131,6,2,0.332,222.0,503.0,12.0
2017,16,Japanese Grand Prix,22,Kevin Magnussen,210,12,13,2.653,11.0,37.0,4.0
2017,16,Japanese Grand Prix,22,Marcus Ericsson,15,16,19,4.278,0.0,5.0,0.0
2017,16,Japanese Grand Prix,22,Max Verstappen,9,4,5,1.013,93.0,270.0,18.0
2017,16,Japanese Grand Prix,22,Carlos Sainz,5,19,15,3.094,48.0,52.0,0.0
2017,16,Japanese Grand Prix,22,Jolyon Palmer,4,18,14,2.703,8.0,42.0,0.0
2017,16,Japanese Grand Prix,22,Pascal Wehrlein,15,17,20,4.566,5.0,5.0,0.0
2017,16,Japanese Grand Prix,22,Stoffel Vandoorne,1,9,11,2.459,13.0,23.0,0.0
2017,16,Japanese Grand Prix,22,Esteban Ocon,10,5,7,1.792,57.0,133.0,8.0
2017,16,Japanese Grand Prix,22,Lance Stroll,3,15,18,4.09,32.0,65.0,0.0
2017,16,Japanese Grand Prix,22,Pierre Gasly,5,14,17,3.998,0.0,52.0,0.0
2017,17,United States Grand Prix,69,Lewis Hamilton,131,1,1,0.0,306.0,540.0,25.0
2017,17,United States Grand Prix,69,Fernando Alonso,1,8,9,1.899,10.0,23.0,0.0
2017,17,United States Grand Prix,69,Kimi Räikkönen,6,5,5,0.469,148.0,395.0,15.0
2017,17,United States Grand Prix,69,Felipe Massa,3,10,11,2.047,34.0,66.0,2.0
2017,17,United States Grand Prix,69,Sebastian Vettel,6,2,2,0.239,247.0,395.0,18.0
2017,17,United States Grand Prix,69,Romain Grosjean,210,12,14,2.762,28.0,43.0,0.0
2017,17,United States Grand Prix,69,Nico Hülkenberg,4,18,15,2.632,34.0,42.0,0.0
2017,17,United States Grand Prix,69,Sergio Pérez,10,9,10,1.681,82.0,147.0,4.0
2017,17,United States Grand Prix,69,Daniel Ricciardo,9,4,4,0.469,192.0,303.0,0.0
2017,17,United States Grand Prix,69,Valtteri Bottas,131,3,3,0.46,234.0,540.0,10.0
2017,17,United States Grand Prix,69,Kevin Magnussen,210,17,20,4.286,15.0,43.0,0.0
2017,17,United States Grand Prix,69,Daniil Kvyat,5,11,12,2.421,4.0,52.0,1.0
2017,17,United States Grand Prix,69,Marcus Ericsson,15,13,16,3.734,0.0,5.0,0.0
2017,17,United States Grand Prix,69,Max Verstappen,9,16,6,0.55,111.0,303.0,12.0
2017,17,United States Grand Prix,69,Carlos Sainz,4,7,8,1.744,48.0,42.0,6.0
2017,17,United States Grand Prix,69,Pascal Wehrlein,15,14,19,4.071,5.0,5.0,0.0
2017,17,United States Grand Prix,69,Stoffel Vandoorne,1,20,13,2.533,13.0,23.0,0.0
2017,17,United States Grand Prix,69,Esteban Ocon,10,6,7,1.539,65.0,147.0,8.0
2017,17,United States Grand Prix,69,Lance Stroll,3,15,17,3.76,32.0,66.0,0.0
2017,17,United States Grand Prix,69,Brendon Hartley,5,19,18,3.781,0.0,52.0,0.0
2017,18,Mexican Grand Prix,32,Lewis Hamilton,131,3,3,0.446,331.0,575.0,2.0
2017,18,Mexican Grand Prix,32,Fernando Alonso,1,18,14,1.222,10.0,23.0,1.0
2017,18,Mexican Grand Prix,32,Kimi Räikkönen,6,5,5,0.75,163.0,428.0,15.0
2017,18,Mexican Grand Prix,32,Felipe Massa,3,10,11,1.611,36.0,68.0,0.0
2017,18,Mexican Grand Prix,32,Sebastian Vettel,6,1,1,0.0,265.0,428.0,12.0
2017,18,Mexican Grand Prix,32,Romain Grosjean,210,15,19,2.985,28.0,43.0,0.0
2017,18,Mexican Grand Prix,32,Nico Hülkenberg,4,7,8,0.978,34.0,48.0,0.0
2017,18,Mexican Grand Prix,32,Sergio Pérez,10,9,10,1.319,86.0,159.0,6.0
2017,18,Mexican Grand Prix,32,Daniel Ricciardo,9,16,7,0.959,192.0,315.0,0.0
2017,18,Mexican Grand Prix,32,Valtteri Bottas,131,4,4,0.47,244.0,575.0,18.0
2017,18,Mexican Grand Prix,32,Kevin Magnussen,210,14,18,2.955,15.0,43.0,4.0
2017,18,Mexican Grand Prix,32,Marcus Ericsson,15,12,16,2.688,0.0,5.0,0.0
2017,18,Mexican Grand Prix,32,Max Verstappen,9,2,2,0.036,123.0,315.0,25.0
2017,18,Mexican Grand Prix,32,Carlos Sainz,4,8,9,1.265,54.0,48.0,0.0
2017,18,Mexican Grand Prix,32,Pascal Wehrlein,15,13,17,2.845,5.0,5.0,0.0
2017,18,Mexican Grand Prix,32,Stoffel Vandoorne,1,19,15,2.09,13.0,23.0,0.0
2017,18,Mexican Grand Prix,32,Esteban Ocon,10,6,6,0.949,73.0,159.0,10.0
2017,18,Mexican Grand Prix,32,Lance Stroll,3,11,12,2.414,32.0,68.0,8.0
2017,18,Mexican Grand Prix,32,Pierre Gasly,5,20,20,1.629,0.0,53.0,0.0
2017,18,Mexican Grand Prix,32,Brendon Hartley,5,17,13,2.195,0.0,53.0,0.0
2017,19,Brazilian Grand Prix,18,Lewis Hamilton,131,20,20,0.0,333.0,595.0,12.0
2017,19,Brazilian Grand Prix,18,Fernando Alonso,1,6,7,1.271,11.0,24.0,4.0
2017,19,Brazilian Grand Prix,18,Kimi Räikkönen,6,3,3,0.216,178.0,455.0,15.0
2017,19,Brazilian Grand Prix,18,Felipe Massa,3,9,10,1.29,36.0,76.0,6.0
2017,19,Brazilian Grand Prix,18,Sebastian Vettel,6,2,2,0.038,277.0,455.0,25.0
2017,19,Brazilian Grand Prix,18,Romain Grosjean,210,11,12,1.557,28.0,47.0,0.0
2017,19,Brazilian Grand Prix,18,Nico Hülkenberg,4,7,8,1.381,34.0,48.0,1.0
2017,19,Brazilian Grand Prix,18,Sergio Pérez,10,5,6,1.276,92.0,175.0,2.0
2017,19,Brazilian Grand Prix,18,Daniel Ricciardo,9,14,5,1.008,192.0,340.0,8.0
2017,19,Brazilian Grand Prix,18,Valtteri Bottas,131,1,1,0.0,262.0,595.0,18.0
2017,19,Brazilian Grand Prix,18,Kevin Magnussen,210,13,14,1.832,19.0,47.0,0.0
2017,19,Brazilian Grand Prix,18,Marcus Ericsson,15,17,19,2.553,0.0,5.0,0.0
2017,19,Brazilian Grand Prix,18,Max Verstappen,9,4,4,0.603,148.0,340.0,10.0
2017,19,Brazilian Grand Prix,18,Carlos Sainz,4,8,9,1.446,54.0,48.0,0.0
2017,19,Brazilian Grand Prix,18,Pascal Wehrlein,15,15,16,2.356,5.0,5.0,0.0
2017,19,Brazilian Grand Prix,18,Stoffel Vandoorne,1,12,13,1.794,13.0,24.0,0.0
2017,19,Brazilian Grand Prix,18,Esteban Ocon,10,10,11,1.508,83.0,175.0,0.0
2017,19,Brazilian Grand Prix,18,Lance Stroll,3,16,18,2.454,40.0,76.0,0.0
2017,19,Brazilian Grand Prix,18,Pierre Gasly,5,19,17,2.364,0.0,53.0,0.0
2017,19,Brazilian Grand Prix,18,Brendon Hartley,5,18,15,2.303,0.0,53.0,0.0
2017,20,Abu Dhabi Grand Prix,24,Lewis Hamilton,131,2,2,0.172,345.0,625.0,18.0
2017,20,Abu Dhabi Grand Prix,24,Fernando Alonso,1,11,11,2.405,15.0,28.0,2.0
2017,20,Abu Dhabi Grand Prix,24,Kimi Räikkönen,6,5,5,0.754,193.0,495.0,12.0
2017,20,Abu Dhabi Grand Prix,24,Felipe Massa,3,10,10,2.319,42.0,82.0,1.0
2017,20,Abu Dhabi Grand Prix,24,Sebastian Vettel,6,3,3,0.546,302.0,495.0,15.0
2017,20,Abu Dhabi Grand Prix,24,Romain Grosjean,210,16,16,3.285,28.0,47.0,0.0
2017,20,Abu Dhabi Grand Prix,24,Nico Hülkenberg,4,7,7,1.907,35.0,49.0,8.0
2017,20,Abu Dhabi Grand Prix,24,Sergio Pérez,10,8,8,2.128,94.0,177.0,6.0
2017,20,Abu Dhabi Grand Prix,24,Daniel Ricciardo,9,4,4,0.728,200.0,358.0,0.0
2017,20,Abu Dhabi Grand Prix,24,Valtteri Bottas,131,1,1,0.0,280.0,625.0,25.0
2017,20,Abu Dhabi Grand Prix,24,Kevin Magnussen,210,14,14,3.067,19.0,47.0,0.0
2017,20,Abu Dhabi Grand Prix,24,Marcus Ericsson,15,19,19,3.763,0.0,5.0,0.0
2017,20,Abu Dhabi Grand Prix,24,Max Verstappen,9,6,6,1.097,158.0,358.0,10.0
2017,20,Abu Dhabi Grand Prix,24,Carlos Sainz,4,12,12,2.494,54.0,49.0,0.0
2017,20,Abu Dhabi Grand Prix,24,Pascal Wehrlein,15,18,18,3.699,5.0,5.0,0.0
2017,20,Abu Dhabi Grand Prix,24,Stoffel Vandoorne,1,13,13,2.546,13.0,28.0,0.0
2017,20,Abu Dhabi Grand Prix,24,Esteban Ocon,10,9,9,2.161,83.0,177.0,4.0
2017,20,Abu Dhabi Grand Prix,24,Lance Stroll,3,15,15,3.272,40.0,82.0,0.0
2017,20,Abu Dhabi Grand Prix,24,Pierre Gasly,5,17,17,3.493,0.0,53.0,0.0
2017,20,Abu Dhabi Grand Prix,24,Brendon Hartley,5,20,20,4.24,0.0,53.0,0.0
2018,1,Australian Grand Prix,1,Lewis Hamilton,131,1,1,0.0,0.0,0.0,18.0
2018,1,Australian Grand Prix,1,Fernando Alonso,1,10,11,2.433,0.0,0.0,10.0
2018,1,Australian Grand Prix,1,Kimi Räikkönen,6,2,2,0.664,0.0,0.0,15.0
2018,1,Australian Grand Prix,1,Sebastian Vettel,6,3,3,0.674,0.0,0.0,25.0
2018,1,Australian Grand Prix,1,Romain Grosjean,210,6,7,2.175,0.0,0.0,0.0
2018,1,Australian Grand Prix,1,Nico Hülkenberg,4,7,8,2.368,0.0,0.0,6.0
2018,1,Australian Grand Prix,1,Sergio Pérez,10,12,13,2.841,0.0,0.0,0.0
2018,1,Australian Grand Prix,1,Daniel Ricciardo,9,8,5,0.988,0.0,0.0,12.0
2018,1,Australian Grand Prix,1,Valtteri Bottas,131,15,10,0.925,0.0,0.0,4.0
2018,1,Australian Grand Prix,1,Kevin Magnussen,210,5,6,2.023,0.0,0.0,0.0
2018,1,Australian Grand Prix,1,Marcus Ericsson,15,17,17,3.392,0.0,0.0,0.0
2018,1,Australian Grand Prix,1,Max Verstappen,9,4,4,0.715,0.0,0.0,8.0
2018,1,Australian Grand Prix,1,Carlos Sainz,4,9,9,1.897,0.0,0.0,1.0
2018,1,Australian Grand Prix,1,Stoffel Vandoorne,1,11,12,2.689,0.0,0.0,2.0
2018,1,Australian Grand Prix,1,Esteban Ocon,10,14,15,3.339,0.0,0.0,0.0
2018,1,Australian Grand Prix,1,Lance Stroll,3,13,14,3.066,0.0,0.0,0.0
2018,1,Australian Grand Prix,1,Pierre Gasly,5,20,20,4.131,0.0,0.0,0.0
2018,1,Australian Grand Prix,1,Brendon Hartley,5,16,16,3.368,0.0,0.0,0.0
2018,1,Australian Grand Prix,1,Charles Leclerc,15,18,18,3.472,0.0,0.0,0.0
2018,1,Australian Grand Prix,1,Sergey Sirotkin,3,19,19,3.758,0.0,0.0,0.0
2018,2,Bahrain Grand Prix,3,Lewis Hamilton,131,9,4,0.262,18.0,22.0,15.0
2018,2,Bahrain Grand Prix,3,Fernando Alonso,1,13,13,2.254,10.0,12.0,6.0
2018,2,Bahrain Grand Prix,3,Kimi Räikkönen,6,2,2,0.143,15.0,40.0,0.0
2018,2,Bahrain Grand Prix,3,Sebastian Vettel,6,1,1,0.0,25.0,40.0,25.0
2018,2,Bahrain Grand Prix,3,Romain Grosjean,210,16,16,2.572,0.0,0.0,0.0
2018,2,Bahrain Grand Prix,3,Nico Hülkenberg,4,7,8,1.229,6.0,7.0,8.0
2018,2,Bahrain Grand Prix,3,Sergio Pérez,10,12,12,2.198,0.0,0.0,0.0
2018,2,Bahrain Grand Prix,3,Daniel Ricciardo,9,4,5,0.44,12.0,20.0,0.0
2018,2,Bahrain Grand Prix,3,Valtteri Bottas,131,3,3,0.166,4.0,22.0,18.0
2018,2,Bahrain Grand Prix,3,Kevin Magnussen,210,6,7,1.4,0.0,0.0,10.0
2018,2,Bahrain Grand Prix,3,Marcus Ericsson,15,17,17,3.105,0.0,0.0,2.0
2018,2,Bahrain Grand Prix,3,Max Verstappen,9,15,15,1.416,8.0,20.0,0.0
2018,2,Bahrain Grand Prix,3,Carlos Sainz,4,10,10,1.844,1.0,7.0,0.0
2018,2,Bahrain Grand Prix,3,Stoffel Vandoorne,1,14,14,2.521,2.0,12.0,4.0
2018,2,Bahrain Grand Prix,3,Esteban Ocon,10,8,9,1.916,0.0,0.0,1.0
2018,2,Bahrain Grand Prix,3,Lance Stroll,3,20,20,3.545,0.0,0.0,0.0
2018,2,Bahrain Grand Prix,3,Pierre Gasly,5,5,6,1.371,0.0,0.0,12.0
2018,2,Bahrain Grand Prix,3,Brendon Hartley,5,11,11,2.147,0.0,0.0,0.0
2018,2,Bahrain Grand Prix,3,Charles Leclerc,15,19,19,3.462,0.0,0.0,0.0
2018,2,Bahrain Grand Prix,3,Sergey Sirotkin,3,18,18,3.456,0.0,0.0,0.0
2018,3,Chinese Grand Prix,17,Lewis Hamilton,131,4,4,0.58,33.0,55.0,12.0
2018,3,Chinese Grand Prix,17,Fernando Alonso,1,13,13,2.137,16.0,22.0,6.0
2018,3,Chinese Grand Prix,17,Kimi Räikkönen,6,2,2,0.087,15.0,65.0,15.0
2018,3,Chinese Grand Prix,17,Sebastian Vettel,6,1,1,0.0,50.0,65.0,4.0
2018,3,Chinese Grand Prix,17,Romain Grosjean,210,10,10,1.429,0.0,10.0,0.0
2018,3,Chinese Grand Prix,17,Nico Hülkenberg,4,7,7,1.399,14.0,15.0,8.0
2018,3,Chinese Grand Prix,17,Sergio Pérez,10,8,8,1.663,0.0,1.0,0.0
2018,3,Chinese Grand Prix,17,Daniel Ricciardo,9,6,6,0.853,12.0,20.0,25.0
2018,3,Chinese Grand Prix,17,Valtteri Bottas,131,3,3,0.53,22.0,55.0,18.0
2018,3,Chinese Grand Prix,17,Kevin Magnussen,210,11,11,1.891,10.0,10.0,1.0
2018,3,Chinese Grand Prix,17,Marcus Ericsson,15,20,20,3.819,2.0,2.0,0.0
2018,3,Chinese Grand Prix,17,Max Verstappen,9,5,5,0.701,8.0,20.0,10.0
2018,3,Chinese Grand Prix,17,Carlos Sainz,4,9,9,1.724,1.0,15.0,2.0
2018,3,Chinese Grand Prix,17,Stoffel Vandoorne,1,14,14,2.41,6.0,22.0,0.0
2018,3,Chinese Grand Prix,17,Esteban Ocon,10,12,12,1.962,1.0,1.0,0.0
2018,3,Chinese Grand Prix,17,Lance Stroll,3,18,18,3.19,0.0,0.0,0.0
2018,3,Chinese Grand Prix,17,Pierre Gasly,5,17,17,3.006,12.0,12.0,0.0
2018,3,Chinese Grand Prix,17,Brendon Hartley,5,15,15,2.7,0.0,12.0,0.0
2018,3,Chinese Grand Prix,17,Charles Leclerc,15,19,19,3.359,0.0,2.0,0.0
2018,3,Chinese Grand Prix,17,Sergey Sirotkin,3,16,16,2.967,0.0,0.0,0.0
2018,4,Azerbaijan Grand Prix,73,Lewis Hamilton,131,2,2,0.179,45.0,85.0,25.0
2018,4,Azerbaijan Grand Prix,73,Fernando Alonso,1,12,13,2.512,22.0,28.0,6.0
2018,4,Azerbaijan Grand Prix,73,Kimi Räikkönen,6,6,6,0.992,30.0,84.0,18.0
2018,4,Azerbaijan Grand Prix,73,Sebastian Vettel,6,1,1,0.0,54.0,84.0,12.0
2018,4,Azerbaijan Grand Prix,73,Romain Grosjean,210,20,20,0.0,0.0,11.0,0.0
2018,4,Azerbaijan Grand Prix,73,Nico Hülkenberg,4,14,9,1.568,22.0,25.0,0.0
2018,4,Azerbaijan Grand Prix,73,Sergio Pérez,10,8,8,1.049,0.0,1.0,15.0
2018,4,Azerbaijan Grand Prix,73,Daniel Ricciardo,9,4,4,0.413,37.0,55.0,0.0
2018,4,Azerbaijan Grand Prix,73,Valtteri Bottas,131,3,3,0.339,40.0,85.0,0.0
2018,4,Azerbaijan Grand Prix,73,Kevin Magnussen,210,15,15,2.176,11.0,11.0,0.0
2018,4,Azerbaijan Grand Prix,73,Marcus Ericsson,15,18,18,4.043,2.0,2.0,0.0
2018,4,Azerbaijan Grand Prix,73,Max Verstappen,9,5,5,0.496,18.0,55.0,0.0
2018,4,Azerbaijan Grand Prix,73,Carlos Sainz,4,9,10,1.853,3.0,25.0,10.0
2018,4,Azerbaijan Grand Prix,73,Stoffel Vandoorne,1,16,16,2.991,6.0,28.0,2.0
2018,4,Azerbaijan Grand Prix,73,Esteban Ocon,10,7,7,1.025,1.0,1.0,0.0
2018,4,Azerbaijan Grand Prix,73,Lance Stroll,3,10,11,2.087,0.0,0.0,4.0
2018,4,Azerbaijan Grand Prix,73,Pierre Gasly,5,17,17,2.998,12.0,12.0,0.0
2018,4,Azerbaijan Grand Prix,73,Brendon Hartley,5,19,19,15.856,0.0,12.0,1.0
2018,4,Azerbaijan Grand Prix,73,Charles Leclerc,15,13,14,2.254,0.0,2.0,8.0
2018,4,Azerbaijan Grand Prix,73,Sergey Sirotkin,3,11,12,2.388,0.0,0.0,0.0
2018,5,Spanish Grand Prix,4,Lewis Hamilton,131,1,1,0.0,70.0,110.0,25.0
2018,5,Spanish Grand Prix,4,Fernando Alonso,1,8,8,1.548,28.0,36.0,4.0
2018,5,Spanish Grand Prix,4,Kimi Räikkönen,6,4,4,0.439,48.0,114.0,0.0
2018,5,Spanish Grand Prix,4,Sebastian Vettel,6,3,3,0.132,66.0,114.0,12.0
2018,5,Spanish Grand Prix,4,Romain Grosjean,210,10,10,1.526,0.0,11.0,0.0
2018,5,Spanish Grand Prix,4,Nico Hülkenberg,4,16,16,2.75,22.0,35.0,0.0
2018,5,Spanish Grand Prix,4,Sergio Pérez,10,15,15,2.567,15.0,16.0,2.0
2018,5,Spanish Grand Prix,4,Daniel Ricciardo,9,6,6,0.645,37.0,55.0,10.0
2018,5,Spanish Grand Prix,4,Valtteri Bottas,131,2,2,0.04,40.0,110.0,18.0
2018,5,Spanish Grand Prix,4,Kevin Magnussen,210,7,7,1.445,11.0,11.0,8.0
2018,5,Spanish Grand Prix,4,Marcus Ericsson,15,17,17,3.32,2.0,10.0,0.0
2018,5,Spanish Grand Prix,4,Max Verstappen,9,5,5,0.643,18.0,55.0,15.0
2018,5,Spanish Grand Prix,4,Carlos Sainz,4,9,9,1.617,13.0,35.0,6.0
2018,5,Spanish Grand Prix,4,Stoffel Vandoorne,1,11,11,2.15,8.0,36.0,0.0
2018,5,Spanish Grand Prix,4,Esteban Ocon,10,13,13,2.523,1.0,16.0,0.0
2018,5,Spanish Grand Prix,4,Lance Stroll,3,18,19,4.052,4.0,4.0,0.0
2018,5,Spanish Grand Prix,4,Pierre Gasly,5,12,12,2.29,12.0,13.0,0.0
2018,5,Spanish Grand Prix,4,Brendon Hartley,5,20,20,0.0,1.0,13.0,0.0
2018,5,Spanish Grand Prix,4,Charles Leclerc,15,14,14,2.488,8.0,10.0,1.0
2018,5,Spanish Grand Prix,4,Sergey Sirotkin,3,19,18,3.522,0.0,4.0,0.0
2018,6,Monaco Grand Prix,6,Lewis Hamilton,131,3,3,0.422,95.0,153.0,15.0
2018,6,Monaco Grand Prix,6,Fernando Alonso,1,7,7,1.3,32.0,40.0,0.0
2018,6,Monaco Grand Prix,6,Kimi Räikkönen,6,4,4,0.456,48.0,126.0,12.0
2018,6,Monaco Grand Prix,6,Sebastian Vettel,6,2,2,0.229,78.0,126.0,18.0
2018,6,Monaco Grand Prix,6,Romain Grosjean,210,18,15,1.918,0.0,19.0,0.0
2018,6,Monaco Grand Prix,6,Nico Hülkenberg,4,11,11,1.601,22.0,41.0,4.0
2018,6,Monaco Grand Prix,6,Sergio Pérez,10,9,9,1.344,17.0,18.0,0.0
2018,6,Monaco Grand Prix,6,Daniel Ricciardo,9,1,1,0.0,47.0,80.0,25.0
2018,6,Monaco Grand Prix,6,Valtteri Bottas,131,5,5,0.631,58.0,153.0,10.0
2018,6,Monaco Grand Prix,6,Kevin Magnussen,210,19,19,2.583,19.0,19.0,0.0
2018,6,Monaco Grand Prix,6,Marcus Ericsson,15,16,17,2.455,2.0,11.0,0.0
2018,6,Monaco Grand Prix,6,Max Verstappen,9,20,20,0.0,33.0,80.0,2.0
2018,6,Monaco Grand Prix,6,Carlos Sainz,4,8,8,1.32,19.0,41.0,1.0
2018,6,Monaco Grand Prix,6,Stoffel Vandoorne,1,12,12,1.63,8.0,40.0,0.0
2018,6,Monaco Grand Prix,6,Esteban Ocon,10,6,6,1.251,1.0,18.0,8.0
2018,6,Monaco Grand Prix,6,Lance Stroll,3,17,18,2.513,4.0,4.0,0.0
2018,6,Monaco Grand Prix,6,Pierre Gasly,5,10,10,1.411,12.0,13.0,6.0
2018,6,Monaco Grand Prix,6,Brendon Hartley,5,15,16,2.369,1.0,13.0,0.0
2018,6,Monaco Grand Prix,6,Charles Leclerc,15,14,14,1.904,9.0,11.0,0.0
2018,6,Monaco Grand Prix,6,Sergey Sirotkin,3,13,13,1.711,0.0,4.0,0.0
2018,7,Canadian Grand Prix,7,Lewis Hamilton,131,4,4,0.232,110.0,178.0,10.0
2018,7,Canadian Grand Prix,7,Fernando Alonso,1,14,14,2.092,32.0,40.0,0.0
2018,7,Canadian Grand Prix,7,Kimi Räikkönen,6,5,5,0.331,60.0,156.0,8.0
2018,7,Canadian Grand Prix,7,Sebastian Vettel,6,1,1,0.0,96.0,156.0,25.0
2018,7,Canadian Grand Prix,7,Romain Grosjean,210,20,20,0.0,0.0,19.0,0.0
2018,7,Canadian Grand Prix,7,Nico Hülkenberg,4,7,7,1.152,26.0,46.0,6.0
2018,7,Canadian Grand Prix,7,Sergio Pérez,10,10,10,1.631,17.0,26.0,0.0
2018,7,Canadian Grand Prix,7,Daniel Ricciardo,9,6,6,0.352,72.0,107.0,12.0
2018,7,Canadian Grand Prix,7,Valtteri Bottas,131,2,2,0.093,68.0,178.0,18.0
2018,7,Canadian Grand Prix,7,Kevin Magnussen,210,11,11,1.842,19.0,19.0,0.0
2018,7,Canadian Grand Prix,7,Marcus Ericsson,15,19,19,3.829,2.0,11.0,0.0
2018,7,Canadian Grand Prix,7,Max Verstappen,9,3,3,0.173,35.0,107.0,15.0
2018,7,Canadian Grand Prix,7,Carlos Sainz,4,9,9,1.333,20.0,46.0,4.0
2018,7,Canadian Grand Prix,7,Stoffel Vandoorne,1,15,15,2.101,8.0,40.0,0.0
2018,7,Canadian Grand Prix,7,Esteban Ocon,10,8,8,1.32,9.0,26.0,2.0
2018,7,Canadian Grand Prix,7,Lance Stroll,3,17,17,2.826,4.0,4.0,0.0
2018,7,Canadian Grand Prix,7,Pierre Gasly,5,16,16,2.283,18.0,19.0,0.0
2018,7,Canadian Grand Prix,7,Brendon Hartley,5,12,12,1.823,1.0,19.0,0.0
2018,7,Canadian Grand Prix,7,Charles Leclerc,15,13,13,1.897,9.0,11.0,1.0
2018,7,Canadian Grand Prix,7,Sergey Sirotkin,3,18,18,2.879,0.0,4.0,0.0
2018,8,French Grand Prix,34,Lewis Hamilton,131,1,1,0.0,120.0,206.0,25.0
2018,8,French Grand Prix,34,Fernando Alonso,1,16,16,2.947,32.0,40.0,0.0
2018,8,French Grand Prix,34,Kimi Räikkönen,6,6,6,0.743,68.0,189.0,15.0
2018,8,French Grand Prix,34,Sebastian Vettel,6,3,3,0.371,121.0,189.0,10.0
2018,8,French Grand Prix,34,Romain Grosjean,210,10,10,1.443,0.0,19.0,0.0
2018,8,French Grand Prix,34,Nico Hülkenberg,4,12,12,2.086,32.0,56.0,2.0
2018,8,French Grand Prix,34,Sergio Pérez,10,13,13,2.425,17.0,28.0,0.0
2018,8,French Grand Prix,34,Daniel Ricciardo,9,5,5,0.866,84.0,134.0,12.0
2018,8,French Grand Prix,34,Valtteri Bottas,131,2,2,0.118,86.0,206.0,6.0
2018,8,French Grand Prix,34,Kevin Magnussen,210,9,9,1.481,19.0,19.0,8.0
2018,8,French Grand Prix,34,Marcus Ericsson,15,15,15,2.775,2.0,12.0,0.0
2018,8,French Grand Prix,34,Max Verstappen,9,4,4,0.676,50.0,134.0,18.0
2018,8,French Grand Prix,34,Carlos Sainz,4,7,7,1.987,24.0,56.0,4.0
2018,8,French Grand Prix,34,Stoffel Vandoorne,1,17,18,3.133,8.0,40.0,0.0
2018,8,French Grand Prix,34,Esteban Ocon,10,11,11,2.046,11.0,28.0,0.0
2018,8,French Grand Prix,34,Lance Stroll,3,19,20,3.7,4.0,4.0,0.0
2018,8,French Grand Prix,34,Pierre Gasly,5,14,14,2.418,18.0,19.0,0.0
2018,8,French Grand Prix,34,Brendon Hartley,5,20,17,2.996,1.0,19.0,0.0
2018,8,French Grand Prix,34,Charles Leclerc,15,8,8,2.026,10.0,12.0,1.0
2018,8,French Grand Prix,34,Sergey Sirotkin,3,18,19,3.607,0.0,4.0,0.0
2018,9,Austrian Grand Prix,70,Lewis Hamilton,131,2,2,0.019,145.0,237.0,0.0
2018,9,Austrian Grand Prix,70,Fernando Alonso,1,13,14,1.835,32.0,40.0,4.0
2018,9,Austrian Grand Prix,70,Kimi Räikkönen,6,3,4,0.53,83.0,214.0,18.0
2018,9,Austrian Grand Prix,70,Sebastian Vettel,6,6,3,0.334,131.0,214.0,15.0
2018,9,Austrian Grand Prix,70,Romain Grosjean,210,5,6,0.762,0.0,27.0,12.0
2018,9,Austrian Grand Prix,70,Nico Hülkenberg,4,10,10,1.546,34.0,62.0,0.0
2018,9,Austrian Grand Prix,70,Sergio Pérez,10,16,17,2.149,17.0,28.0,6.0
2018,9,Austrian Grand Prix,70,Daniel Ricciardo,9,7,7,0.866,96.0,164.0,0.0
2018,9,Austrian Grand Prix,70,Valtteri Bottas,131,1,1,0.0,92.0,237.0,0.0
2018,9,Austrian Grand Prix,70,Kevin Magnussen,210,8,8,0.921,27.0,27.0,10.0
2018,9,Austrian Grand Prix,70,Marcus Ericsson,15,20,20,2.349,2.0,13.0,1.0
2018,9,Austrian Grand Prix,70,Max Verstappen,9,4,5,0.71,68.0,164.0,25.0
2018,9,Austrian Grand Prix,70,Carlos Sainz,4,9,9,1.431,28.0,62.0,0.0
2018,9,Austrian Grand Prix,70,Stoffel Vandoorne,1,15,16,2.141,8.0,40.0,0.0
2018,9,Austrian Grand Prix,70,Esteban Ocon,10,11,11,1.715,11.0,28.0,8.0
2018,9,Austrian Grand Prix,70,Lance Stroll,3,14,15,2.134,4.0,4.0,0.0
2018,9,Austrian Grand Prix,70,Pierre Gasly,5,12,12,1.744,18.0,19.0,0.0
2018,9,Austrian Grand Prix,70,Brendon Hartley,5,19,19,2.236,1.0,19.0,0.0
2018,9,Austrian Grand Prix,70,Charles Leclerc,15,18,13,1.837,11.0,13.0,2.0
2018,9,Austrian Grand Prix,70,Sergey Sirotkin,3,17,18,2.192,0.0,4.0,0.0
2018,10,British Grand Prix,9,Lewis Hamilton,131,1,1,0.0,145.0,237.0,18.0
2018,10,British Grand Prix,9,Fernando Alonso,1,13,13,2.247,36.0,44.0,4.0
2018,10,British Grand Prix,9,Kimi Räikkönen,6,3,3,0.098,101.0,247.0,15.0
2018,10,British Grand Prix,9,Sebastian Vettel,6,2,2,0.044,146.0,247.0,25.0
2018,10,British Grand Prix,9,Romain Grosjean,210,8,8,1.563,12.0,49.0,0.0
2018,10,British Grand Prix,9,Nico Hülkenberg,4,11,11,2.009,34.0,62.0,8.0
2018,10,British Grand Prix,9,Sergio Pérez,10,12,12,2.036,23.0,42.0,1.0
2018,10,British Grand Prix,9,Daniel Ricciardo,9,6,6,1.207,96.0,189.0,10.0
2018,10,British Grand Prix,9,Valtteri Bottas,131,4,4,0.325,92.0,237.0,12.0
2018,10,British Grand Prix,9,Kevin Magnussen,210,7,7,1.352,37.0,49.0,2.0
2018,10,British Grand Prix,9,Marcus Ericsson,15,15,15,2.357,3.0,16.0,0.0
2018,10,British Grand Prix,9,Max Verstappen,9,5,5,0.71,93.0,189.0,0.0
2018,10,British Grand Prix,9,Carlos Sainz,4,16,16,2.564,28.0,62.0,0.0
2018,10,British Grand Prix,9,Stoffel Vandoorne,1,17,17,3.204,8.0,44.0,0.0
2018,10,British Grand Prix,9,Esteban Ocon,10,10,10,1.951,19.0,42.0,6.0
2018,10,British Grand Prix,9,Lance Stroll,3,19,19,0.0,4.0,4.0,0.0
2018,10,British Grand Prix,9,Pierre Gasly,5,14,14,2.451,18.0,19.0,0.0
2018,10,British Grand Prix,9,Charles Leclerc,15,9,9,1.898,13.0,16.0,0.0
2018,10,British Grand Prix,9,Sergey Sirotkin,3,18,18,3.36,0.0,4.0,0.0
2018,11,German Grand Prix,10,Lewis Hamilton,131,14,14,1.8,163.0,267.0,25.0
2018,11,German Grand Prix,10,Fernando Alonso,1,11,11,2.402,40.0,48.0,0.0
2018,11,German Grand Prix,10,Kimi Räikkönen,6,3,3,0.335,116.0,287.0,15.0
2018,11,German Grand Prix,10,Sebastian Vettel,6,1,1,0.0,171.0,287.0,0.0
2018,11,German Grand Prix,10,Romain Grosjean,210,6,6,1.332,12.0,51.0,8.0
2018,11,German Grand Prix,10,Nico Hülkenberg,4,7,7,1.348,42.0,70.0,10.0
2018,11,German Grand Prix,10,Sergio Pérez,10,10,10,1.562,24.0,49.0,6.0
2018,11,German Grand Prix,10,Daniel Ricciardo,9,20,15,2.106,106.0,199.0,0.0
2018,11,German Grand Prix,10,Valtteri Bottas,131,2,2,0.204,104.0,267.0,18.0
2018,11,German Grand Prix,10,Kevin Magnussen,210,5,5,0.988,39.0,51.0,0.0
2018,11,German Grand Prix,10,Marcus Ericsson,15,13,13,2.35,3.0,16.0,2.0
2018,11,German Grand Prix,10,Max Verstappen,9,4,4,0.61,93.0,199.0,12.0
2018,11,German Grand Prix,10,Carlos Sainz,4,8,8,1.48,28.0,70.0,0.0
2018,11,German Grand Prix,10,Stoffel Vandoorne,1,19,20,3.189,8.0,48.0,0.0
2018,11,German Grand Prix,10,Esteban Ocon,10,15,16,2.508,25.0,49.0,4.0
2018,11,German Grand Prix,10,Lance Stroll,3,18,19,2.994,4.0,4.0,0.0
2018,11,German Grand Prix,10,Pierre Gasly,5,16,17,2.537,18.0,19.0,0.0
2018,11,German Grand Prix,10,Brendon Hartley,5,17,18,2.833,1.0,19.0,1.0
2018,11,German Grand Prix,10,Charles Leclerc,15,9,9,1.505,13.0,16.0,0.0
2018,11,German Grand Prix,10,Sergey Sirotkin,3,12,12,2.49,0.0,4.0,0.0
2018,12,Hungarian Grand Prix,11,Lewis Hamilton,131,1,1,0.753,188.0,310.0,25.0
2018,12,Hungarian Grand Prix,11,Fernando Alonso,1,11,11,1.542,40.0,48.0,4.0
2018,12,Hungarian Grand Prix,11,Kimi Räikkönen,6,3,3,0.86,131.0,302.0,15.0
2018,12,Hungarian Grand Prix,11,Sebastian Vettel,6,4,4,0.0,171.0,302.0,18.0
2018,12,Hungarian Grand Prix,11,Romain Grosjean,210,10,10,1.235,20.0,59.0,1.0
2018,12,Hungarian Grand Prix,11,Nico Hülkenberg,4,13,13,1.239,52.0,80.0,0.0
2018,12,Hungarian Grand Prix,11,Sergio Pérez,10,19,19,2.534,30.0,59.0,0.0
2018,12,Hungarian Grand Prix,11,Daniel Ricciardo,9,12,12,1.874,106.0,211.0,12.0
2018,12,Hungarian Grand Prix,11,Valtteri Bottas,131,2,2,0.457,122.0,310.0,10.0
2018,12,Hungarian Grand Prix,11,Kevin Magnussen,210,9,9,1.648,39.0,59.0,6.0
2018,12,Hungarian Grand Prix,11,Marcus Ericsson,15,14,14,1.975,5.0,18.0,0.0
2018,12,Hungarian Grand Prix,11,Max Verstappen,9,7,7,0.274,105.0,211.0,0.0
2018,12,Hungarian Grand Prix,11,Carlos Sainz,4,5,5,1.163,28.0,80.0,2.0
2018,12,Hungarian Grand Prix,11,Stoffel Vandoorne,1,16,16,2.116,8.0,48.0,0.0
2018,12,Hungarian Grand Prix,11,Esteban Ocon,10,18,18,2.476,29.0,59.0,0.0
2018,12,Hungarian Grand Prix,11,Lance Stroll,3,15,15,1.894,4.0,4.0,0.0
2018,12,Hungarian Grand Prix,11,Pierre Gasly,5,6,6,1.911,18.0,20.0,8.0
2018,12,Hungarian Grand Prix,11,Brendon Hartley,5,8,8,1.763,2.0,20.0,0.0
2018,12,Hungarian Grand Prix,11,Charles Leclerc,15,17,17,2.151,13.0,18.0,0.0
2018,12,Hungarian Grand Prix,11,Sergey Sirotkin,3,20,20,2.635,0.0,4.0,0.0
2018,13,Belgian Grand Prix,13,Lewis Hamilton,131,1,1,0.052,213.0,345.0,18.0
2018,13,Belgian Grand Prix,13,Fernando Alonso,1,15,17,3.416,44.0,52.0,0.0
2018,13,Belgian Grand Prix,13,Kimi Räikkönen,6,6,6,0.032,146.0,335.0,0.0
2018,13,Belgian Grand Prix,13,Sebastian Vettel,6,2,2,0.0,189.0,335.0,25.0
2018,13,Belgian Grand Prix,13,Romain Grosjean,210,5,5,1.541,21.0,66.0,6.0
2018,13,Belgian Grand Prix,13,Nico Hülkenberg,4,20,15,2.644,52.0,82.0,0.0
2018,13,Belgian Grand Prix,13,Sergio Pérez,10,4,4,1.513,30.0,59.0,10.0
2018,13,Belgian Grand Prix,13,Daniel Ricciardo,9,8,8,1.625,118.0,223.0,0.0
2018,13,Belgian Grand Prix,13,Valtteri Bottas,131,19,10,0.69,132.0,345.0,12.0
2018,13,Belgian Grand Prix,13,Kevin Magnussen,210,9,9,1.819,45.0,66.0,4.0
2018,13,Belgian Grand Prix,13,Marcus Ericsson,15,13,14,2.345,5.0,18.0,1.0
2018,13,Belgian Grand Prix,13,Max Verstappen,9,7,7,1.053,105.0,223.0,15.0
2018,13,Belgian Grand Prix,13,Carlos Sainz,4,14,16,2.988,30.0,82.0,0.0
2018,13,Belgian Grand Prix,13,Stoffel Vandoorne,1,18,20,3.806,8.0,52.0,0.0
2018,13,Belgian Grand Prix,13,Esteban Ocon,10,3,3,1.801,29.0,59.0,8.0
2018,13,Belgian Grand Prix,13,Lance Stroll,3,17,19,3.633,4.0,4.0,0.0
2018,13,Belgian Grand Prix,13,Pierre Gasly,5,10,11,2.343,26.0,28.0,2.0
2018,13,Belgian Grand Prix,13,Brendon Hartley,5,11,12,2.364,2.0,28.0,0.0
2018,13,Belgian Grand Prix,13,Charles Leclerc,15,12,13,2.153,13.0,18.0,0.0
2018,13,Belgian Grand Prix,13,Sergey Sirotkin,3,16,18,3.497,0.0,4.0,0.0
2018,14,Italian Grand Prix,14,Lewis Hamilton,131,3,3,0.175,231.0,375.0,25.0
2018,14,Italian Grand Prix,14,Fernando Alonso,1,13,13,2.731,44.0,52.0,0.0
2018,14,Italian Grand Prix,14,Kimi Räikkönen,6,1,1,0.0,146.0,360.0,18.0
2018,14,Italian Grand Prix,14,Sebastian Vettel,6,2,2,0.161,214.0,360.0,12.0
2018,14,Italian Grand Prix,14,Romain Grosjean,210,6,6,1.817,27.0,76.0,0.0
2018,14,Italian Grand Prix,14,Nico Hülkenberg,4,20,14,2.682,52.0,82.0,0.0
2018,14,Italian Grand Prix,14,Sergio Pérez,10,14,16,2.769,40.0,77.0,6.0
2018,14,Italian Grand Prix,14,Daniel Ricciardo,9,19,15,2.161,118.0,238.0,0.0
2018,14,Italian Grand Prix,14,Valtteri Bottas,131,4,4,0.537,144.0,375.0,15.0
2018,14,Italian Grand Prix,14,Kevin Magnussen,210,11,11,2.55,49.0,76.0,0.0
2018,14,Italian Grand Prix,14,Marcus Ericsson,15,18,19,2.929,6.0,19.0,0.0
2018,14,Italian Grand Prix,14,Max Verstappen,9,5,5,1.214,120.0,238.0,10.0
2018,14,Italian Grand Prix,14,Carlos Sainz,4,7,7,1.922,30.0,82.0,4.0
2018,14,Italian Grand Prix,14,Stoffel Vandoorne,1,17,20,2.966,8.0,52.0,0.0
2018,14,Italian Grand Prix,14,Esteban Ocon,10,8,8,1.98,37.0,77.0,8.0
2018,14,Italian Grand Prix,14,Lance Stroll,3,10,10,2.375,4.0,4.0,2.0
2018,14,Italian Grand Prix,14,Pierre Gasly,5,9,9,2.231,28.0,30.0,0.0
2018,14,Italian Grand Prix,14,Brendon Hartley,5,16,18,2.815,2.0,30.0,0.0
2018,14,Italian Grand Prix,14,Charles Leclerc,15,15,17,2.77,13.0,19.0,0.0
2018,14,Italian Grand Prix,14,Sergey Sirotkin,3,12,12,2.613,0.0,4.0,1.0
2018,15,Singapore Grand Prix,15,Lewis Hamilton,131,1,1,0.0,256.0,415.0,25.0
2018,15,Singapore Grand Prix,15,Fernando Alonso,1,11,11,2.626,44.0,52.0,6.0
2018,15,Singapore Grand Prix,15,Kimi Räikkönen,6,5,5,0.779,164.0,390.0,10.0
2018,15,Singapore Grand Prix,15,Sebastian Vettel,6,3,3,0.613,226.0,390.0,15.0
2018,15,Singapore Grand Prix,15,Romain Grosjean,210,8,8,2.305,27.0,76.0,0.0
2018,15,Singapore Grand Prix,15,Nico Hülkenberg,4,10,10,2.435,52.0,86.0,1.0
2018,15,Singapore Grand Prix,15,Sergio Pérez,10,7,7,1.97,46.0,91.0,0.0
2018,15,Singapore Grand Prix,15,Daniel Ricciardo,9,6,6,0.981,118.0,248.0,8.0
2018,15,Singapore Grand Prix,15,Valtteri Bottas,131,4,4,0.687,159.0,415.0,12.0
2018,15,Singapore Grand Prix,15,Kevin Magnussen,210,16,16,3.629,49.0,76.0,0.0
2018,15,Singapore Grand Prix,15,Marcus Ericsson,15,14,14,3.351,6.0,19.0,0.0
2018,15,Singapore Grand Prix,15,Max Verstappen,9,2,2,0.319,130.0,248.0,18.0
2018,15,Singapore Grand Prix,15,Carlos Sainz,4,12,12,2.701,34.0,86.0,4.0
2018,15,Singapore Grand Prix,15,Stoffel Vandoorne,1,18,18,3.849,8.0,52.0,0.0
2018,15,Singapore Grand Prix,15,Esteban Ocon,10,9,9,2.35,45.0,91.0,0.0
2018,15,Singapore Grand Prix,15,Lance Stroll,3,20,20,5.319,6.0,7.0,0.0
2018,15,Singapore Grand Prix,15,Pierre Gasly,5,15,15,3.599,28.0,30.0,0.0
2018,15,Singapore Grand Prix,15,Brendon Hartley,5,17,17,3.794,2.0,30.0,0.0
2018,15,Singapore Grand Prix,15,Charles Leclerc,15,13,13,2.732,13.0,19.0,2.0
2018,15,Singapore Grand Prix,15,Sergey Sirotkin,3,19,19,5.248,1.0,7.0,0.0
2018,16,Russian Grand Prix,71,Lewis Hamilton,131,2,2,0.145,281.0,452.0,25.0
2018,16,Russian Grand Prix,71,Fernando Alonso,1,16,17,4.117,50.0,58.0,0.0
2018,16,Russian Grand Prix,71,Kimi Räikkönen,6,4,4,0.85,174.0,415.0,12.0
2018,16,Russian Grand Prix,71,Sebastian Vettel,6,3,3,0.556,241.0,415.0,15.0
2018,16,Russian Grand Prix,71,Romain Grosjean,210,9,9,2.13,27.0,76.0,0.0
2018,16,Russian Grand Prix,71,Nico Hülkenberg,4,12,15,3.268,53.0,91.0,0.0
2018,16,Russian Grand Prix,71,Sergio Pérez,10,8,8,2.176,46.0,91.0,1.0
2018,16,Russian Grand Prix,71,Daniel Ricciardo,9,18,12,1.86,126.0,274.0,8.0
2018,16,Russian Grand Prix,71,Valtteri Bottas,131,1,1,0.0,171.0,452.0,18.0
2018,16,Russian Grand Prix,71,Kevin Magnussen,210,5,5,1.794,49.0,76.0,4.0
2018,16,Russian Grand Prix,71,Marcus Ericsson,15,10,10,2.608,6.0,21.0,0.0
2018,16,Russian Grand Prix,71,Max Verstappen,9,19,11,1.661,148.0,274.0,10.0
2018,16,Russian Grand Prix,71,Carlos Sainz,4,11,14,3.239,38.0,91.0,0.0
2018,16,Russian Grand Prix,71,Stoffel Vandoorne,1,15,19,4.59,8.0,58.0,0.0
2018,16,Russian Grand Prix,71,Esteban Ocon,10,6,6,2.026,45.0,91.0,2.0
2018,16,Russian Grand Prix,71,Lance Stroll,3,14,20,5.05,6.0,7.0,0.0
2018,16,Russian Grand Prix,71,Pierre Gasly,5,17,13,2.996,28.0,30.0,0.0
2018,16,Russian Grand Prix,71,Brendon Hartley,5,20,16,3.65,2.0,30.0,0.0
2018,16,Russian Grand Prix,71,Charles Leclerc,15,7,7,2.032,15.0,21.0,6.0
2018,16,Russian Grand Prix,71,Sergey Sirotkin,3,13,18,4.225,1.0,7.0,0.0
2018,17,Japanese Grand Prix,22,Lewis Hamilton,131,1,1,0.0,306.0,495.0,25.0
2018,17,Japanese Grand Prix,22,Fernando Alonso,1,18,18,2.813,50.0,58.0,0.0
2018,17,Japanese Grand Prix,22,Kimi Räikkönen,6,4,4,0.835,186.0,442.0,10.0
2018,17,Japanese Grand Prix,22,Sebastian Vettel,6,8,9,0.519,256.0,442.0,8.0
2018,17,Japanese Grand Prix,22,Romain Grosjean,210,5,5,1.918,27.0,80.0,4.0
2018,17,Japanese Grand Prix,22,Nico Hülkenberg,4,16,16,2.601,53.0,91.0,0.0
2018,17,Japanese Grand Prix,22,Sergio Pérez,10,9,10,1.807,47.0,94.0,6.0
2018,17,Japanese Grand Prix,22,Daniel Ricciardo,9,15,15,2.046,134.0,292.0,12.0
2018,17,Japanese Grand Prix,22,Valtteri Bottas,131,2,2,0.227,189.0,495.0,18.0
2018,17,Japanese Grand Prix,22,Kevin Magnussen,210,12,12,2.459,53.0,80.0,0.0
2018,17,Japanese Grand Prix,22,Marcus Ericsson,15,20,20,3.453,6.0,27.0,0.0
2018,17,Japanese Grand Prix,22,Max Verstappen,9,3,3,1.089,158.0,292.0,15.0
2018,17,Japanese Grand Prix,22,Carlos Sainz,4,13,13,2.476,38.0,91.0,1.0
2018,17,Japanese Grand Prix,22,Stoffel Vandoorne,1,19,19,3.281,8.0,58.0,0.0
2018,17,Japanese Grand Prix,22,Esteban Ocon,10,11,8,1.778,47.0,94.0,2.0
2018,17,Japanese Grand Prix,22,Lance Stroll,3,14,14,2.557,6.0,7.0,0.0
2018,17,Japanese Grand Prix,22,Pierre Gasly,5,7,7,2.05,28.0,30.0,0.0
2018,17,Japanese Grand Prix,22,Brendon Hartley,5,6,6,2.088,2.0,30.0,0.0
2018,17,Japanese Grand Prix,22,Charles Leclerc,15,10,11,1.946,21.0,27.0,0.0
2018,17,Japanese Grand Prix,22,Sergey Sirotkin,3,17,17,2.612,1.0,7.0,0.0
2018,18,United States Grand Prix,69,Lewis Hamilton,131,1,1,0.0,331.0,538.0,15.0
2018,18,United States Grand Prix,69,Fernando Alonso,1,13,16,3.057,50.0,58.0,0.0
2018,18,United States Grand Prix,69,Kimi Räikkönen,6,2,3,0.07,196.0,460.0,25.0
2018,18,United States Grand Prix,69,Sebastian Vettel,6,5,2,0.061,264.0,460.0,12.0
2018,18,United States Grand Prix,69,Romain Grosjean,210,8,8,2.013,31.0,84.0,0.0
2018,18,United States Grand Prix,69,Nico Hülkenberg,4,7,7,1.978,53.0,92.0,8.0
2018,18,United States Grand Prix,69,Sergio Pérez,10,10,10,2.288,53.0,102.0,4.0
2018,18,United States Grand Prix,69,Daniel Ricciardo,9,4,5,1.257,146.0,319.0,0.0
2018,18,United States Grand Prix,69,Valtteri Bottas,131,3,4,0.379,207.0,538.0,10.0
2018,18,United States Grand Prix,69,Kevin Magnussen,210,12,12,2.495,53.0,84.0,0.0
2018,18,United States Grand Prix,69,Marcus Ericsson,15,16,19,3.299,6.0,27.0,1.0
2018,18,United States Grand Prix,69,Max Verstappen,9,18,15,2.529,173.0,319.0,18.0
2018,18,United States Grand Prix,69,Carlos Sainz,4,11,11,2.329,39.0,92.0,6.0
2018,18,United States Grand Prix,69,Stoffel Vandoorne,1,17,20,3.498,8.0,58.0,0.0
2018,18,United States Grand Prix,69,Esteban Ocon,10,6,6,1.908,49.0,102.0,0.0
2018,18,United States Grand Prix,69,Lance Stroll,3,15,18,3.243,6.0,7.0,0.0
2018,18,United States Grand Prix,69,Pierre Gasly,5,19,13,2.613,28.0,30.0,0.0
2018,18,United States Grand Prix,69,Brendon Hartley,5,20,14,2.969,2.0,30.0,2.0
2018,18,United States Grand Prix,69,Charles Leclerc,15,9,9,2.018,21.0,27.0,0.0
2018,18,United States Grand Prix,69,Sergey Sirotkin,3,14,17,3.125,1.0,7.0,0.0
2018,19,Mexican Grand Prix,32,Lewis Hamilton,131,3,3,0.135,346.0,563.0,12.0
2018,19,Mexican Grand Prix,32,Fernando Alonso,1,12,12,2.098,50.0,58.0,0.0
2018,19,Mexican Grand Prix,32,Kimi Räikkönen,6,6,6,0.571,221.0,497.0,15.0
2018,19,Mexican Grand Prix,32,Sebastian Vettel,6,4,4,0.211,276.0,497.0,18.0
2018,19,Mexican Grand Prix,32,Romain Grosjean,210,18,16,2.152,31.0,84.0,0.0
2018,19,Mexican Grand Prix,32,Nico Hülkenberg,4,7,7,1.068,61.0,106.0,8.0
2018,19,Mexican Grand Prix,32,Sergio Pérez,10,13,13,1.483,57.0,106.0,0.0
2018,19,Mexican Grand Prix,32,Daniel Ricciardo,9,1,1,0.0,146.0,337.0,0.0
2018,19,Mexican Grand Prix,32,Valtteri Bottas,131,5,5,0.401,217.0,563.0,10.0
2018,19,Mexican Grand Prix,32,Kevin Magnussen,210,16,18,2.84,53.0,84.0,0.0
2018,19,Mexican Grand Prix,32,Marcus Ericsson,15,10,10,1.754,7.0,28.0,2.0
2018,19,Mexican Grand Prix,32,Max Verstappen,9,2,2,0.026,191.0,337.0,25.0
2018,19,Mexican Grand Prix,32,Carlos Sainz,4,8,8,1.325,45.0,106.0,0.0
2018,19,Mexican Grand Prix,32,Stoffel Vandoorne,1,15,17,2.207,8.0,58.0,4.0
2018,19,Mexican Grand Prix,32,Esteban Ocon,10,11,11,1.493,49.0,106.0,0.0
2018,19,Mexican Grand Prix,32,Lance Stroll,3,17,19,2.93,6.0,7.0,0.0
2018,19,Mexican Grand Prix,32,Pierre Gasly,5,20,15,2.069,28.0,32.0,1.0
2018,19,Mexican Grand Prix,32,Brendon Hartley,5,14,14,1.923,4.0,32.0,0.0
2018,19,Mexican Grand Prix,32,Charles Leclerc,15,9,9,1.43,21.0,28.0,6.0
2018,19,Mexican Grand Prix,32,Sergey Sirotkin,3,19,20,3.127,1.0,7.0,0.0
2018,20,Brazilian Grand Prix,18,Lewis Hamilton,131,1,1,0.0,358.0,585.0,25.0
2018,20,Brazilian Grand Prix,18,Fernando Alonso,1,17,18,2.121,50.0,62.0,0.0
2018,20,Brazilian Grand Prix,18,Kimi Räikkönen,6,4,4,0.175,236.0,530.0,15.0
2018,20,Brazilian Grand Prix,18,Sebastian Vettel,6,2,2,0.093,294.0,530.0,8.0
2018,20,Brazilian Grand Prix,18,Romain Grosjean,210,8,9,0.958,31.0,84.0,4.0
2018,20,Brazilian Grand Prix,18,Nico Hülkenberg,4,13,14,1.553,69.0,114.0,0.0
2018,20,Brazilian Grand Prix,18,Sergio Pérez,10,12,12,1.46,57.0,106.0,1.0
2018,20,Brazilian Grand Prix,18,Daniel Ricciardo,9,11,6,0.499,146.0,362.0,12.0
2018,20,Brazilian Grand Prix,18,Valtteri Bottas,131,3,3,0.16,227.0,585.0,10.0
2018,20,Brazilian Grand Prix,18,Kevin Magnussen,210,10,11,1.193,53.0,84.0,2.0
2018,20,Brazilian Grand Prix,18,Marcus Ericsson,15,6,7,1.015,9.0,36.0,0.0
2018,20,Brazilian Grand Prix,18,Max Verstappen,9,5,5,0.497,216.0,362.0,18.0
2018,20,Brazilian Grand Prix,18,Carlos Sainz,4,15,16,1.988,45.0,114.0,0.0
2018,20,Brazilian Grand Prix,18,Stoffel Vandoorne,1,20,20,2.32,12.0,62.0,0.0
2018,20,Brazilian Grand Prix,18,Esteban Ocon,10,18,13,1.489,49.0,106.0,0.0
2018,20,Brazilian Grand Prix,18,Lance Stroll,3,19,19,2.16,6.0,7.0,0.0
2018,20,Brazilian Grand Prix,18,Pierre Gasly,5,9,10,1.335,29.0,33.0,0.0
2018,20,Brazilian Grand Prix,18,Brendon Hartley,5,16,17,1.999,4.0,33.0,0.0
2018,20,Brazilian Grand Prix,18,Charles Leclerc,15,7,8,1.054,27.0,36.0,6.0
2018,20,Brazilian Grand Prix,18,Sergey Sirotkin,3,14,15,1.978,1.0,7.0,0.0
2018,21,Abu Dhabi Grand Prix,24,Lewis Hamilton,131,1,1,0.0,383.0,620.0,25.0
2018,21,Abu Dhabi Grand Prix,24,Fernando Alonso,1,15,15,2.949,50.0,62.0,0.0
2018,21,Abu Dhabi Grand Prix,24,Kimi Räikkönen,6,4,4,0.571,251.0,553.0,0.0
2018,21,Abu Dhabi Grand Prix,24,Sebastian Vettel,6,3,3,0.331,302.0,553.0,18.0
2018,21,Abu Dhabi Grand Prix,24,Romain Grosjean,210,7,7,1.398,35.0,90.0,2.0
2018,21,Abu Dhabi Grand Prix,24,Nico Hülkenberg,4,10,10,1.748,69.0,114.0,0.0
2018,21,Abu Dhabi Grand Prix,24,Sergio Pérez,10,14,14,2.461,58.0,107.0,4.0
2018,21,Abu Dhabi Grand Prix,24,Daniel Ricciardo,9,5,5,0.607,158.0,392.0,12.0
2018,21,Abu Dhabi Grand Prix,24,Valtteri Bottas,131,2,2,0.162,237.0,620.0,10.0
2018,21,Abu Dhabi Grand Prix,24,Kevin Magnussen,210,13,13,2.515,55.0,90.0,1.0
2018,21,Abu Dhabi Grand Prix,24,Marcus Ericsson,15,12,12,2.338,9.0,42.0,0.0
2018,21,Abu Dhabi Grand Prix,24,Max Verstappen,9,6,6,0.795,234.0,392.0,15.0
2018,21,Abu Dhabi Grand Prix,24,Carlos Sainz,4,11,11,2.188,45.0,114.0,8.0
2018,21,Abu Dhabi Grand Prix,24,Stoffel Vandoorne,1,18,18,3.783,12.0,62.0,0.0
2018,21,Abu Dhabi Grand Prix,24,Esteban Ocon,10,9,9,1.746,49.0,107.0,0.0
2018,21,Abu Dhabi Grand Prix,24,Lance Stroll,3,20,20,3.888,6.0,7.0,0.0
2018,21,Abu Dhabi Grand Prix,24,Pierre Gasly,5,17,17,3.372,29.0,33.0,0.0
2018,21,Abu Dhabi Grand Prix,24,Brendon Hartley,5,16,16,3.2,4.0,33.0,0.0
2018,21,Abu Dhabi Grand Prix,24,Charles Leclerc,15,8,8,1.443,33.0,42.0,6.0
2018,21,Abu Dhabi Grand Prix,24,Sergey Sirotkin,3,19,19,3.841,1.0,7.0,0.0
2019,1,Australian Grand Prix,1,Lewis Hamilton,131,1,1,0.0,0.0,0.0,18.0
2019,1,Australian Grand Prix,1,Kimi Räikkönen,51,9,9,1.828,0.0,0.0,4.0
2019,1,Australian Grand Prix,1,Robert Kubica,3,20,20,5.581,0.0,0.0,0.0
2019,1,Australian Grand Prix,1,Sebastian Vettel,6,3,3,0.704,0.0,0.0,12.0
2019,1,Australian Grand Prix,1,Romain Grosjean,210,6,6,1.34,0.0,0.0,0.0
2019,1,Australian Grand Prix,1,Nico Hülkenberg,4,11,11,2.054,0.0,0.0,6.0
2019,1,Australian Grand Prix,1,Sergio Pérez,211,10,10,2.046,0.0,0.0,0.0
2019,1,Australian Grand Prix,1,Daniel Ricciardo,4,12,12,2.084,0.0,0.0,0.0
2019,1,Australian Grand Prix,1,Valtteri Bottas,131,2,2,0.112,0.0,0.0,26.0
2019,1,Australian Grand Prix,1,Kevin Magnussen,210,7,7,1.613,0.0,0.0,8.0
2019,1,Australian Grand Prix,1,Daniil Kvyat,5,15,15,2.025,0.0,0.0,1.0
2019,1,Australian Grand Prix,1,Max Verstappen,9,4,4,0.834,0.0,0.0,15.0
2019,1,Australian Grand Prix,1,Carlos Sainz,1,18,18,2.598,0.0,0.0,0.0
2019,1,Australian Grand Prix,1,Lance Stroll,211,16,16,2.531,0.0,0.0,2.0
2019,1,Australian Grand Prix,1,Antonio Giovinazzi,51,14,14,1.945,0.0,0.0,0.0
2019,1,Australian Grand Prix,1,Pierre Gasly,9,17,17,2.534,0.0,0.0,0.0
2019,1,Australian Grand Prix,1,Charles Leclerc,6,5,5,0.956,0.0,0.0,10.0
2019,1,Australian Grand Prix,1,Lando Norris,1,8,8,1.818,0.0,0.0,0.0
2019,1,Australian Grand Prix,1,George Russell,3,19,19,3.874,0.0,0.0,0.0
2019,1,Australian Grand Prix,1,Alexander Albon,5,13,13,2.15,0.0,0.0,0.0
2019,2,Bahrain Grand Prix,3,Lewis Hamilton,131,3,3,0.324,18.0,44.0,25.0
2019,2,Bahrain Grand Prix,3,Kimi Räikkönen,51,8,9,1.156,4.0,4.0,6.0
2019,2,Bahrain Grand Prix,3,Robert Kubica,3,20,20,3.933,0.0,0.0,0.0
2019,2,Bahrain Grand Prix,3,Sebastian Vettel,6,2,2,0.294,12.0,22.0,10.0
2019,2,Bahrain Grand Prix,3,Romain Grosjean,210,11,8,1.149,0.0,8.0,0.0
2019,2,Bahrain Grand Prix,3,Nico Hülkenberg,4,17,17,2.168,6.0,6.0,0.0
2019,2,Bahrain Grand Prix,3,Sergio Pérez,211,14,14,1.89,0.0,2.0,1.0
2019,2,Bahrain Grand Prix,3,Daniel Ricciardo,4,10,11,1.622,0.0,6.0,0.0
2019,2,Bahrain Grand Prix,3,Valtteri Bottas,131,4,4,0.39,26.0,44.0,18.0
2019,2,Bahrain Grand Prix,3,Kevin Magnussen,210,6,6,0.891,8.0,8.0,0.0
2019,2,Bahrain Grand Prix,3,Daniil Kvyat,5,15,15,1.988,1.0,1.0,0.0
2019,2,Bahrain Grand Prix,3,Max Verstappen,9,5,5,0.886,15.0,15.0,12.0
2019,2,Bahrain Grand Prix,3,Carlos Sainz,1,7,7,0.947,0.0,0.0,0.0
2019,2,Bahrain Grand Prix,3,Lance Stroll,211,18,18,2.351,2.0,2.0,0.0
2019,2,Bahrain Grand Prix,3,Antonio Giovinazzi,51,16,16,2.16,0.0,4.0,0.0
2019,2,Bahrain Grand Prix,3,Pierre Gasly,9,13,13,1.66,0.0,15.0,4.0
2019,2,Bahrain Grand Prix,3,Charles Leclerc,6,1,1,0.0,10.0,22.0,16.0
2019,2,Bahrain Grand Prix,3,Lando Norris,1,9,10,1.177,0.0,0.0,8.0
2019,2,Bahrain Grand Prix,3,George Russell,3,19,19,3.893,0.0,0.0,0.0
2019,2,Bahrain Grand Prix,3,Alexander Albon,5,12,12,1.647,0.0,1.0,2.0
2019,3,Chinese Grand Prix,17,Lewis Hamilton,131,2,2,0.023,43.0,87.0,25.0
2019,3,Chinese Grand Prix,17,Kimi Räikkönen,51,13,13,1.872,10.0,10.0,2.0
2019,3,Chinese Grand Prix,17,Robert Kubica,3,18,18,3.734,0.0,0.0,0.0
2019,3,Chinese Grand Prix,17,Sebastian Vettel,6,3,3,0.301,22.0,48.0,15.0
2019,3,Chinese Grand Prix,17,Romain Grosjean,210,10,10,1.609,0.0,8.0,0.0
2019,3,Chinese Grand Prix,17,Nico Hülkenberg,4,8,8,1.415,6.0,6.0,0.0
2019,3,Chinese Grand Prix,17,Sergio Pérez,211,12,12,1.752,1.0,3.0,4.0
2019,3,Chinese Grand Prix,17,Daniel Ricciardo,4,7,7,1.411,0.0,6.0,6.0
2019,3,Chinese Grand Prix,17,Valtteri Bottas,131,1,1,0.0,44.0,87.0,18.0
2019,3,Chinese Grand Prix,17,Kevin Magnussen,210,9,9,1.603,8.0,8.0,0.0
2019,3,Chinese Grand Prix,17,Daniil Kvyat,5,11,11,1.689,1.0,3.0,0.0
2019,3,Chinese Grand Prix,17,Max Verstappen,9,5,5,0.542,27.0,31.0,12.0
2019,3,Chinese Grand Prix,17,Carlos Sainz,1,14,14,1.976,0.0,8.0,0.0
2019,3,Chinese Grand Prix,17,Lance Stroll,211,16,16,2.745,2.0,3.0,0.0
2019,3,Chinese Grand Prix,17,Antonio Giovinazzi,51,19,19,1.629,0.0,10.0,0.0
2019,3,Chinese Grand Prix,17,Pierre Gasly,9,6,6,1.383,4.0,31.0,9.0
2019,3,Chinese Grand Prix,17,Charles Leclerc,6,4,4,0.318,26.0,48.0,10.0
2019,3,Chinese Grand Prix,17,Lando Norris,1,15,15,2.42,8.0,8.0,0.0
2019,3,Chinese Grand Prix,17,George Russell,3,17,17,3.706,0.0,0.0,0.0
2019,4,Azerbaijan Grand Prix,73,Lewis Hamilton,131,2,2,0.059,68.0,130.0,18.0
2019,4,Azerbaijan Grand Prix,73,Sebastian Vettel,6,3,3,0.302,37.0,73.0,15.0
2019,4,Azerbaijan Grand Prix,73,Romain Grosjean,210,14,15,2.912,0.0,8.0,0.0
2019,4,Azerbaijan Grand Prix,73,Nico Hülkenberg,4,15,16,2.932,6.0,12.0,0.0
2019,4,Azerbaijan Grand Prix,73,Sergio Pérez,211,5,5,1.098,5.0,7.0,8.0
2019,4,Azerbaijan Grand Prix,73,Daniel Ricciardo,4,10,11,1.982,6.0,12.0,0.0
2019,4,Azerbaijan Grand Prix,73,Valtteri Bottas,131,1,1,0.0,62.0,130.0,25.0
2019,4,Azerbaijan Grand Prix,73,Kevin Magnussen,210,12,13,1.887,8.0,8.0,0.0
2019,4,Azerbaijan Grand Prix,73,Daniil Kvyat,5,6,6,1.186,1.0,4.0,0.0
2019,4,Azerbaijan Grand Prix,73,Max Verstappen,9,4,4,0.574,39.0,52.0,12.0
2019,4,Azerbaijan Grand Prix,73,Carlos Sainz,1,9,10,1.441,0.0,8.0,6.0
2019,4,Azerbaijan Grand Prix,73,Lance Stroll,211,13,14,2.135,2.0,7.0,2.0
2019,4,Azerbaijan Grand Prix,73,Antonio Giovinazzi,51,17,8,1.645,0.0,12.0,0.0
2019,4,Azerbaijan Grand Prix,73,Charles Leclerc,6,8,9,0.931,36.0,73.0,11.0
2019,4,Azerbaijan Grand Prix,73,Lando Norris,1,7,7,1.391,8.0,8.0,4.0
2019,4,Azerbaijan Grand Prix,73,George Russell,3,16,17,4.567,0.0,0.0,0.0
2019,4,Azerbaijan Grand Prix,73,Alexander Albon,5,11,12,1.659,3.0,4.0,0.0
2019,5,Spanish Grand Prix,4,Lewis Hamilton,131,2,2,0.632,86.0,173.0,26.0
2019,5,Spanish Grand Prix,4,Kimi Räikkönen,51,14,14,2.382,13.0,13.0,0.0
2019,5,Spanish Grand Prix,4,Robert Kubica,3,17,20,4.848,0.0,0.0,0.0
2019,5,Spanish Grand Prix,4,Sebastian Vettel,6,3,3,0.866,52.0,99.0,12.0
2019,5,Spanish Grand Prix,4,Romain Grosjean,210,7,7,1.505,0.0,8.0,1.0
2019,5,Spanish Grand Prix,4,Sergio Pérez,211,15,15,2.48,13.0,17.0,0.0
2019,5,Spanish Grand Prix,4,Daniel Ricciardo,4,13,10,1.893,6.0,12.0,0.0
2019,5,Spanish Grand Prix,4,Valtteri Bottas,131,1,1,0.0,87.0,173.0,18.0
2019,5,Spanish Grand Prix,4,Kevin Magnussen,210,8,8,1.516,8.0,8.0,6.0
2019,5,Spanish Grand Prix,4,Daniil Kvyat,5,9,9,1.837,1.0,4.0,2.0
2019,5,Spanish Grand Prix,4,Max Verstappen,9,4,4,0.951,51.0,64.0,15.0
2019,5,Spanish Grand Prix,4,Carlos Sainz,1,12,13,2.193,6.0,18.0,4.0
2019,5,Spanish Grand Prix,4,Lance Stroll,211,16,17,3.065,4.0,17.0,0.0
2019,5,Spanish Grand Prix,4,Antonio Giovinazzi,51,18,18,3.258,0.0,13.0,0.0
2019,5,Spanish Grand Prix,4,Pierre Gasly,9,6,6,1.302,13.0,64.0,8.0
2019,5,Spanish Grand Prix,4,Charles Leclerc,6,5,5,1.182,47.0,99.0,10.0
2019,5,Spanish Grand Prix,4,Lando Norris,1,10,11,1.932,12.0,18.0,0.0
2019,5,Spanish Grand Prix,4,George Russell,3,19,19,3.666,0.0,0.0,0.0
2019,5,Spanish Grand Prix,4,Alexander Albon,5,11,12,2.039,3.0,4.0,0.0
2019,6,Monaco Grand Prix,6,Lewis Hamilton,131,1,1,0.0,112.0,217.0,25.0
2019,6,Monaco Grand Prix,6,Kimi Räikkönen,51,14,14,1.827,13.0,13.0,0.0
2019,6,Monaco Grand Prix,6,Robert Kubica,3,20,20,3.585,0.0,0.0,0.0
2019,6,Monaco Grand Prix,6,Sebastian Vettel,6,4,4,0.781,64.0,121.0,18.0
2019,6,Monaco Grand Prix,6,Romain Grosjean,210,13,13,1.671,1.0,15.0,1.0
2019,6,Monaco Grand Prix,6,Nico Hülkenberg,4,11,11,1.504,6.0,12.0,0.0
2019,6,Monaco Grand Prix,6,Sergio Pérez,211,16,17,2.067,13.0,17.0,0.0
2019,6,Monaco Grand Prix,6,Daniel Ricciardo,4,6,7,1.052,6.0,12.0,2.0
2019,6,Monaco Grand Prix,6,Valtteri Bottas,131,2,2,0.086,105.0,217.0,15.0
2019,6,Monaco Grand Prix,6,Kevin Magnussen,210,5,6,0.943,14.0,15.0,0.0
2019,6,Monaco Grand Prix,6,Daniil Kvyat,5,7,8,1.105,3.0,6.0,6.0
2019,6,Monaco Grand Prix,6,Max Verstappen,9,3,3,0.452,66.0,87.0,12.0
2019,6,Monaco Grand Prix,6,Carlos Sainz,1,9,9,1.251,10.0,22.0,8.0
2019,6,Monaco Grand Prix,6,Lance Stroll,211,17,18,2.68,4.0,17.0,0.0
2019,6,Monaco Grand Prix,6,Antonio Giovinazzi,51,18,15,1.81,0.0,13.0,0.0
2019,6,Monaco Grand Prix,6,Pierre Gasly,9,8,5,0.875,21.0,87.0,11.0
2019,6,Monaco Grand Prix,6,Charles Leclerc,6,15,16,1.983,57.0,121.0,0.0
2019,6,Monaco Grand Prix,6,Lando Norris,1,12,12,1.558,12.0,22.0,0.0
2019,6,Monaco Grand Prix,6,George Russell,3,19,19,3.311,0.0,0.0,0.0
2019,6,Monaco Grand Prix,6,Alexander Albon,5,10,10,1.263,3.0,6.0,4.0
2019,7,Canadian Grand Prix,7,Lewis Hamilton,131,2,2,0.206,137.0,257.0,25.0
2019,7,Canadian Grand Prix,7,Kimi Räikkönen,51,16,17,1.99,13.0,13.0,0.0
2019,7,Canadian Grand Prix,7,Robert Kubica,3,19,20,4.153,0.0,0.0,0.0
2019,7,Canadian Grand Prix,7,Sebastian Vettel,6,1,1,0.0,82.0,139.0,18.0
2019,7,Canadian Grand Prix,7,Romain Grosjean,210,14,15,1.869,2.0,16.0,0.0
2019,7,Canadian Grand Prix,7,Nico Hülkenberg,4,7,7,1.084,6.0,14.0,6.0
2019,7,Canadian Grand Prix,7,Sergio Pérez,211,15,16,1.957,13.0,17.0,0.0
2019,7,Canadian Grand Prix,7,Daniel Ricciardo,4,4,4,0.831,8.0,14.0,8.0
2019,7,Canadian Grand Prix,7,Valtteri Bottas,131,6,6,0.855,120.0,257.0,13.0
2019,7,Canadian Grand Prix,7,Daniil Kvyat,5,10,12,1.681,9.0,16.0,1.0
2019,7,Canadian Grand Prix,7,Max Verstappen,9,9,11,1.379,78.0,110.0,10.0
2019,7,Canadian Grand Prix,7,Carlos Sainz,1,11,9,1.332,18.0,30.0,0.0
2019,7,Canadian Grand Prix,7,Lance Stroll,211,17,18,2.026,4.0,17.0,2.0
2019,7,Canadian Grand Prix,7,Antonio Giovinazzi,51,12,13,1.882,0.0,13.0,0.0
2019,7,Canadian Grand Prix,7,Pierre Gasly,9,5,5,0.839,32.0,110.0,4.0
2019,7,Canadian Grand Prix,7,Charles Leclerc,6,3,3,0.68,57.0,139.0,15.0
2019,7,Canadian Grand Prix,7,Lando Norris,1,8,8,1.495,12.0,30.0,0.0
2019,7,Canadian Grand Prix,7,George Russell,3,18,19,3.377,0.0,0.0,0.0
2019,7,Canadian Grand Prix,7,Alexander Albon,5,13,14,1.78,7.0,16.0,0.0
2019,8,French Grand Prix,34,Lewis Hamilton,131,1,1,0.0,162.0,295.0,25.0
2019,8,French Grand Prix,34,Kimi Räikkönen,51,12,12,2.214,13.0,13.0,6.0
2019,8,French Grand Prix,34,Robert Kubica,3,18,20,4.886,0.0,0.0,0.0
2019,8,French Grand Prix,34,Sebastian Vettel,6,7,7,1.187,100.0,172.0,11.0
2019,8,French Grand Prix,34,Romain Grosjean,210,16,17,3.307,2.0,16.0,0.0
2019,8,French Grand Prix,34,Nico Hülkenberg,4,13,13,2.225,12.0,28.0,4.0
2019,8,French Grand Prix,34,Sergio Pérez,211,14,14,2.419,13.0,19.0,0.0
2019,8,French Grand Prix,34,Daniel Ricciardo,4,8,8,1.599,16.0,28.0,0.0
2019,8,French Grand Prix,34,Valtteri Bottas,131,2,2,0.286,133.0,295.0,18.0
2019,8,French Grand Prix,34,Kevin Magnussen,210,15,15,2.847,14.0,16.0,0.0
2019,8,French Grand Prix,34,Daniil Kvyat,5,19,16,3.245,10.0,17.0,0.0
2019,8,French Grand Prix,34,Max Verstappen,9,4,4,1.09,88.0,124.0,12.0
2019,8,French Grand Prix,34,Carlos Sainz,1,6,6,1.203,18.0,30.0,8.0
2019,8,French Grand Prix,34,Lance Stroll,211,17,18,3.407,6.0,19.0,0.0
2019,8,French Grand Prix,34,Antonio Giovinazzi,51,10,10,2.089,0.0,13.0,0.0
2019,8,French Grand Prix,34,Pierre Gasly,9,9,9,1.865,36.0,124.0,1.0
2019,8,French Grand Prix,34,Charles Leclerc,6,3,3,0.646,72.0,172.0,15.0
2019,8,French Grand Prix,34,Lando Norris,1,5,5,1.099,12.0,30.0,2.0
2019,8,French Grand Prix,34,George Russell,3,20,19,4.47,0.0,0.0,0.0
2019,8,French Grand Prix,34,Alexander Albon,5,11,11,2.142,7.0,17.0,0.0
2019,9,Austrian Grand Prix,70,Lewis Hamilton,131,4,2,0.259,187.0,338.0,10.0
2019,9,Austrian Grand Prix,70,Kimi Räikkönen,51,6,7,1.053,19.0,19.0,2.0
2019,9,Austrian Grand Prix,70,Robert Kubica,3,17,20,3.203,0.0,0.0,0.0
2019,9,Austrian Grand Prix,70,Sebastian Vettel,6,9,10,0.664,111.0,198.0,12.0
2019,9,Austrian Grand Prix,70,Romain Grosjean,210,11,11,1.487,2.0,16.0,0.0
2019,9,Austrian Grand Prix,70,Nico Hülkenberg,4,15,12,1.513,16.0,32.0,0.0
2019,9,Austrian Grand Prix,70,Sergio Pérez,211,13,16,1.786,13.0,19.0,0.0
2019,9,Austrian Grand Prix,70,Daniel Ricciardo,4,12,14,1.644,16.0,32.0,0.0
2019,9,Austrian Grand Prix,70,Valtteri Bottas,131,3,4,0.534,151.0,338.0,15.0
2019,9,Austrian Grand Prix,70,Kevin Magnussen,210,10,5,1.069,14.0,16.0,0.0
2019,9,Austrian Grand Prix,70,Daniil Kvyat,5,16,18,2.321,10.0,17.0,0.0
2019,9,Austrian Grand Prix,70,Max Verstappen,9,2,3,0.436,100.0,137.0,26.0
2019,9,Austrian Grand Prix,70,Carlos Sainz,1,19,15,1.45,26.0,40.0,4.0
2019,9,Austrian Grand Prix,70,Lance Stroll,211,14,17,1.829,6.0,19.0,0.0
2019,9,Austrian Grand Prix,70,Antonio Giovinazzi,51,7,8,1.176,0.0,19.0,1.0
2019,9,Austrian Grand Prix,70,Pierre Gasly,9,8,9,0.985,37.0,137.0,6.0
2019,9,Austrian Grand Prix,70,Charles Leclerc,6,1,1,0.0,87.0,198.0,18.0
2019,9,Austrian Grand Prix,70,Lando Norris,1,5,6,1.096,14.0,40.0,8.0
2019,9,Austrian Grand Prix,70,Alexander Albon,5,18,13,1.662,7.0,17.0,0.0
2019,10,British Grand Prix,9,Lewis Hamilton,131,2,2,0.006,197.0,363.0,26.0
2019,10,British Grand Prix,9,Kimi Räikkönen,51,12,12,1.453,21.0,22.0,4.0
2019,10,British Grand Prix,9,Robert Kubica,3,20,20,3.164,0.0,0.0,0.0
2019,10,British Grand Prix,9,Sebastian Vettel,6,6,6,0.694,123.0,228.0,0.0
2019,10,British Grand Prix,9,Romain Grosjean,210,14,14,1.254,2.0,16.0,0.0
2019,10,British Grand Prix,9,Nico Hülkenberg,4,10,10,1.293,16.0,32.0,1.0
2019,10,British Grand Prix,9,Sergio Pérez,211,15,15,1.556,13.0,19.0,0.0
2019,10,British Grand Prix,9,Daniel Ricciardo,4,7,7,1.089,16.0,32.0,6.0
2019,10,British Grand Prix,9,Valtteri Bottas,131,1,1,0.0,166.0,363.0,18.0
2019,10,British Grand Prix,9,Kevin Magnussen,210,16,16,1.569,14.0,16.0,0.0
2019,10,British Grand Prix,9,Daniil Kvyat,5,17,17,1.628,10.0,17.0,2.0
2019,10,British Grand Prix,9,Max Verstappen,9,4,4,0.183,126.0,169.0,10.0
2019,10,British Grand Prix,9,Carlos Sainz,1,13,13,1.11,30.0,52.0,8.0
2019,10,British Grand Prix,9,Lance Stroll,211,18,18,1.669,6.0,19.0,0.0
2019,10,British Grand Prix,9,Antonio Giovinazzi,51,11,11,1.356,1.0,22.0,0.0
2019,10,British Grand Prix,9,Pierre Gasly,9,5,5,0.497,43.0,169.0,12.0
2019,10,British Grand Prix,9,Charles Leclerc,6,3,3,0.079,105.0,228.0,15.0
2019,10,British Grand Prix,9,Lando Norris,1,8,8,0.986,22.0,52.0,0.0
2019,10,British Grand Prix,9,George Russell,3,19,19,2.696,0.0,0.0,0.0
2019,10,British Grand Prix,9,Alexander Albon,5,9,9,1.252,7.0,17.0,0.0
2019,11,German Grand Prix,10,Lewis Hamilton,131,1,1,0.0,223.0,407.0,2.0
2019,11,German Grand Prix,10,Kimi Räikkönen,51,5,5,0.752,25.0,26.0,0.0
2019,11,German Grand Prix,10,Robert Kubica,3,18,19,3.072,0.0,0.0,1.0
2019,11,German Grand Prix,10,Sebastian Vettel,6,20,20,0.0,123.0,243.0,18.0
2019,11,German Grand Prix,10,Romain Grosjean,210,6,6,1.002,2.0,16.0,6.0
2019,11,German Grand Prix,10,Nico Hülkenberg,4,9,9,0.999,17.0,39.0,0.0
2019,11,German Grand Prix,10,Sergio Pérez,211,8,8,1.009,13.0,19.0,0.0
2019,11,German Grand Prix,10,Daniel Ricciardo,4,13,13,1.032,22.0,39.0,0.0
2019,11,German Grand Prix,10,Valtteri Bottas,131,3,3,0.362,184.0,407.0,0.0
2019,11,German Grand Prix,10,Kevin Magnussen,210,12,12,1.022,14.0,16.0,4.0
2019,11,German Grand Prix,10,Daniil Kvyat,5,14,14,1.368,12.0,19.0,15.0
2019,11,German Grand Prix,10,Max Verstappen,9,2,2,0.346,136.0,191.0,26.0
2019,11,German Grand Prix,10,Carlos Sainz,1,7,7,0.865,38.0,60.0,10.0
2019,11,German Grand Prix,10,Lance Stroll,211,15,15,1.489,6.0,19.0,12.0
2019,11,German Grand Prix,10,Antonio Giovinazzi,51,11,11,1.019,1.0,26.0,0.0
2019,11,German Grand Prix,10,Pierre Gasly,9,4,4,0.618,55.0,191.0,0.0
2019,11,German Grand Prix,10,Charles Leclerc,6,10,10,0.462,120.0,243.0,0.0
2019,11,German Grand Prix,10,Lando Norris,1,19,16,1.566,22.0,60.0,0.0
2019,11,German Grand Prix,10,George Russell,3,17,18,2.954,0.0,0.0,0.0
2019,11,German Grand Prix,10,Alexander Albon,5,16,17,1.694,7.0,19.0,8.0
2019,12,Hungarian Grand Prix,11,Lewis Hamilton,131,3,3,0.197,225.0,409.0,25.0
2019,12,Hungarian Grand Prix,11,Kimi Räikkönen,51,10,10,1.469,25.0,26.0,6.0
2019,12,Hungarian Grand Prix,11,Robert Kubica,3,19,20,3.752,1.0,1.0,0.0
2019,12,Hungarian Grand Prix,11,Sebastian Vettel,6,5,5,0.499,141.0,261.0,15.0
2019,12,Hungarian Grand Prix,11,Romain Grosjean,210,9,9,1.441,8.0,26.0,0.0
2019,12,Hungarian Grand Prix,11,Nico Hülkenberg,4,11,11,1.993,17.0,39.0,0.0
2019,12,Hungarian Grand Prix,11,Sergio Pérez,211,16,17,2.537,13.0,31.0,0.0
2019,12,Hungarian Grand Prix,11,Daniel Ricciardo,4,20,18,2.685,22.0,39.0,0.0
2019,12,Hungarian Grand Prix,11,Valtteri Bottas,131,2,2,0.018,184.0,409.0,4.0
2019,12,Hungarian Grand Prix,11,Kevin Magnussen,210,14,15,1.55,18.0,26.0,0.0
2019,12,Hungarian Grand Prix,11,Daniil Kvyat,5,13,13,2.12,27.0,42.0,0.0
2019,12,Hungarian Grand Prix,11,Max Verstappen,9,1,1,0.0,162.0,217.0,19.0
2019,12,Hungarian Grand Prix,11,Carlos Sainz,1,8,8,1.28,48.0,70.0,10.0
2019,12,Hungarian Grand Prix,11,Lance Stroll,211,18,19,2.97,18.0,31.0,0.0
2019,12,Hungarian Grand Prix,11,Antonio Giovinazzi,51,17,14,2.232,1.0,26.0,0.0
2019,12,Hungarian Grand Prix,11,Pierre Gasly,9,6,6,0.878,55.0,217.0,8.0
2019,12,Hungarian Grand Prix,11,Charles Leclerc,6,4,4,0.471,120.0,261.0,12.0
2019,12,Hungarian Grand Prix,11,Lando Norris,1,7,7,1.228,22.0,70.0,2.0
2019,12,Hungarian Grand Prix,11,George Russell,3,15,16,2.459,0.0,1.0,0.0
2019,12,Hungarian Grand Prix,11,Alexander Albon,5,12,12,2.115,15.0,42.0,1.0
2019,13,Belgian Grand Prix,13,Lewis Hamilton,131,3,3,0.763,250.0,438.0,18.0
2019,13,Belgian Grand Prix,13,Kimi Räikkönen,51,6,8,1.621,31.0,32.0,0.0
2019,13,Belgian Grand Prix,13,Sebastian Vettel,6,2,2,0.518,156.0,288.0,13.0
2019,13,Belgian Grand Prix,13,Romain Grosjean,210,9,11,2.278,8.0,26.0,0.0
2019,13,Belgian Grand Prix,13,Nico Hülkenberg,4,12,7,2.023,17.0,39.0,4.0
2019,13,Belgian Grand Prix,13,Sergio Pérez,211,7,9,2.187,13.0,31.0,8.0
2019,13,Belgian Grand Prix,13,Daniel Ricciardo,4,10,6,1.584,22.0,39.0,0.0
2019,13,Belgian Grand Prix,13,Valtteri Bottas,131,4,4,0.896,188.0,438.0,15.0
2019,13,Belgian Grand Prix,13,Kevin Magnussen,210,8,10,2.219,18.0,26.0,0.0
2019,13,Belgian Grand Prix,13,Daniil Kvyat,5,19,18,3.999,27.0,43.0,6.0
2019,13,Belgian Grand Prix,13,Max Verstappen,9,5,5,1.171,181.0,244.0,0.0
2019,13,Belgian Grand Prix,13,Carlos Sainz,1,15,17,3.988,58.0,82.0,0.0
2019,13,Belgian Grand Prix,13,Lance Stroll,211,16,13,2.528,18.0,31.0,1.0
2019,13,Belgian Grand Prix,13,Antonio Giovinazzi,51,18,15,3.118,1.0,32.0,0.0
2019,13,Belgian Grand Prix,13,Pierre Gasly,5,13,16,3.916,63.0,43.0,2.0
2019,13,Belgian Grand Prix,13,Charles Leclerc,6,1,1,0.0,132.0,288.0,25.0
2019,13,Belgian Grand Prix,13,Lando Norris,1,11,12,2.328,24.0,82.0,0.0
2019,13,Belgian Grand Prix,13,George Russell,3,14,19,5.029,0.0,1.0,0.0
2019,13,Belgian Grand Prix,13,Alexander Albon,9,17,14,3.009,16.0,244.0,10.0
2019,14,Italian Grand Prix,14,Lewis Hamilton,131,2,2,0.039,268.0,471.0,16.0
2019,14,Italian Grand Prix,14,Robert Kubica,3,15,19,3.049,1.0,1.0,0.0
2019,14,Italian Grand Prix,14,Sebastian Vettel,6,4,4,0.15,169.0,326.0,0.0
2019,14,Italian Grand Prix,14,Romain Grosjean,210,13,16,1.477,8.0,26.0,0.0
2019,14,Italian Grand Prix,14,Nico Hülkenberg,4,6,6,0.742,21.0,43.0,10.0
2019,14,Italian Grand Prix,14,Sergio Pérez,211,18,17,1.984,21.0,40.0,6.0
2019,14,Italian Grand Prix,14,Daniel Ricciardo,4,5,5,0.526,22.0,43.0,12.0
2019,14,Italian Grand Prix,14,Valtteri Bottas,131,3,3,0.047,203.0,471.0,18.0
2019,14,Italian Grand Prix,14,Kevin Magnussen,210,11,12,1.308,18.0,26.0,0.0
2019,14,Italian Grand Prix,14,Daniil Kvyat,5,12,13,1.323,33.0,51.0,0.0
2019,14,Italian Grand Prix,14,Max Verstappen,9,19,20,0.0,181.0,254.0,4.0
2019,14,Italian Grand Prix,14,Carlos Sainz,1,7,7,0.895,58.0,82.0,0.0
2019,14,Italian Grand Prix,14,Lance Stroll,211,9,9,1.191,19.0,40.0,0.0
2019,14,Italian Grand Prix,14,Antonio Giovinazzi,51,10,11,1.21,1.0,32.0,2.0
2019,14,Italian Grand Prix,14,Pierre Gasly,5,17,15,1.201,65.0,51.0,0.0
2019,14,Italian Grand Prix,14,Charles Leclerc,6,1,1,0.0,157.0,326.0,25.0
2019,14,Italian Grand Prix,14,Lando Norris,1,16,14,1.339,24.0,82.0,1.0
2019,14,Italian Grand Prix,14,George Russell,3,14,18,2.493,0.0,1.0,0.0
2019,14,Italian Grand Prix,14,Alexander Albon,9,8,8,0.714,26.0,254.0,8.0
2019,15,Singapore Grand Prix,15,Lewis Hamilton,131,2,2,0.191,284.0,505.0,12.0
2019,15,Singapore Grand Prix,15,Kimi Räikkönen,51,12,13,2.641,31.0,34.0,0.0
2019,15,Singapore Grand Prix,15,Robert Kubica,3,19,19,4.969,1.0,1.0,0.0
2019,15,Singapore Grand Prix,15,Sebastian Vettel,6,3,3,0.22,169.0,351.0,25.0
2019,15,Singapore Grand Prix,15,Romain Grosjean,210,17,17,4.06,8.0,26.0,0.0
2019,15,Singapore Grand Prix,15,Nico Hülkenberg,4,8,8,2.047,31.0,65.0,2.0
2019,15,Singapore Grand Prix,15,Sergio Pérez,211,15,10,2.303,27.0,46.0,0.0
2019,15,Singapore Grand Prix,15,Daniel Ricciardo,4,20,20,0.0,34.0,65.0,0.0
2019,15,Singapore Grand Prix,15,Valtteri Bottas,131,5,5,0.925,221.0,505.0,10.0
2019,15,Singapore Grand Prix,15,Kevin Magnussen,210,13,14,3.433,18.0,26.0,0.0
2019,15,Singapore Grand Prix,15,Daniil Kvyat,5,14,15,3.74,33.0,51.0,0.0
2019,15,Singapore Grand Prix,15,Max Verstappen,9,4,4,0.596,185.0,266.0,15.0
2019,15,Singapore Grand Prix,15,Carlos Sainz,1,7,7,1.601,58.0,83.0,0.0
2019,15,Singapore Grand Prix,15,Lance Stroll,211,16,16,3.762,19.0,46.0,0.0
2019,15,Singapore Grand Prix,15,Antonio Giovinazzi,51,10,11,2.48,3.0,34.0,1.0
2019,15,Singapore Grand Prix,15,Pierre Gasly,5,11,12,2.482,65.0,51.0,4.0
2019,15,Singapore Grand Prix,15,Charles Leclerc,6,1,1,0.0,182.0,351.0,18.0
2019,15,Singapore Grand Prix,15,Lando Norris,1,9,9,1.355,25.0,83.0,6.0
2019,15,Singapore Grand Prix,15,George Russell,3,18,18,4.65,0.0,1.0,0.0
2019,15,Singapore Grand Prix,15,Alexander Albon,9,6,6,1.194,34.0,266.0,8.0
2019,16,Russian Grand Prix,71,Lewis Hamilton,131,2,2,0.402,296.0,527.0,26.0
2019,16,Russian Grand Prix,71,Kimi Räikkönen,51,15,16,3.212,31.0,35.0,0.0
2019,16,Russian Grand Prix,71,Robert Kubica,3,18,18,4.846,1.0,1.0,0.0
2019,16,Russian Grand Prix,71,Sebastian Vettel,6,3,3,0.425,194.0,394.0,0.0
2019,16,Russian Grand Prix,71,Romain Grosjean,210,8,9,1.889,8.0,26.0,0.0
2019,16,Russian Grand Prix,71,Nico Hülkenberg,4,6,7,1.661,33.0,67.0,1.0
2019,16,Russian Grand Prix,71,Sergio Pérez,211,11,12,2.33,27.0,46.0,6.0
2019,16,Russian Grand Prix,71,Daniel Ricciardo,4,10,10,2.033,34.0,67.0,0.0
2019,16,Russian Grand Prix,71,Valtteri Bottas,131,4,5,1.004,231.0,527.0,18.0
2019,16,Russian Grand Prix,71,Kevin Magnussen,210,13,14,2.261,18.0,26.0,2.0
2019,16,Russian Grand Prix,71,Daniil Kvyat,5,19,20,7.916,33.0,55.0,0.0
2019,16,Russian Grand Prix,71,Max Verstappen,9,9,4,0.682,200.0,289.0,12.0
2019,16,Russian Grand Prix,71,Carlos Sainz,1,5,6,1.594,58.0,89.0,8.0
2019,16,Russian Grand Prix,71,Lance Stroll,211,14,15,2.605,19.0,46.0,0.0
2019,16,Russian Grand Prix,71,Antonio Giovinazzi,51,12,13,2.409,4.0,35.0,0.0
2019,16,Russian Grand Prix,71,Pierre Gasly,5,16,11,2.322,69.0,55.0,0.0
2019,16,Russian Grand Prix,71,Charles Leclerc,6,1,1,0.0,200.0,394.0,15.0
2019,16,Russian Grand Prix,71,Lando Norris,1,7,8,1.673,31.0,89.0,4.0
2019,16,Russian Grand Prix,71,George Russell,3,17,17,3.728,0.0,1.0,0.0
2019,17,Japanese Grand Prix,22,Lewis Hamilton,131,4,4,0.238,322.0,571.0,16.0
2019,17,Japanese Grand Prix,22,Kimi Räikkönen,51,13,13,2.294,31.0,35.0,0.0
2019,17,Japanese Grand Prix,22,Sebastian Vettel,6,1,1,0.0,194.0,409.0,18.0
2019,17,Japanese Grand Prix,22,Romain Grosjean,210,10,10,2.08,8.0,28.0,0.0
2019,17,Japanese Grand Prix,22,Nico Hülkenberg,4,15,15,2.555,34.0,68.0,0.0
2019,17,Japanese Grand Prix,22,Sergio Pérez,211,17,17,3.28,33.0,52.0,4.0
2019,17,Japanese Grand Prix,22,Daniel Ricciardo,4,16,16,2.758,34.0,68.0,0.0
2019,17,Japanese Grand Prix,22,Valtteri Bottas,131,3,3,0.229,249.0,571.0,25.0
2019,17,Japanese Grand Prix,22,Kevin Magnussen,210,19,19,0.0,20.0,28.0,0.0
2019,17,Japanese Grand Prix,22,Daniil Kvyat,5,14,14,2.499,33.0,55.0,1.0
2019,17,Japanese Grand Prix,22,Max Verstappen,9,5,5,0.787,212.0,311.0,0.0
2019,17,Japanese Grand Prix,22,Carlos Sainz,1,7,7,1.24,66.0,101.0,10.0
2019,17,Japanese Grand Prix,22,Lance Stroll,211,12,12,2.281,19.0,52.0,2.0
2019,17,Japanese Grand Prix,22,Antonio Giovinazzi,51,11,11,2.19,4.0,35.0,0.0
2019,17,Japanese Grand Prix,22,Pierre Gasly,5,9,9,1.715,69.0,55.0,6.0
2019,17,Japanese Grand Prix,22,Charles Leclerc,6,2,2,0.189,215.0,409.0,8.0
2019,17,Japanese Grand Prix,22,Lando Norris,1,8,8,1.4,35.0,101.0,0.0
2019,17,Japanese Grand Prix,22,George Russell,3,18,18,3.3,0.0,1.0,0.0
2019,17,Japanese Grand Prix,22,Alexander Albon,9,6,6,0.787,52.0,311.0,12.0
2019,18,Mexican Grand Prix,32,Lewis Hamilton,131,3,4,0.504,338.0,612.0,25.0
2019,18,Mexican Grand Prix,32,Kimi Räikkönen,51,14,14,2.209,31.0,35.0,0.0
2019,18,Mexican Grand Prix,32,Robert Kubica,3,20,20,5.421,1.0,1.0,0.0
2019,18,Mexican Grand Prix,32,Sebastian Vettel,6,2,3,0.412,212.0,435.0,18.0
2019,18,Mexican Grand Prix,32,Romain Grosjean,210,18,18,3.841,8.0,28.0,0.0
2019,18,Mexican Grand Prix,32,Nico Hülkenberg,4,12,12,2.127,34.0,68.0,1.0
2019,18,Mexican Grand Prix,32,Sergio Pérez,211,11,11,1.929,37.0,58.0,6.0
2019,18,Mexican Grand Prix,32,Daniel Ricciardo,4,13,13,2.175,34.0,68.0,4.0
2019,18,Mexican Grand Prix,32,Valtteri Bottas,131,6,6,0.58,274.0,612.0,15.0
2019,18,Mexican Grand Prix,32,Kevin Magnussen,210,17,17,3.678,20.0,28.0,0.0
2019,18,Mexican Grand Prix,32,Daniil Kvyat,5,9,9,1.711,34.0,62.0,0.0
2019,18,Mexican Grand Prix,32,Max Verstappen,9,4,1,0.0,212.0,323.0,8.0
2019,18,Mexican Grand Prix,32,Carlos Sainz,1,7,7,1.256,76.0,111.0,0.0
2019,18,Mexican Grand Prix,32,Lance Stroll,211,16,16,3.307,21.0,58.0,0.0
2019,18,Mexican Grand Prix,32,Antonio Giovinazzi,51,15,15,2.511,4.0,35.0,0.0
2019,18,Mexican Grand Prix,32,Pierre Gasly,5,10,10,1.828,75.0,62.0,2.0
2019,18,Mexican Grand Prix,32,Charles Leclerc,6,1,2,0.266,223.0,435.0,13.0
2019,18,Mexican Grand Prix,32,Lando Norris,1,8,8,1.564,35.0,111.0,0.0
2019,18,Mexican Grand Prix,32,George Russell,3,19,19,4.065,0.0,1.0,0.0
2019,18,Mexican Grand Prix,32,Alexander Albon,9,5,5,0.578,64.0,323.0,10.0
2019,19,United States Grand Prix,69,Lewis Hamilton,131,5,5,0.292,363.0,652.0,18.0
2019,19,United States Grand Prix,69,Kimi Räikkönen,51,17,17,2.34,31.0,35.0,0.0
2019,19,United States Grand Prix,69,Robert Kubica,3,19,20,3.86,1.0,1.0,0.0
2019,19,United States Grand Prix,69,Sebastian Vettel,6,2,2,0.012,230.0,466.0,0.0
2019,19,United States Grand Prix,69,Romain Grosjean,210,15,15,2.129,8.0,28.0,0.0
2019,19,United States Grand Prix,69,Nico Hülkenberg,4,11,11,1.786,35.0,73.0,2.0
2019,19,United States Grand Prix,69,Daniel Ricciardo,4,9,9,1.459,38.0,73.0,8.0
2019,19,United States Grand Prix,69,Valtteri Bottas,131,1,1,0.0,289.0,652.0,25.0
2019,19,United States Grand Prix,69,Kevin Magnussen,210,12,12,1.783,20.0,28.0,0.0
2019,19,United States Grand Prix,69,Daniil Kvyat,5,13,13,1.96,34.0,64.0,0.0
2019,19,United States Grand Prix,69,Max Verstappen,9,3,3,0.067,220.0,341.0,15.0
2019,19,United States Grand Prix,69,Carlos Sainz,1,7,7,0.818,76.0,111.0,4.0
2019,19,United States Grand Prix,69,Lance Stroll,211,14,14,1.892,21.0,64.0,0.0
2019,19,United States Grand Prix,69,Antonio Giovinazzi,51,16,16,2.197,4.0,35.0,0.0
2019,19,United States Grand Prix,69,Pierre Gasly,5,10,10,1.527,77.0,64.0,0.0
2019,19,United States Grand Prix,69,Charles Leclerc,6,4,4,0.108,236.0,466.0,13.0
2019,19,United States Grand Prix,69,Lando Norris,1,8,8,1.146,35.0,111.0,6.0
2019,19,United States Grand Prix,69,George Russell,3,18,18,3.343,0.0,1.0,0.0
2019,19,United States Grand Prix,69,Alexander Albon,9,6,6,0.519,74.0,341.0,10.0
2019,20,Brazilian Grand Prix,18,Lewis Hamilton,131,3,3,0.196,381.0,695.0,6.0
2019,20,Brazilian Grand Prix,18,Kimi Räikkönen,51,8,9,1.355,31.0,35.0,12.0
2019,20,Brazilian Grand Prix,18,Robert Kubica,3,19,19,3.111,1.0,1.0,0.0
2019,20,Brazilian Grand Prix,18,Sebastian Vettel,6,2,2,0.128,230.0,479.0,0.0
2019,20,Brazilian Grand Prix,18,Romain Grosjean,210,7,8,1.202,8.0,28.0,0.0
2019,20,Brazilian Grand Prix,18,Nico Hülkenberg,4,13,14,1.418,37.0,83.0,0.0
2019,20,Brazilian Grand Prix,18,Sergio Pérez,211,15,15,1.532,44.0,65.0,2.0
2019,20,Brazilian Grand Prix,18,Daniel Ricciardo,4,11,12,1.4,46.0,83.0,8.0
2019,20,Brazilian Grand Prix,18,Valtteri Bottas,131,4,5,0.371,314.0,695.0,0.0
2019,20,Brazilian Grand Prix,18,Kevin Magnussen,210,9,10,1.3,20.0,28.0,0.0
2019,20,Brazilian Grand Prix,18,Daniil Kvyat,5,16,16,1.817,34.0,64.0,1.0
2019,20,Brazilian Grand Prix,18,Max Verstappen,9,1,1,0.0,235.0,366.0,25.0
2019,20,Brazilian Grand Prix,18,Carlos Sainz,1,20,20,0.0,80.0,121.0,15.0
2019,20,Brazilian Grand Prix,18,Lance Stroll,211,17,17,2.033,21.0,65.0,0.0
2019,20,Brazilian Grand Prix,18,Antonio Giovinazzi,51,12,13,1.416,4.0,35.0,10.0
2019,20,Brazilian Grand Prix,18,Pierre Gasly,5,6,7,1.267,77.0,64.0,18.0
2019,20,Brazilian Grand Prix,18,Charles Leclerc,6,14,4,0.225,249.0,479.0,0.0
2019,20,Brazilian Grand Prix,18,Lando Norris,1,10,11,1.365,41.0,121.0,4.0
2019,20,Brazilian Grand Prix,18,George Russell,3,18,18,2.623,0.0,1.0,0.0
2019,20,Brazilian Grand Prix,18,Alexander Albon,9,5,6,0.432,84.0,366.0,0.0
2019,21,Abu Dhabi Grand Prix,24,Lewis Hamilton,131,1,1,0.0,387.0,701.0,26.0
2019,21,Abu Dhabi Grand Prix,24,Kimi Räikkönen,51,17,18,3.604,43.0,57.0,0.0
2019,21,Abu Dhabi Grand Prix,24,Robert Kubica,3,19,20,4.457,1.0,1.0,0.0
2019,21,Abu Dhabi Grand Prix,24,Sebastian Vettel,6,4,5,0.56,230.0,479.0,10.0
2019,21,Abu Dhabi Grand Prix,24,Romain Grosjean,210,15,16,3.272,8.0,28.0,0.0
2019,21,Abu Dhabi Grand Prix,24,Nico Hülkenberg,4,9,10,1.931,37.0,91.0,0.0
2019,21,Abu Dhabi Grand Prix,24,Sergio Pérez,211,10,11,2.182,46.0,67.0,6.0
2019,21,Abu Dhabi Grand Prix,24,Daniel Ricciardo,4,7,8,1.677,54.0,91.0,0.0
2019,21,Abu Dhabi Grand Prix,24,Valtteri Bottas,131,20,2,0.194,314.0,701.0,12.0
2019,21,Abu Dhabi Grand Prix,24,Kevin Magnussen,210,14,15,2.475,20.0,28.0,0.0
2019,21,Abu Dhabi Grand Prix,24,Daniil Kvyat,5,13,14,2.362,35.0,83.0,2.0
2019,21,Abu Dhabi Grand Prix,24,Max Verstappen,9,2,3,0.36,260.0,391.0,18.0
2019,21,Abu Dhabi Grand Prix,24,Carlos Sainz,1,8,9,1.529,95.0,140.0,1.0
2019,21,Abu Dhabi Grand Prix,24,Lance Stroll,211,12,13,2.324,21.0,67.0,0.0
2019,21,Abu Dhabi Grand Prix,24,Antonio Giovinazzi,51,16,17,3.335,14.0,57.0,0.0
2019,21,Abu Dhabi Grand Prix,24,Pierre Gasly,5,11,12,2.31,95.0,83.0,0.0
2019,21,Abu Dhabi Grand Prix,24,Charles Leclerc,6,3,4,0.44,249.0,479.0,15.0
2019,21,Abu Dhabi Grand Prix,24,Lando Norris,1,6,7,1.657,45.0,140.0,4.0
2019,21,Abu Dhabi Grand Prix,24,George Russell,3,18,19,3.938,0.0,1.0,0.0
2019,21,Abu Dhabi Grand Prix,24,Alexander Albon,9,5,6,0.903,84.0,391.0,8.0
2020,1,Austrian Grand Prix,70,Lewis Hamilton,131,5,2,0.012,0.0,0.0,12.0
2020,1,Austrian Grand Prix,70,Kimi Räikkönen,51,19,19,2.285,0.0,0.0,0.0
2020,1,Austrian Grand Prix,70,Sebastian Vettel,6,11,11,1.267,0.0,0.0,1.0
2020,1,Austrian Grand Prix,70,Romain Grosjean,210,15,15,1.752,0.0,0.0,0.0
2020,1,Austrian Grand Prix,70,Sergio Pérez,211,6,6,0.921,0.0,0.0,8.0
2020,1,Austrian Grand Prix,70,Daniel Ricciardo,4,10,10,1.084,0.0,0.0,0.0
2020,1,Austrian Grand Prix,70,Valtteri Bottas,131,1,1,0.0,0.0,0.0,25.0
2020,1,Austrian Grand Prix,70,Kevin Magnussen,210,16,16,2.225,0.0,0.0,0.0
2020,1,Austrian Grand Prix,70,Daniil Kvyat,213,13,13,1.492,0.0,0.0,0.0
2020,1,Austrian Grand Prix,70,Max Verstappen,9,2,3,0.538,0.0,0.0,0.0
2020,1,Austrian Grand Prix,70,Carlos Sainz,1,8,8,1.032,0.0,0.0,10.0
2020,1,Austrian Grand Prix,70,Esteban Ocon,4,14,14,1.704,0.0,0.0,4.0
2020,1,Austrian Grand Prix,70,Lance Stroll,211,9,9,1.016,0.0,0.0,0.0
2020,1,Austrian Grand Prix,70,Antonio Giovinazzi,51,18,18,2.236,0.0,0.0,2.0
2020,1,Austrian Grand Prix,70,Pierre Gasly,213,12,12,1.366,0.0,0.0,6.0
2020,1,Austrian Grand Prix,70,Charles Leclerc,6,7,7,0.984,0.0,0.0,18.0
2020,1,Austrian Grand Prix,70,Lando Norris,1,3,4,0.687,0.0,0.0,16.0
2020,1,Austrian Grand Prix,70,George Russell,3,17,17,2.228,0.0,0.0,0.0
2020,1,Austrian Grand Prix,70,Alexander Albon,9,4,5,0.807,0.0,0.0,0.0
2020,1,Austrian Grand Prix,70,Nicholas Latifi,3,20,20,2.818,0.0,0.0,0.0
2020,2,Styrian Grand Prix,70,Lewis Hamilton,131,1,1,0.0,12.0,37.0,25.0
2020,2,Styrian Grand Prix,70,Kimi Räikkönen,51,16,16,3.315,0.0,2.0,0.0
2020,2,Styrian Grand Prix,70,Sebastian Vettel,6,10,10,1.72,1.0,19.0,0.0
2020,2,Styrian Grand Prix,70,Sergio Pérez,211,17,17,3.782,8.0,8.0,8.0
2020,2,Styrian Grand Prix,70,Daniel Ricciardo,4,8,9,1.404,0.0,4.0,4.0
2020,2,Styrian Grand Prix,70,Valtteri Bottas,131,4,4,0.832,25.0,37.0,18.0
2020,2,Styrian Grand Prix,70,Kevin Magnussen,210,15,15,2.386,0.0,0.0,0.0
2020,2,Styrian Grand Prix,70,Daniil Kvyat,213,13,14,1.892,0.0,6.0,1.0
2020,2,Styrian Grand Prix,70,Max Verstappen,9,2,2,0.113,0.0,0.0,15.0
2020,2,Styrian Grand Prix,70,Carlos Sainz,1,3,3,0.765,10.0,26.0,3.0
2020,2,Styrian Grand Prix,70,Esteban Ocon,4,5,5,0.939,4.0,4.0,0.0
2020,2,Styrian Grand Prix,70,Lance Stroll,211,12,13,1.82,0.0,8.0,6.0
2020,2,Styrian Grand Prix,70,Antonio Giovinazzi,51,19,19,4.006,2.0,2.0,0.0
2020,2,Styrian Grand Prix,70,Pierre Gasly,213,7,8,0.919,6.0,6.0,0.0
2020,2,Styrian Grand Prix,70,Charles Leclerc,6,14,11,1.803,18.0,19.0,0.0
2020,2,Styrian Grand Prix,70,Lando Norris,1,9,6,0.623,16.0,26.0,10.0
2020,2,Styrian Grand Prix,70,George Russell,3,11,12,1.811,0.0,0.0,0.0
2020,2,Styrian Grand Prix,70,Alexander Albon,9,6,7,1.189,0.0,0.0,12.0
2020,2,Styrian Grand Prix,70,Nicholas Latifi,3,18,18,3.934,0.0,0.0,0.0
2020,3,Hungarian Grand Prix,11,Lewis Hamilton,131,1,1,0.0,37.0,80.0,26.0
2020,3,Hungarian Grand Prix,11,Kimi Räikkönen,51,20,20,3.167,0.0,2.0,0.0
2020,3,Hungarian Grand Prix,11,Sebastian Vettel,6,5,5,1.327,1.0,19.0,8.0
2020,3,Hungarian Grand Prix,11,Sergio Pérez,211,4,4,1.098,16.0,22.0,6.0
2020,3,Hungarian Grand Prix,11,Daniel Ricciardo,4,11,11,2.214,4.0,8.0,4.0
2020,3,Hungarian Grand Prix,11,Valtteri Bottas,131,2,2,0.107,43.0,80.0,15.0
2020,3,Hungarian Grand Prix,11,Daniil Kvyat,213,17,17,2.757,1.0,7.0,0.0
2020,3,Hungarian Grand Prix,11,Max Verstappen,9,7,7,1.402,15.0,27.0,18.0
2020,3,Hungarian Grand Prix,11,Carlos Sainz,1,9,9,1.58,13.0,39.0,2.0
2020,3,Hungarian Grand Prix,11,Esteban Ocon,4,14,14,2.272,4.0,8.0,0.0
2020,3,Hungarian Grand Prix,11,Lance Stroll,211,3,3,0.93,6.0,22.0,12.0
2020,3,Hungarian Grand Prix,11,Antonio Giovinazzi,51,19,19,3.059,2.0,2.0,0.0
2020,3,Hungarian Grand Prix,11,Pierre Gasly,213,10,10,2.061,6.0,7.0,0.0
2020,3,Hungarian Grand Prix,11,Charles Leclerc,6,6,6,1.37,18.0,19.0,0.0
2020,3,Hungarian Grand Prix,11,Lando Norris,1,8,8,1.519,26.0,39.0,0.0
2020,3,Hungarian Grand Prix,11,George Russell,3,12,12,2.138,0.0,0.0,0.0
2020,3,Hungarian Grand Prix,11,Alexander Albon,9,13,13,2.268,12.0,27.0,10.0
2020,3,Hungarian Grand Prix,11,Nicholas Latifi,3,15,15,2.658,0.0,0.0,0.0
2020,4,British Grand Prix,9,Lewis Hamilton,131,1,1,0.0,63.0,121.0,25.0
2020,4,British Grand Prix,9,Kimi Räikkönen,51,16,18,3.063,0.0,2.0,0.0
2020,4,British Grand Prix,9,Sebastian Vettel,6,10,10,2.036,9.0,27.0,1.0
2020,4,British Grand Prix,9,Romain Grosjean,210,17,19,3.34,0.0,1.0,0.0
2020,4,British Grand Prix,9,Nico Hülkenberg,211,13,13,2.024,0.0,40.0,0.0
2020,4,British Grand Prix,9,Daniel Ricciardo,4,8,8,1.706,8.0,12.0,12.0
2020,4,British Grand Prix,9,Valtteri Bottas,131,2,2,0.313,58.0,121.0,0.0
2020,4,British Grand Prix,9,Kevin Magnussen,210,14,16,2.855,1.0,1.0,0.0
2020,4,British Grand Prix,9,Daniil Kvyat,213,19,14,2.441,1.0,7.0,0.0
2020,4,British Grand Prix,9,Max Verstappen,9,3,3,1.022,33.0,55.0,19.0
2020,4,British Grand Prix,9,Carlos Sainz,1,7,7,1.662,15.0,41.0,0.0
2020,4,British Grand Prix,9,Esteban Ocon,4,9,9,1.906,4.0,12.0,8.0
2020,4,British Grand Prix,9,Lance Stroll,211,6,6,1.536,18.0,40.0,2.0
2020,4,British Grand Prix,9,Antonio Giovinazzi,51,15,17,2.861,2.0,2.0,0.0
2020,4,British Grand Prix,9,Pierre Gasly,213,11,11,2.04,6.0,7.0,6.0
2020,4,British Grand Prix,9,Charles Leclerc,6,4,4,1.124,18.0,27.0,15.0
2020,4,British Grand Prix,9,Lando Norris,1,5,5,1.479,26.0,41.0,10.0
2020,4,British Grand Prix,9,George Russell,3,20,15,2.429,0.0,0.0,0.0
2020,4,British Grand Prix,9,Alexander Albon,9,12,12,2.242,22.0,55.0,4.0
2020,4,British Grand Prix,9,Nicholas Latifi,3,18,20,3.402,0.0,0.0,0.0
2020,5,70th Anniversary Grand Prix,9,Lewis Hamilton,131,2,2,0.063,88.0,146.0,19.0
2020,5,70th Anniversary Grand Prix,9,Kimi Räikkönen,51,20,20,3.339,0.0,2.0,0.0
2020,5,70th Anniversary Grand Prix,9,Sebastian Vettel,6,11,12,1.924,10.0,43.0,0.0
2020,5,70th Anniversary Grand Prix,9,Romain Grosjean,210,13,14,2.1,0.0,1.0,0.0
2020,5,70th Anniversary Grand Prix,9,Nico Hülkenberg,211,3,3,0.928,0.0,42.0,6.0
2020,5,70th Anniversary Grand Prix,9,Daniel Ricciardo,4,5,5,1.143,20.0,32.0,0.0
2020,5,70th Anniversary Grand Prix,9,Valtteri Bottas,131,1,1,0.0,58.0,146.0,15.0
2020,5,70th Anniversary Grand Prix,9,Kevin Magnussen,210,17,17,3.082,1.0,1.0,0.0
2020,5,70th Anniversary Grand Prix,9,Daniil Kvyat,213,16,16,2.728,1.0,13.0,1.0
2020,5,70th Anniversary Grand Prix,9,Max Verstappen,9,4,4,1.022,52.0,78.0,25.0
2020,5,70th Anniversary Grand Prix,9,Carlos Sainz,1,12,13,1.929,15.0,51.0,0.0
2020,5,70th Anniversary Grand Prix,9,Esteban Ocon,4,14,11,1.857,12.0,32.0,4.0
2020,5,70th Anniversary Grand Prix,9,Lance Stroll,211,6,6,1.274,20.0,42.0,8.0
2020,5,70th Anniversary Grand Prix,9,Antonio Giovinazzi,51,19,19,3.279,2.0,2.0,0.0
2020,5,70th Anniversary Grand Prix,9,Pierre Gasly,213,7,7,1.369,12.0,13.0,0.0
2020,5,70th Anniversary Grand Prix,9,Charles Leclerc,6,8,8,1.46,33.0,43.0,12.0
2020,5,70th Anniversary Grand Prix,9,Lando Norris,1,10,10,1.624,36.0,51.0,2.0
2020,5,70th Anniversary Grand Prix,9,George Russell,3,15,15,2.301,0.0,0.0,0.0
2020,5,70th Anniversary Grand Prix,9,Alexander Albon,9,9,9,1.488,26.0,78.0,10.0
2020,5,70th Anniversary Grand Prix,9,Nicholas Latifi,3,18,18,3.276,0.0,0.0,0.0
2020,6,Spanish Grand Prix,4,Lewis Hamilton,131,1,1,0.0,107.0,180.0,25.0
2020,6,Spanish Grand Prix,4,Kimi Räikkönen,51,14,14,1.802,0.0,2.0,0.0
2020,6,Spanish Grand Prix,4,Sebastian Vettel,6,11,11,1.584,10.0,55.0,6.0
2020,6,Spanish Grand Prix,4,Romain Grosjean,210,17,17,2.505,0.0,1.0,0.0
2020,6,Spanish Grand Prix,4,Sergio Pérez,211,4,4,0.898,22.0,56.0,10.0
2020,6,Spanish Grand Prix,4,Daniel Ricciardo,4,13,13,1.614,20.0,36.0,0.0
2020,6,Spanish Grand Prix,4,Valtteri Bottas,131,2,2,0.059,73.0,180.0,16.0
2020,6,Spanish Grand Prix,4,Kevin Magnussen,210,16,16,2.324,1.0,1.0,0.0
2020,6,Spanish Grand Prix,4,Daniil Kvyat,213,12,12,1.608,2.0,14.0,0.0
2020,6,Spanish Grand Prix,4,Max Verstappen,9,3,3,0.708,77.0,113.0,18.0
2020,6,Spanish Grand Prix,4,Carlos Sainz,1,7,7,1.292,15.0,53.0,8.0
2020,6,Spanish Grand Prix,4,Esteban Ocon,4,15,15,1.983,16.0,36.0,0.0
2020,6,Spanish Grand Prix,4,Lance Stroll,211,5,5,1.005,28.0,56.0,12.0
2020,6,Spanish Grand Prix,4,Antonio Giovinazzi,51,20,20,3.113,2.0,2.0,0.0
2020,6,Spanish Grand Prix,4,Pierre Gasly,213,10,10,1.216,12.0,14.0,2.0
2020,6,Spanish Grand Prix,4,Charles Leclerc,6,9,9,1.369,45.0,55.0,0.0
2020,6,Spanish Grand Prix,4,Lando Norris,1,8,8,1.5,38.0,53.0,1.0
2020,6,Spanish Grand Prix,4,George Russell,3,18,18,2.515,0.0,0.0,0.0
2020,6,Spanish Grand Prix,4,Alexander Albon,9,6,6,1.445,36.0,113.0,4.0
2020,6,Spanish Grand Prix,4,Nicholas Latifi,3,19,19,2.948,0.0,0.0,0.0
2020,7,Belgian Grand Prix,13,Lewis Hamilton,131,1,1,0.0,132.0,221.0,25.0
2020,7,Belgian Grand Prix,13,Kimi Räikkönen,51,16,16,2.491,0.0,2.0,0.0
2020,7,Belgian Grand Prix,13,Sebastian Vettel,6,14,14,2.009,16.0,61.0,0.0
2020,7,Belgian Grand Prix,13,Romain Grosjean,210,17,17,2.586,0.0,1.0,0.0
2020,7,Belgian Grand Prix,13,Sergio Pérez,211,8,8,1.28,32.0,78.0,1.0
2020,7,Belgian Grand Prix,13,Daniel Ricciardo,4,4,4,0.809,20.0,36.0,13.0
2020,7,Belgian Grand Prix,13,Valtteri Bottas,131,2,2,0.511,89.0,221.0,18.0
2020,7,Belgian Grand Prix,13,Kevin Magnussen,210,20,20,3.062,1.0,1.0,0.0
2020,7,Belgian Grand Prix,13,Daniil Kvyat,213,11,11,1.478,2.0,16.0,0.0
2020,7,Belgian Grand Prix,13,Max Verstappen,9,3,3,0.526,95.0,135.0,15.0
2020,7,Belgian Grand Prix,13,Carlos Sainz,1,7,7,1.186,23.0,62.0,0.0
2020,7,Belgian Grand Prix,13,Esteban Ocon,4,6,6,1.144,16.0,36.0,10.0
2020,7,Belgian Grand Prix,13,Lance Stroll,211,9,9,1.239,40.0,78.0,2.0
2020,7,Belgian Grand Prix,13,Antonio Giovinazzi,51,18,18,2.698,2.0,2.0,0.0
2020,7,Belgian Grand Prix,13,Pierre Gasly,213,12,12,1.493,14.0,16.0,4.0
2020,7,Belgian Grand Prix,13,Charles Leclerc,6,13,13,1.744,45.0,61.0,0.0
2020,7,Belgian Grand Prix,13,Lando Norris,1,10,10,1.405,39.0,62.0,6.0
2020,7,Belgian Grand Prix,13,George Russell,3,15,15,2.216,0.0,0.0,0.0
2020,7,Belgian Grand Prix,13,Alexander Albon,9,5,5,0.941,40.0,135.0,8.0
2020,7,Belgian Grand Prix,13,Nicholas Latifi,3,19,19,2.886,0.0,0.0,0.0
2020,8,Italian Grand Prix,14,Lewis Hamilton,131,1,1,0.0,157.0,264.0,7.0
2020,8,Italian Grand Prix,14,Kimi Räikkönen,51,14,14,2.039,0.0,2.0,0.0
2020,8,Italian Grand Prix,14,Sebastian Vettel,6,17,17,2.264,16.0,61.0,0.0
2020,8,Italian Grand Prix,14,Romain Grosjean,210,16,16,2.252,0.0,1.0,0.0
2020,8,Italian Grand Prix,14,Sergio Pérez,211,4,4,0.831,33.0,81.0,1.0
2020,8,Italian Grand Prix,14,Daniel Ricciardo,4,7,7,0.977,33.0,59.0,8.0
2020,8,Italian Grand Prix,14,Valtteri Bottas,131,2,2,0.065,107.0,264.0,10.0
2020,8,Italian Grand Prix,14,Kevin Magnussen,210,15,15,1.982,1.0,1.0,0.0
2020,8,Italian Grand Prix,14,Daniil Kvyat,213,11,11,1.282,2.0,20.0,2.0
2020,8,Italian Grand Prix,14,Max Verstappen,9,5,5,0.893,110.0,158.0,0.0
2020,8,Italian Grand Prix,14,Carlos Sainz,1,3,3,0.808,23.0,68.0,18.0
2020,8,Italian Grand Prix,14,Esteban Ocon,4,12,12,1.347,26.0,59.0,4.0
2020,8,Italian Grand Prix,14,Lance Stroll,211,8,8,1.037,42.0,81.0,15.0
2020,8,Italian Grand Prix,14,Antonio Giovinazzi,51,18,18,2.319,2.0,2.0,0.0
2020,8,Italian Grand Prix,14,Pierre Gasly,213,10,10,1.022,18.0,20.0,25.0
2020,8,Italian Grand Prix,14,Charles Leclerc,6,13,13,1.386,45.0,61.0,0.0
2020,8,Italian Grand Prix,14,Lando Norris,1,6,6,0.933,45.0,68.0,12.0
2020,8,Italian Grand Prix,14,George Russell,3,19,19,2.7,0.0,0.0,0.0
2020,8,Italian Grand Prix,14,Alexander Albon,9,9,9,1.177,48.0,158.0,0.0
2020,8,Italian Grand Prix,14,Nicholas Latifi,3,20,20,2.83,0.0,0.0,0.0
2020,9,Tuscan Grand Prix,76,Lewis Hamilton,131,1,1,0.0,164.0,281.0,26.0
2020,9,Tuscan Grand Prix,76,Kimi Räikkönen,51,13,13,1.71,0.0,2.0,2.0
2020,9,Tuscan Grand Prix,76,Sebastian Vettel,6,14,14,1.714,16.0,61.0,1.0
2020,9,Tuscan Grand Prix,76,Romain Grosjean,210,15,15,1.925,0.0,1.0,0.0
2020,9,Tuscan Grand Prix,76,Sergio Pérez,211,7,6,1.167,34.0,97.0,10.0
2020,9,Tuscan Grand Prix,76,Daniel Ricciardo,4,8,8,1.099,41.0,71.0,12.0
2020,9,Tuscan Grand Prix,76,Valtteri Bottas,131,2,2,0.059,117.0,281.0,18.0
2020,9,Tuscan Grand Prix,76,Kevin Magnussen,210,20,20,2.204,1.0,1.0,0.0
2020,9,Tuscan Grand Prix,76,Daniil Kvyat,213,12,12,1.71,4.0,47.0,6.0
2020,9,Tuscan Grand Prix,76,Max Verstappen,9,3,3,0.327,110.0,158.0,0.0
2020,9,Tuscan Grand Prix,76,Carlos Sainz,1,9,9,1.378,41.0,98.0,0.0
2020,9,Tuscan Grand Prix,76,Esteban Ocon,4,10,10,1.153,30.0,71.0,0.0
2020,9,Tuscan Grand Prix,76,Lance Stroll,211,6,7,1.127,57.0,97.0,0.0
2020,9,Tuscan Grand Prix,76,Antonio Giovinazzi,51,17,17,2.076,2.0,2.0,0.0
2020,9,Tuscan Grand Prix,76,Pierre Gasly,213,16,16,1.981,43.0,47.0,0.0
2020,9,Tuscan Grand Prix,76,Charles Leclerc,6,5,5,1.126,45.0,61.0,4.0
2020,9,Tuscan Grand Prix,76,Lando Norris,1,11,11,1.496,57.0,98.0,8.0
2020,9,Tuscan Grand Prix,76,George Russell,3,18,18,2.088,0.0,0.0,0.0
2020,9,Tuscan Grand Prix,76,Alexander Albon,9,4,4,0.77,48.0,158.0,15.0
2020,9,Tuscan Grand Prix,76,Nicholas Latifi,3,19,19,2.176,0.0,0.0,0.0
2020,10,Russian Grand Prix,71,Lewis Hamilton,131,1,1,0.0,190.0,325.0,15.0
2020,10,Russian Grand Prix,71,Kimi Räikkönen,51,19,20,3.963,2.0,4.0,0.0
2020,10,Russian Grand Prix,71,Sebastian Vettel,6,14,15,2.305,17.0,66.0,0.0
2020,10,Russian Grand Prix,71,Romain Grosjean,210,16,16,3.288,0.0,1.0,0.0
2020,10,Russian Grand Prix,71,Sergio Pérez,211,4,4,1.013,44.0,107.0,12.0
2020,10,Russian Grand Prix,71,Daniel Ricciardo,4,5,5,0.914,53.0,83.0,10.0
2020,10,Russian Grand Prix,71,Valtteri Bottas,131,3,3,0.652,135.0,325.0,26.0
2020,10,Russian Grand Prix,71,Kevin Magnussen,210,18,18,3.377,1.0,1.0,0.0
2020,10,Russian Grand Prix,71,Daniil Kvyat,213,11,12,1.945,10.0,53.0,4.0
2020,10,Russian Grand Prix,71,Max Verstappen,9,2,2,0.563,110.0,173.0,18.0
2020,10,Russian Grand Prix,71,Carlos Sainz,1,6,6,1.246,41.0,106.0,0.0
2020,10,Russian Grand Prix,71,Esteban Ocon,4,7,7,1.32,30.0,83.0,6.0
2020,10,Russian Grand Prix,71,Lance Stroll,211,12,13,2.06,57.0,107.0,0.0
2020,10,Russian Grand Prix,71,Antonio Giovinazzi,51,17,17,3.29,2.0,4.0,0.0
2020,10,Russian Grand Prix,71,Pierre Gasly,213,9,9,1.696,43.0,53.0,2.0
2020,10,Russian Grand Prix,71,Charles Leclerc,6,10,11,1.935,49.0,66.0,8.0
2020,10,Russian Grand Prix,71,Lando Norris,1,8,8,1.543,65.0,106.0,0.0
2020,10,Russian Grand Prix,71,George Russell,3,13,14,2.279,0.0,0.0,0.0
2020,10,Russian Grand Prix,71,Alexander Albon,9,15,10,1.704,63.0,173.0,1.0
2020,10,Russian Grand Prix,71,Nicholas Latifi,3,20,19,3.762,0.0,0.0,0.0
2020,11,Eifel Grand Prix,20,Lewis Hamilton,131,2,2,0.121,205.0,366.0,25.0
2020,11,Eifel Grand Prix,20,Kimi Räikkönen,51,19,19,2.548,2.0,4.0,0.0
2020,11,Eifel Grand Prix,20,Sebastian Vettel,6,11,11,1.469,17.0,74.0,0.0
2020,11,Eifel Grand Prix,20,Romain Grosjean,210,16,16,2.283,0.0,1.0,2.0
2020,11,Eifel Grand Prix,20,Nico Hülkenberg,211,20,20,2.752,6.0,119.0,4.0
2020,11,Eifel Grand Prix,20,Sergio Pérez,211,9,9,1.061,56.0,119.0,12.0
2020,11,Eifel Grand Prix,20,Daniel Ricciardo,4,6,6,0.827,63.0,99.0,15.0
2020,11,Eifel Grand Prix,20,Valtteri Bottas,131,1,1,0.0,161.0,366.0,0.0
2020,11,Eifel Grand Prix,20,Kevin Magnussen,210,15,15,1.856,1.0,1.0,0.0
2020,11,Eifel Grand Prix,20,Daniil Kvyat,213,13,13,1.579,14.0,59.0,0.0
2020,11,Eifel Grand Prix,20,Max Verstappen,9,3,3,0.198,128.0,192.0,19.0
2020,11,Eifel Grand Prix,20,Carlos Sainz,1,10,10,1.092,41.0,106.0,10.0
2020,11,Eifel Grand Prix,20,Esteban Ocon,4,7,7,0.973,36.0,99.0,0.0
2020,11,Eifel Grand Prix,20,Antonio Giovinazzi,51,14,14,1.667,2.0,4.0,1.0
2020,11,Eifel Grand Prix,20,Pierre Gasly,213,12,12,1.507,45.0,59.0,8.0
2020,11,Eifel Grand Prix,20,Charles Leclerc,6,4,4,0.766,57.0,74.0,6.0
2020,11,Eifel Grand Prix,20,Lando Norris,1,8,8,1.047,65.0,106.0,0.0
2020,11,Eifel Grand Prix,20,George Russell,3,17,17,2.295,0.0,0.0,0.0
2020,11,Eifel Grand Prix,20,Alexander Albon,9,5,5,0.778,64.0,192.0,0.0
2020,11,Eifel Grand Prix,20,Nicholas Latifi,3,18,18,2.543,0.0,0.0,0.0
2020,12,Portuguese Grand Prix,75,Lewis Hamilton,131,1,1,0.186,230.0,391.0,26.0
2020,12,Portuguese Grand Prix,75,Kimi Räikkönen,51,16,16,1.735,2.0,5.0,0.0
2020,12,Portuguese Grand Prix,75,Sebastian Vettel,6,15,15,0.98,17.0,80.0,1.0
2020,12,Portuguese Grand Prix,75,Romain Grosjean,210,18,18,1.898,2.0,3.0,0.0
2020,12,Portuguese Grand Prix,75,Sergio Pérez,211,5,5,0.663,68.0,135.0,6.0
2020,12,Portuguese Grand Prix,75,Daniel Ricciardo,4,10,10,1.015,78.0,114.0,2.0
2020,12,Portuguese Grand Prix,75,Valtteri Bottas,131,2,2,0.0,161.0,391.0,18.0
2020,12,Portuguese Grand Prix,75,Kevin Magnussen,210,19,19,2.042,1.0,3.0,0.0
2020,12,Portuguese Grand Prix,75,Daniil Kvyat,213,13,13,1.262,14.0,67.0,0.0
2020,12,Portuguese Grand Prix,75,Max Verstappen,9,3,3,0.413,147.0,211.0,15.0
2020,12,Portuguese Grand Prix,75,Carlos Sainz,1,7,7,0.717,51.0,116.0,8.0
2020,12,Portuguese Grand Prix,75,Esteban Ocon,4,11,11,1.148,36.0,114.0,4.0
2020,12,Portuguese Grand Prix,75,Lance Stroll,211,12,12,1.16,57.0,135.0,0.0
2020,12,Portuguese Grand Prix,75,Antonio Giovinazzi,51,17,17,1.857,3.0,5.0,0.0
2020,12,Portuguese Grand Prix,75,Pierre Gasly,213,9,9,0.743,53.0,67.0,10.0
2020,12,Portuguese Grand Prix,75,Charles Leclerc,6,4,4,0.624,63.0,80.0,12.0
2020,12,Portuguese Grand Prix,75,Lando Norris,1,8,8,0.855,65.0,116.0,0.0
2020,12,Portuguese Grand Prix,75,George Russell,3,14,14,1.322,0.0,0.0,0.0
2020,12,Portuguese Grand Prix,75,Alexander Albon,9,6,6,0.945,64.0,211.0,0.0
2020,12,Portuguese Grand Prix,75,Nicholas Latifi,3,20,20,2.311,0.0,0.0,0.0
2020,13,Emilia Romagna Grand Prix,21,Lewis Hamilton,131,2,2,0.097,256.0,435.0,26.0
2020,13,Emilia Romagna Grand Prix,21,Kimi Räikkönen,51,18,18,2.344,2.0,5.0,2.0
2020,13,Emilia Romagna Grand Prix,21,Sebastian Vettel,6,14,14,1.776,18.0,93.0,0.0
2020,13,Emilia Romagna Grand Prix,21,Romain Grosjean,210,16,16,2.309,2.0,3.0,0.0
2020,13,Emilia Romagna Grand Prix,21,Sergio Pérez,211,11,11,1.452,74.0,141.0,8.0
2020,13,Emilia Romagna Grand Prix,21,Daniel Ricciardo,4,5,5,0.911,80.0,120.0,15.0
2020,13,Emilia Romagna Grand Prix,21,Valtteri Bottas,131,1,1,0.0,179.0,435.0,18.0
2020,13,Emilia Romagna Grand Prix,21,Kevin Magnussen,210,17,17,2.33,1.0,3.0,0.0
2020,13,Emilia Romagna Grand Prix,21,Daniil Kvyat,213,8,8,1.087,14.0,77.0,12.0
2020,13,Emilia Romagna Grand Prix,21,Max Verstappen,9,3,3,0.567,162.0,226.0,0.0
2020,13,Emilia Romagna Grand Prix,21,Carlos Sainz,1,10,10,1.302,59.0,124.0,6.0
2020,13,Emilia Romagna Grand Prix,21,Esteban Ocon,4,12,12,1.592,40.0,120.0,0.0
2020,13,Emilia Romagna Grand Prix,21,Lance Stroll,211,15,15,1.885,57.0,141.0,0.0
2020,13,Emilia Romagna Grand Prix,21,Antonio Giovinazzi,51,20,20,2.599,3.0,5.0,1.0
2020,13,Emilia Romagna Grand Prix,21,Pierre Gasly,213,4,4,0.893,63.0,77.0,0.0
2020,13,Emilia Romagna Grand Prix,21,Charles Leclerc,6,7,7,1.007,75.0,93.0,10.0
2020,13,Emilia Romagna Grand Prix,21,Lando Norris,1,9,9,1.205,65.0,124.0,4.0
2020,13,Emilia Romagna Grand Prix,21,George Russell,3,13,13,1.714,0.0,0.0,0.0
2020,13,Emilia Romagna Grand Prix,21,Alexander Albon,9,6,6,0.963,64.0,226.0,0.0
2020,13,Emilia Romagna Grand Prix,21,Nicholas Latifi,3,19,19,2.378,0.0,0.0,0.0
2020,14,Turkish Grand Prix,5,Lewis Hamilton,131,6,6,4.795,282.0,479.0,25.0
2020,14,Turkish Grand Prix,5,Kimi Räikkönen,51,8,8,4.98,4.0,8.0,0.0
2020,14,Turkish Grand Prix,5,Sebastian Vettel,6,11,12,7.404,18.0,103.0,15.0
2020,14,Turkish Grand Prix,5,Romain Grosjean,210,17,19,25.144,2.0,3.0,0.0
2020,14,Turkish Grand Prix,5,Sergio Pérez,211,3,3,1.556,82.0,149.0,18.0
2020,14,Turkish Grand Prix,5,Daniel Ricciardo,4,5,5,3.83,95.0,135.0,1.0
2020,14,Turkish Grand Prix,5,Valtteri Bottas,131,9,9,5.493,197.0,479.0,0.0
2020,14,Turkish Grand Prix,5,Kevin Magnussen,210,13,16,20.242,1.0,3.0,0.0
2020,14,Turkish Grand Prix,5,Daniil Kvyat,213,16,17,21.305,26.0,89.0,0.0
2020,14,Turkish Grand Prix,5,Max Verstappen,9,2,2,0.29,162.0,226.0,8.0
2020,14,Turkish Grand Prix,5,Carlos Sainz,1,15,13,7.645,65.0,134.0,10.0
2020,14,Turkish Grand Prix,5,Esteban Ocon,4,7,7,4.857,40.0,135.0,0.0
2020,14,Turkish Grand Prix,5,Lance Stroll,211,1,1,0.0,57.0,149.0,2.0
2020,14,Turkish Grand Prix,5,Antonio Giovinazzi,51,10,10,5.666,4.0,8.0,0.0
2020,14,Turkish Grand Prix,5,Pierre Gasly,213,19,15,10.791,63.0,89.0,0.0
2020,14,Turkish Grand Prix,5,Charles Leclerc,6,12,14,8.931,85.0,103.0,12.0
2020,14,Turkish Grand Prix,5,Lando Norris,1,14,11,7.18,69.0,134.0,5.0
2020,14,Turkish Grand Prix,5,Alexander Albon,9,4,4,2.683,64.0,226.0,6.0
2020,15,Bahrain Grand Prix,3,Lewis Hamilton,131,1,1,0.0,307.0,504.0,25.0
2020,15,Bahrain Grand Prix,3,Kimi Räikkönen,51,17,17,2.546,4.0,8.0,0.0
2020,15,Bahrain Grand Prix,3,Sebastian Vettel,6,11,11,1.878,33.0,130.0,0.0
2020,15,Bahrain Grand Prix,3,Romain Grosjean,210,19,19,2.874,2.0,3.0,0.0
2020,15,Bahrain Grand Prix,3,Sergio Pérez,211,5,5,1.058,100.0,169.0,0.0
2020,15,Bahrain Grand Prix,3,Daniel Ricciardo,4,6,6,1.153,96.0,136.0,6.0
2020,15,Bahrain Grand Prix,3,Valtteri Bottas,131,2,2,0.289,197.0,504.0,4.0
2020,15,Bahrain Grand Prix,3,Kevin Magnussen,210,18,18,2.847,1.0,3.0,0.0
2020,15,Bahrain Grand Prix,3,Daniil Kvyat,213,10,10,1.354,26.0,89.0,0.0
2020,15,Bahrain Grand Prix,3,Max Verstappen,9,3,3,0.414,170.0,240.0,19.0
2020,15,Bahrain Grand Prix,3,Carlos Sainz,1,15,15,1.711,75.0,149.0,10.0
2020,15,Bahrain Grand Prix,3,Esteban Ocon,4,7,7,1.155,40.0,136.0,2.0
2020,15,Bahrain Grand Prix,3,Lance Stroll,211,13,13,1.415,59.0,169.0,0.0
2020,15,Bahrain Grand Prix,3,Antonio Giovinazzi,51,16,16,2.227,4.0,8.0,0.0
2020,15,Bahrain Grand Prix,3,Pierre Gasly,213,8,8,1.184,63.0,89.0,8.0
2020,15,Bahrain Grand Prix,3,Charles Leclerc,6,12,12,1.873,97.0,130.0,1.0
2020,15,Bahrain Grand Prix,3,Lando Norris,1,9,9,1.278,74.0,149.0,12.0
2020,15,Bahrain Grand Prix,3,George Russell,3,14,14,2.03,0.0,0.0,0.0
2020,15,Bahrain Grand Prix,3,Alexander Albon,9,4,4,1.01,70.0,240.0,15.0
2020,15,Bahrain Grand Prix,3,Nicholas Latifi,3,20,20,2.918,0.0,0.0,0.0
2020,16,Sakhir Grand Prix,3,Kimi Räikkönen,51,18,19,1.586,4.0,8.0,0.0
2020,16,Sakhir Grand Prix,3,Sebastian Vettel,6,13,13,0.798,33.0,131.0,0.0
2020,16,Sakhir Grand Prix,3,Sergio Pérez,211,5,5,0.41,100.0,169.0,25.0
2020,16,Sakhir Grand Prix,3,Daniel Ricciardo,4,7,7,0.494,102.0,144.0,10.0
2020,16,Sakhir Grand Prix,3,Valtteri Bottas,131,1,1,0.0,201.0,533.0,4.0
2020,16,Sakhir Grand Prix,3,Kevin Magnussen,210,15,16,1.328,1.0,3.0,0.0
2020,16,Sakhir Grand Prix,3,Daniil Kvyat,213,6,6,0.479,26.0,97.0,6.0
2020,16,Sakhir Grand Prix,3,Max Verstappen,9,3,3,0.056,189.0,274.0,0.0
2020,16,Sakhir Grand Prix,3,Carlos Sainz,1,8,8,0.441,85.0,171.0,12.0
2020,16,Sakhir Grand Prix,3,Esteban Ocon,4,11,11,0.618,42.0,144.0,18.0
2020,16,Sakhir Grand Prix,3,Lance Stroll,211,10,10,0.463,59.0,169.0,15.0
2020,16,Sakhir Grand Prix,3,Antonio Giovinazzi,51,14,14,1.0,4.0,8.0,0.0
2020,16,Sakhir Grand Prix,3,Pierre Gasly,213,9,9,0.564,71.0,97.0,0.0
2020,16,Sakhir Grand Prix,3,Charles Leclerc,6,4,4,0.236,98.0,131.0,0.0
2020,16,Sakhir Grand Prix,3,Lando Norris,1,19,15,0.817,86.0,171.0,1.0
2020,16,Sakhir Grand Prix,3,George Russell,131,2,2,0.026,0.0,533.0,3.0
2020,16,Sakhir Grand Prix,3,Alexander Albon,9,12,12,0.649,85.0,274.0,8.0
2020,16,Sakhir Grand Prix,3,Nicholas Latifi,3,16,17,1.419,0.0,0.0,0.0
2020,16,Sakhir Grand Prix,3,Pietro Fittipaldi,210,20,20,2.049,0.0,3.0,0.0
2020,16,Sakhir Grand Prix,3,Jack Aitken,3,17,18,1.515,0.0,0.0,0.0
2020,17,Abu Dhabi Grand Prix,24,Lewis Hamilton,131,3,3,0.086,332.0,540.0,15.0
2020,17,Abu Dhabi Grand Prix,24,Kimi Räikkönen,51,15,16,2.309,4.0,8.0,0.0
2020,17,Abu Dhabi Grand Prix,24,Sebastian Vettel,6,13,13,1.385,33.0,131.0,0.0
2020,17,Abu Dhabi Grand Prix,24,Sergio Pérez,211,19,15,0.788,125.0,209.0,0.0
2020,17,Abu Dhabi Grand Prix,24,Daniel Ricciardo,4,11,12,1.16,112.0,172.0,7.0
2020,17,Abu Dhabi Grand Prix,24,Valtteri Bottas,131,2,2,0.025,205.0,540.0,18.0
2020,17,Abu Dhabi Grand Prix,24,Kevin Magnussen,210,20,17,2.617,1.0,3.0,0.0
2020,17,Abu Dhabi Grand Prix,24,Daniil Kvyat,213,7,7,0.717,32.0,103.0,0.0
2020,17,Abu Dhabi Grand Prix,24,Max Verstappen,9,1,1,0.0,189.0,282.0,25.0
2020,17,Abu Dhabi Grand Prix,24,Carlos Sainz,1,6,6,0.569,97.0,184.0,8.0
2020,17,Abu Dhabi Grand Prix,24,Esteban Ocon,4,10,11,1.113,60.0,172.0,2.0
2020,17,Abu Dhabi Grand Prix,24,Lance Stroll,211,8,8,0.8,74.0,209.0,1.0
2020,17,Abu Dhabi Grand Prix,24,Antonio Giovinazzi,51,14,14,1.829,4.0,8.0,0.0
2020,17,Abu Dhabi Grand Prix,24,Pierre Gasly,213,9,10,0.996,71.0,103.0,4.0
2020,17,Abu Dhabi Grand Prix,24,Charles Leclerc,6,12,9,0.635,98.0,131.0,0.0
2020,17,Abu Dhabi Grand Prix,24,Lando Norris,1,4,4,0.251,87.0,184.0,10.0
2020,17,Abu Dhabi Grand Prix,24,George Russell,3,16,18,2.799,3.0,0.0,0.0
2020,17,Abu Dhabi Grand Prix,24,Alexander Albon,9,5,5,0.325,93.0,282.0,12.0
2020,17,Abu Dhabi Grand Prix,24,Nicholas Latifi,3,18,20,3.197,0.0,0.0,0.0
2020,17,Abu Dhabi Grand Prix,24,Pietro Fittipaldi,210,17,19,2.927,0.0,3.0,0.0
2021,1,Bahrain Grand Prix,3,Lewis Hamilton,131,2,2,0.388,0.0,0.0,25.0
2021,1,Bahrain Grand Prix,3,Fernando Alonso,214,9,9,1.252,0.0,0.0,0.0
2021,1,Bahrain Grand Prix,3,Kimi Räikkönen,51,14,14,2.241,0.0,0.0,0.0
2021,1,Bahrain Grand Prix,3,Sebastian Vettel,117,20,18,3.059,0.0,0.0,0.0
2021,1,Bahrain Grand Prix,3,Daniel Ricciardo,1,6,6,0.93,0.0,0.0,6.0
2021,1,Bahrain Grand Prix,3,Valtteri Bottas,131,3,3,0.589,0.0,0.0,16.0
2021,1,Bahrain Grand Prix,3,Max Verstappen,9,1,1,0.0,0.0,0.0,18.0
2021,1,Bahrain Grand Prix,3,Carlos Sainz,6,8,8,1.012,0.0,0.0,4.0
2021,1,Bahrain Grand Prix,3,Esteban Ocon,214,16,16,2.727,0.0,0.0,0.0
2021,1,Bahrain Grand Prix,3,Lance Stroll,117,10,10,1.604,0.0,0.0,1.0
2021,1,Bahrain Grand Prix,3,Antonio Giovinazzi,51,12,12,1.711,0.0,0.0,0.0
2021,1,Bahrain Grand Prix,3,Pierre Gasly,213,5,5,0.812,0.0,0.0,0.0
2021,1,Bahrain Grand Prix,3,Charles Leclerc,6,4,4,0.681,0.0,0.0,8.0
2021,1,Bahrain Grand Prix,3,Lando Norris,1,7,7,0.977,0.0,0.0,12.0
2021,1,Bahrain Grand Prix,3,George Russell,3,15,15,2.319,0.0,0.0,0.0
2021,1,Bahrain Grand Prix,3,Nicholas Latifi,3,17,17,2.939,0.0,0.0,0.0
2021,1,Bahrain Grand Prix,3,Yuki Tsunoda,213,13,13,1.61,0.0,0.0,2.0
2021,1,Bahrain Grand Prix,3,Nikita Mazepin,210,19,20,4.276,0.0,0.0,0.0
2021,1,Bahrain Grand Prix,3,Mick Schumacher,210,18,19,3.452,0.0,0.0,0.0
2021,2,Emilia Romagna Grand Prix,21,Lewis Hamilton,131,1,1,0.0,25.0,41.0,19.0
2021,2,Emilia Romagna Grand Prix,21,Fernando Alonso,214,15,15,1.182,0.0,0.0,1.0
2021,2,Emilia Romagna Grand Prix,21,Kimi Räikkönen,51,16,16,1.563,0.0,0.0,0.0
2021,2,Emilia Romagna Grand Prix,21,Sergio Pérez,9,2,2,0.035,10.0,28.0,0.0
2021,2,Emilia Romagna Grand Prix,21,Daniel Ricciardo,1,6,6,0.415,6.0,18.0,8.0
2021,2,Emilia Romagna Grand Prix,21,Valtteri Bottas,131,8,8,0.261,16.0,41.0,0.0
2021,2,Emilia Romagna Grand Prix,21,Max Verstappen,9,3,3,0.087,18.0,28.0,25.0
2021,2,Emilia Romagna Grand Prix,21,Carlos Sainz,6,11,11,0.788,4.0,12.0,10.0
2021,2,Emilia Romagna Grand Prix,21,Esteban Ocon,214,9,9,0.706,0.0,0.0,2.0
2021,2,Emilia Romagna Grand Prix,21,Lance Stroll,117,10,10,0.727,1.0,1.0,4.0
2021,2,Emilia Romagna Grand Prix,21,Antonio Giovinazzi,51,17,17,1.711,0.0,0.0,0.0
2021,2,Emilia Romagna Grand Prix,21,Pierre Gasly,213,5,5,0.379,0.0,2.0,6.0
2021,2,Emilia Romagna Grand Prix,21,Charles Leclerc,6,4,4,0.329,8.0,12.0,12.0
2021,2,Emilia Romagna Grand Prix,21,Lando Norris,1,7,7,0.307,12.0,18.0,15.0
2021,2,Emilia Romagna Grand Prix,21,George Russell,3,12,12,0.85,0.0,0.0,0.0
2021,2,Emilia Romagna Grand Prix,21,Nicholas Latifi,3,14,14,1.182,0.0,0.0,0.0
2021,2,Emilia Romagna Grand Prix,21,Yuki Tsunoda,213,20,20,0.0,2.0,2.0,0.0
2021,2,Emilia Romagna Grand Prix,21,Nikita Mazepin,210,19,19,2.386,0.0,0.0,0.0
2021,2,Emilia Romagna Grand Prix,21,Mick Schumacher,210,18,18,1.868,0.0,0.0,0.0
2021,3,Portuguese Grand Prix,75,Lewis Hamilton,131,2,2,0.0,44.0,60.0,25.0
2021,3,Portuguese Grand Prix,75,Fernando Alonso,214,13,13,1.488,1.0,3.0,4.0
2021,3,Portuguese Grand Prix,75,Kimi Räikkönen,51,15,15,1.78,0.0,0.0,0.0
2021,3,Portuguese Grand Prix,75,Sebastian Vettel,117,10,10,1.002,0.0,5.0,0.0
2021,3,Portuguese Grand Prix,75,Sergio Pérez,9,4,4,0.877,10.0,53.0,12.0
2021,3,Portuguese Grand Prix,75,Daniel Ricciardo,1,16,16,1.871,14.0,41.0,2.0
2021,3,Portuguese Grand Prix,75,Valtteri Bottas,131,1,1,0.38,16.0,60.0,16.0
2021,3,Portuguese Grand Prix,75,Max Verstappen,9,3,3,0.682,43.0,53.0,18.0
2021,3,Portuguese Grand Prix,75,Carlos Sainz,6,5,5,0.845,14.0,34.0,0.0
2021,3,Portuguese Grand Prix,75,Esteban Ocon,214,6,6,0.618,2.0,3.0,6.0
2021,3,Portuguese Grand Prix,75,Lance Stroll,117,17,17,1.945,5.0,5.0,0.0
2021,3,Portuguese Grand Prix,75,Antonio Giovinazzi,51,12,12,1.248,0.0,0.0,0.0
2021,3,Portuguese Grand Prix,75,Pierre Gasly,213,9,9,1.084,6.0,8.0,1.0
2021,3,Portuguese Grand Prix,75,Charles Leclerc,6,8,8,0.801,20.0,34.0,8.0
2021,3,Portuguese Grand Prix,75,Lando Norris,1,7,7,0.513,27.0,41.0,10.0
2021,3,Portuguese Grand Prix,75,George Russell,3,11,11,1.141,0.0,0.0,0.0
2021,3,Portuguese Grand Prix,75,Nicholas Latifi,3,18,18,2.317,0.0,0.0,0.0
2021,3,Portuguese Grand Prix,75,Yuki Tsunoda,213,14,14,1.495,2.0,8.0,0.0
2021,3,Portuguese Grand Prix,75,Nikita Mazepin,210,20,20,2.944,0.0,0.0,0.0
2021,3,Portuguese Grand Prix,75,Mick Schumacher,210,19,19,2.484,0.0,0.0,0.0
2021,4,Spanish Grand Prix,4,Lewis Hamilton,131,1,1,0.0,69.0,101.0,25.0
2021,4,Spanish Grand Prix,4,Fernando Alonso,214,10,10,1.225,5.0,13.0,0.0
2021,4,Spanish Grand Prix,4,Kimi Räikkönen,51,17,17,2.176,0.0,0.0,0.0
2021,4,Spanish Grand Prix,4,Sebastian Vettel,117,13,13,1.338,0.0,5.0,0.0
2021,4,Spanish Grand Prix,4,Sergio Pérez,9,8,8,0.928,22.0,83.0,10.0
2021,4,Spanish Grand Prix,4,Daniel Ricciardo,1,7,7,0.881,16.0,53.0,8.0
2021,4,Spanish Grand Prix,4,Valtteri Bottas,131,3,3,0.132,32.0,101.0,15.0
2021,4,Spanish Grand Prix,4,Max Verstappen,9,2,2,0.036,61.0,83.0,19.0
2021,4,Spanish Grand Prix,4,Carlos Sainz,6,6,6,0.879,14.0,42.0,6.0
2021,4,Spanish Grand Prix,4,Esteban Ocon,214,5,5,0.839,8.0,13.0,2.0
2021,4,Spanish Grand Prix,4,Lance Stroll,117,11,11,1.233,5.0,5.0,0.0
2021,4,Spanish Grand Prix,4,Antonio Giovinazzi,51,14,14,1.615,0.0,0.0,0.0
2021,4,Spanish Grand Prix,4,Pierre Gasly,213,12,12,1.241,7.0,9.0,1.0
2021,4,Spanish Grand Prix,4,Charles Leclerc,6,4,4,0.769,28.0,42.0,12.0
2021,4,Spanish Grand Prix,4,Lando Norris,1,9,9,0.955,37.0,53.0,4.0
2021,4,Spanish Grand Prix,4,George Russell,3,15,15,1.704,0.0,0.0,0.0
2021,4,Spanish Grand Prix,4,Nicholas Latifi,3,19,19,2.478,0.0,0.0,0.0
2021,4,Spanish Grand Prix,4,Yuki Tsunoda,213,16,16,1.815,2.0,9.0,0.0
2021,4,Spanish Grand Prix,4,Nikita Mazepin,210,20,20,3.066,0.0,0.0,0.0
2021,4,Spanish Grand Prix,4,Mick Schumacher,210,18,18,2.376,0.0,0.0,0.0
2021,5,Monaco Grand Prix,6,Lewis Hamilton,131,7,7,0.749,94.0,141.0,7.0
2021,5,Monaco Grand Prix,6,Fernando Alonso,214,17,17,1.859,5.0,15.0,0.0
2021,5,Monaco Grand Prix,6,Kimi Räikkönen,51,14,14,1.296,0.0,0.0,0.0
2021,5,Monaco Grand Prix,6,Sebastian Vettel,117,8,8,0.963,0.0,5.0,10.0
2021,5,Monaco Grand Prix,6,Sergio Pérez,9,9,9,0.673,32.0,112.0,12.0
2021,5,Monaco Grand Prix,6,Daniel Ricciardo,1,12,12,1.252,24.0,65.0,0.0
2021,5,Monaco Grand Prix,6,Valtteri Bottas,131,3,3,0.255,47.0,141.0,0.0
2021,5,Monaco Grand Prix,6,Max Verstappen,9,2,2,0.23,80.0,112.0,25.0
2021,5,Monaco Grand Prix,6,Carlos Sainz,6,4,4,0.265,20.0,60.0,18.0
2021,5,Monaco Grand Prix,6,Esteban Ocon,214,11,11,1.14,10.0,15.0,2.0
2021,5,Monaco Grand Prix,6,Lance Stroll,117,13,13,1.254,5.0,5.0,4.0
2021,5,Monaco Grand Prix,6,Antonio Giovinazzi,51,10,10,1.063,0.0,0.0,1.0
2021,5,Monaco Grand Prix,6,Pierre Gasly,213,6,6,0.554,8.0,10.0,8.0
2021,5,Monaco Grand Prix,6,Charles Leclerc,6,1,1,0.0,40.0,60.0,0.0
2021,5,Monaco Grand Prix,6,Lando Norris,1,5,5,0.274,41.0,65.0,15.0
2021,5,Monaco Grand Prix,6,George Russell,3,15,15,1.484,0.0,0.0,0.0
2021,5,Monaco Grand Prix,6,Nicholas Latifi,3,18,18,2.02,0.0,0.0,0.0
2021,5,Monaco Grand Prix,6,Yuki Tsunoda,213,16,16,1.75,2.0,10.0,0.0
2021,5,Monaco Grand Prix,6,Nikita Mazepin,210,19,19,2.612,0.0,0.0,0.0
2021,5,Monaco Grand Prix,6,Mick Schumacher,210,20,20,1.629,0.0,0.0,0.0
2021,6,Azerbaijan Grand Prix,73,Lewis Hamilton,131,2,2,0.232,101.0,148.0,0.0
2021,6,Azerbaijan Grand Prix,73,Fernando Alonso,214,8,9,0.977,5.0,17.0,8.0
2021,6,Azerbaijan Grand Prix,73,Kimi Räikkönen,51,14,14,1.369,0.0,1.0,1.0
2021,6,Azerbaijan Grand Prix,73,Sebastian Vettel,117,11,11,1.006,10.0,19.0,18.0
2021,6,Azerbaijan Grand Prix,73,Sergio Pérez,9,6,7,0.412,44.0,149.0,25.0
2021,6,Azerbaijan Grand Prix,73,Daniel Ricciardo,1,13,13,1.086,24.0,80.0,2.0
2021,6,Azerbaijan Grand Prix,73,Valtteri Bottas,131,10,10,0.888,47.0,148.0,0.0
2021,6,Azerbaijan Grand Prix,73,Max Verstappen,9,3,3,0.345,105.0,149.0,0.0
2021,6,Azerbaijan Grand Prix,73,Carlos Sainz,6,5,5,0.358,38.0,78.0,4.0
2021,6,Azerbaijan Grand Prix,73,Esteban Ocon,214,12,12,1.055,12.0,17.0,0.0
2021,6,Azerbaijan Grand Prix,73,Lance Stroll,117,19,19,0.0,9.0,19.0,0.0
2021,6,Azerbaijan Grand Prix,73,Antonio Giovinazzi,51,20,20,0.0,1.0,1.0,0.0
2021,6,Azerbaijan Grand Prix,73,Pierre Gasly,213,4,4,0.347,16.0,18.0,15.0
2021,6,Azerbaijan Grand Prix,73,Charles Leclerc,6,1,1,0.0,40.0,78.0,12.0
2021,6,Azerbaijan Grand Prix,73,Lando Norris,1,9,6,0.529,56.0,80.0,10.0
2021,6,Azerbaijan Grand Prix,73,George Russell,3,15,15,1.51,0.0,0.0,0.0
2021,6,Azerbaijan Grand Prix,73,Nicholas Latifi,3,16,16,1.91,0.0,0.0,0.0
2021,6,Azerbaijan Grand Prix,73,Yuki Tsunoda,213,7,8,0.436,2.0,18.0,6.0
2021,6,Azerbaijan Grand Prix,73,Nikita Mazepin,210,18,18,3.02,0.0,0.0,0.0
2021,6,Azerbaijan Grand Prix,73,Mick Schumacher,210,17,17,2.94,0.0,0.0,0.0
2021,7,French Grand Prix,34,Lewis Hamilton,131,2,2,0.258,101.0,148.0,18.0
2021,7,French Grand Prix,34,Fernando Alonso,214,9,9,1.35,13.0,25.0,4.0
2021,7,French Grand Prix,34,Kimi Räikkönen,51,17,17,3.364,1.0,2.0,0.0
2021,7,French Grand Prix,34,Sebastian Vettel,117,12,12,1.777,28.0,37.0,2.0
2021,7,French Grand Prix,34,Sergio Pérez,9,4,4,0.455,69.0,174.0,15.0
2021,7,French Grand Prix,34,Daniel Ricciardo,1,10,10,1.392,26.0,92.0,8.0
2021,7,French Grand Prix,34,Valtteri Bottas,131,3,3,0.386,47.0,148.0,12.0
2021,7,French Grand Prix,34,Max Verstappen,9,1,1,0.0,105.0,174.0,26.0
2021,7,French Grand Prix,34,Carlos Sainz,6,5,5,0.85,42.0,94.0,0.0
2021,7,French Grand Prix,34,Esteban Ocon,214,11,11,1.746,12.0,25.0,0.0
2021,7,French Grand Prix,34,Lance Stroll,117,19,19,0.0,9.0,37.0,1.0
2021,7,French Grand Prix,34,Antonio Giovinazzi,51,13,13,1.823,1.0,2.0,0.0
2021,7,French Grand Prix,34,Pierre Gasly,213,6,6,0.878,31.0,39.0,6.0
2021,7,French Grand Prix,34,Charles Leclerc,6,7,7,0.997,52.0,94.0,0.0
2021,7,French Grand Prix,34,Lando Norris,1,8,8,1.262,66.0,92.0,10.0
2021,7,French Grand Prix,34,George Russell,3,14,14,2.075,0.0,0.0,0.0
2021,7,French Grand Prix,34,Nicholas Latifi,3,16,16,3.072,0.0,0.0,0.0
2021,7,French Grand Prix,34,Nikita Mazepin,210,18,18,3.564,0.0,0.0,0.0
2021,7,French Grand Prix,34,Mick Schumacher,210,15,15,2.952,0.0,0.0,0.0
2021,8,Styrian Grand Prix,70,Lewis Hamilton,131,2,3,0.226,119.0,178.0,19.0
2021,8,Styrian Grand Prix,70,Fernando Alonso,214,8,9,0.733,17.0,29.0,2.0
2021,8,Styrian Grand Prix,70,Kimi Räikkönen,51,18,18,1.588,1.0,2.0,0.0
2021,8,Styrian Grand Prix,70,Sebastian Vettel,117,14,14,1.034,30.0,40.0,0.0
2021,8,Styrian Grand Prix,70,Sergio Pérez,9,4,5,0.327,84.0,215.0,12.0
2021,8,Styrian Grand Prix,70,Daniel Ricciardo,1,13,13,0.967,34.0,110.0,0.0
2021,8,Styrian Grand Prix,70,Valtteri Bottas,131,5,2,0.194,59.0,178.0,15.0
2021,8,Styrian Grand Prix,70,Max Verstappen,9,1,1,0.0,131.0,215.0,25.0
2021,8,Styrian Grand Prix,70,Carlos Sainz,6,12,12,0.959,42.0,94.0,8.0
2021,8,Styrian Grand Prix,70,Esteban Ocon,214,17,17,1.376,12.0,29.0,0.0
2021,8,Styrian Grand Prix,70,Lance Stroll,117,9,10,0.822,10.0,40.0,4.0
2021,8,Styrian Grand Prix,70,Antonio Giovinazzi,51,15,15,1.072,1.0,2.0,0.0
2021,8,Styrian Grand Prix,70,Pierre Gasly,213,6,6,0.395,37.0,45.0,0.0
2021,8,Styrian Grand Prix,70,Charles Leclerc,6,7,7,0.631,52.0,94.0,6.0
2021,8,Styrian Grand Prix,70,Lando Norris,1,3,4,0.279,76.0,110.0,10.0
2021,8,Styrian Grand Prix,70,George Russell,3,10,11,0.83,0.0,0.0,0.0
2021,8,Styrian Grand Prix,70,Nicholas Latifi,3,16,16,1.334,0.0,0.0,0.0
2021,8,Styrian Grand Prix,70,Yuki Tsunoda,213,11,8,0.673,8.0,45.0,1.0
2021,8,Styrian Grand Prix,70,Nikita Mazepin,210,20,20,2.351,0.0,0.0,0.0
2021,8,Styrian Grand Prix,70,Mick Schumacher,210,19,19,2.2,0.0,0.0,0.0
2021,9,Austrian Grand Prix,70,Lewis Hamilton,131,4,4,0.294,138.0,212.0,12.0
2021,9,Austrian Grand Prix,70,Fernando Alonso,214,14,14,0.752,19.0,31.0,1.0
2021,9,Austrian Grand Prix,70,Kimi Räikkönen,51,16,16,1.289,1.0,2.0,0.0
2021,9,Austrian Grand Prix,70,Sebastian Vettel,117,11,8,0.773,30.0,44.0,0.0
2021,9,Austrian Grand Prix,70,Sergio Pérez,9,3,3,0.27,96.0,252.0,8.0
2021,9,Austrian Grand Prix,70,Daniel Ricciardo,1,13,13,0.999,34.0,120.0,6.0
2021,9,Austrian Grand Prix,70,Valtteri Bottas,131,5,5,0.329,74.0,212.0,18.0
2021,9,Austrian Grand Prix,70,Max Verstappen,9,1,1,0.0,156.0,252.0,26.0
2021,9,Austrian Grand Prix,70,Carlos Sainz,6,10,11,0.839,50.0,108.0,10.0
2021,9,Austrian Grand Prix,70,Esteban Ocon,214,17,17,1.331,12.0,31.0,0.0
2021,9,Austrian Grand Prix,70,Lance Stroll,117,9,10,0.827,14.0,44.0,0.0
2021,9,Austrian Grand Prix,70,Antonio Giovinazzi,51,15,15,1.062,1.0,2.0,0.0
2021,9,Austrian Grand Prix,70,Pierre Gasly,213,6,6,0.387,37.0,46.0,2.0
2021,9,Austrian Grand Prix,70,Charles Leclerc,6,12,12,0.88,58.0,108.0,4.0
2021,9,Austrian Grand Prix,70,Lando Norris,1,2,2,0.048,86.0,120.0,15.0
2021,9,Austrian Grand Prix,70,George Russell,3,8,9,0.833,0.0,0.0,0.0
2021,9,Austrian Grand Prix,70,Nicholas Latifi,3,18,18,1.475,0.0,0.0,0.0
2021,9,Austrian Grand Prix,70,Yuki Tsunoda,213,7,7,0.553,9.0,46.0,0.0
2021,9,Austrian Grand Prix,70,Nikita Mazepin,210,20,20,2.231,0.0,0.0,0.0
2021,9,Austrian Grand Prix,70,Mick Schumacher,210,19,19,1.707,0.0,0.0,0.0
2021,10,British Grand Prix,9,Lewis Hamilton,131,2,1,0.0,150.0,242.0,25.0
2021,10,British Grand Prix,9,Fernando Alonso,214,7,11,1.222,20.0,32.0,6.0
2021,10,British Grand Prix,9,Kimi Räikkönen,51,13,17,2.039,1.0,2.0,0.0
2021,10,British Grand Prix,9,Sebastian Vettel,117,8,10,1.08,30.0,44.0,0.0
2021,10,British Grand Prix,9,Daniel Ricciardo,1,6,7,0.876,40.0,141.0,10.0
2021,10,British Grand Prix,9,Valtteri Bottas,131,3,3,0.305,92.0,242.0,15.0
2021,10,British Grand Prix,9,Max Verstappen,9,1,2,0.186,182.0,286.0,0.0
2021,10,British Grand Prix,9,Carlos Sainz,6,10,9,0.825,60.0,122.0,8.0
2021,10,British Grand Prix,9,Esteban Ocon,214,9,13,1.317,12.0,32.0,2.0
2021,10,British Grand Prix,9,Lance Stroll,117,14,15,1.642,14.0,44.0,4.0
2021,10,British Grand Prix,9,Antonio Giovinazzi,51,15,14,1.572,1.0,2.0,0.0
2021,10,British Grand Prix,9,Pierre Gasly,213,11,12,1.25,39.0,48.0,0.0
2021,10,British Grand Prix,9,Charles Leclerc,6,4,4,0.805,62.0,122.0,18.0
2021,10,British Grand Prix,9,Lando Norris,1,5,6,0.874,101.0,141.0,12.0
2021,10,British Grand Prix,9,George Russell,3,12,8,0.948,0.0,0.0,0.0
2021,10,British Grand Prix,9,Nicholas Latifi,3,17,18,2.231,0.0,0.0,0.0
2021,10,British Grand Prix,9,Yuki Tsunoda,213,16,16,2.02,9.0,48.0,1.0
2021,10,British Grand Prix,9,Nikita Mazepin,210,19,20,3.028,0.0,0.0,0.0
2021,10,British Grand Prix,9,Mick Schumacher,210,18,19,2.715,0.0,0.0,0.0
2021,11,Hungarian Grand Prix,11,Lewis Hamilton,131,1,1,0.0,175.0,282.0,18.0
2021,11,Hungarian Grand Prix,11,Fernando Alonso,214,9,9,1.122,26.0,40.0,12.0
2021,11,Hungarian Grand Prix,11,Kimi Räikkönen,51,13,13,2.134,1.0,2.0,1.0
2021,11,Hungarian Grand Prix,11,Sebastian Vettel,117,10,10,1.331,30.0,48.0,0.0
2021,11,Hungarian Grand Prix,11,Sergio Pérez,9,4,4,1.002,104.0,286.0,0.0
2021,11,Hungarian Grand Prix,11,Daniel Ricciardo,1,11,11,1.452,50.0,163.0,0.0
2021,11,Hungarian Grand Prix,11,Valtteri Bottas,131,2,2,0.315,107.0,282.0,0.0
2021,11,Hungarian Grand Prix,11,Max Verstappen,9,3,3,0.231,182.0,286.0,2.0
2021,11,Hungarian Grand Prix,11,Carlos Sainz,6,15,15,1.23,68.0,148.0,15.0
2021,11,Hungarian Grand Prix,11,Esteban Ocon,214,8,8,1.234,14.0,40.0,25.0
2021,11,Hungarian Grand Prix,11,Lance Stroll,117,12,12,1.474,18.0,48.0,0.0
2021,11,Hungarian Grand Prix,11,Pierre Gasly,213,5,5,0.975,39.0,49.0,11.0
2021,11,Hungarian Grand Prix,11,Charles Leclerc,6,7,7,1.077,80.0,148.0,0.0
2021,11,Hungarian Grand Prix,11,Lando Norris,1,6,6,0.966,113.0,163.0,0.0
2021,11,Hungarian Grand Prix,11,George Russell,3,17,17,2.525,0.0,0.0,4.0
2021,11,Hungarian Grand Prix,11,Nicholas Latifi,3,18,18,2.617,0.0,0.0,6.0
2021,11,Hungarian Grand Prix,11,Yuki Tsunoda,213,16,16,2.5,10.0,49.0,8.0
2021,11,Hungarian Grand Prix,11,Nikita Mazepin,210,19,19,3.503,0.0,0.0,0.0
2021,11,Hungarian Grand Prix,11,Mick Schumacher,210,20,20,0.0,0.0,0.0,0.0
2021,12,Belgian Grand Prix,13,Lewis Hamilton,131,3,3,0.204,193.0,300.0,7.5
2021,12,Belgian Grand Prix,13,Fernando Alonso,214,12,14,2.18,38.0,77.0,0.0
2021,12,Belgian Grand Prix,13,Sebastian Vettel,117,5,5,0.789,30.0,48.0,5.0
2021,12,Belgian Grand Prix,13,Daniel Ricciardo,1,4,4,1.102,50.0,163.0,6.0
2021,12,Belgian Grand Prix,13,Valtteri Bottas,131,13,8,0.27,107.0,300.0,0.0
2021,12,Belgian Grand Prix,13,Max Verstappen,9,1,1,0.534,184.0,288.0,12.5
2021,12,Belgian Grand Prix,13,Carlos Sainz,6,11,13,2.112,83.0,163.0,0.5
2021,12,Belgian Grand Prix,13,Esteban Ocon,214,8,9,1.329,39.0,77.0,3.0
2021,12,Belgian Grand Prix,13,Lance Stroll,117,19,15,2.206,18.0,48.0,0.0
2021,12,Belgian Grand Prix,13,Antonio Giovinazzi,51,14,16,6.281,1.0,3.0,0.0
2021,12,Belgian Grand Prix,13,Pierre Gasly,213,6,6,0.415,50.0,68.0,4.0
2021,12,Belgian Grand Prix,13,Charles Leclerc,6,9,11,1.696,80.0,163.0,2.0
2021,12,Belgian Grand Prix,13,Lando Norris,1,15,10,0.0,113.0,163.0,0.0
2021,12,Belgian Grand Prix,13,George Russell,3,2,2,0.925,4.0,10.0,9.0
2021,12,Belgian Grand Prix,13,Nicholas Latifi,3,10,12,2.031,6.0,10.0,1.0
2021,12,Belgian Grand Prix,13,Yuki Tsunoda,213,16,17,6.388,18.0,68.0,0.0
2021,12,Belgian Grand Prix,13,Nikita Mazepin,210,18,20,8.914,0.0,0.0,0.0
2021,12,Belgian Grand Prix,13,Mick Schumacher,210,17,18,7.948,0.0,0.0,0.0
2021,13,Dutch Grand Prix,39,Lewis Hamilton,131,2,2,0.038,200.5,307.5,19.0
2021,13,Dutch Grand Prix,39,Fernando Alonso,214,9,9,1.071,38.0,80.0,8.0
2021,13,Dutch Grand Prix,39,Robert Kubica,51,16,18,2.416,0.0,3.0,0.0
2021,13,Dutch Grand Prix,39,Sebastian Vettel,117,15,17,1.846,35.0,53.0,0.0
2021,13,Dutch Grand Prix,39,Daniel Ricciardo,1,10,10,0.98,56.0,169.0,0.0
2021,13,Dutch Grand Prix,39,Valtteri Bottas,131,3,3,0.337,107.0,307.5,15.0
2021,13,Dutch Grand Prix,39,Max Verstappen,9,1,1,0.0,196.5,300.5,25.0
2021,13,Dutch Grand Prix,39,Carlos Sainz,6,6,6,0.652,83.5,165.5,6.0
2021,13,Dutch Grand Prix,39,Esteban Ocon,214,8,8,1.034,42.0,80.0,2.0
2021,13,Dutch Grand Prix,39,Lance Stroll,117,12,12,1.482,18.0,53.0,0.0
2021,13,Dutch Grand Prix,39,Antonio Giovinazzi,51,7,7,0.705,1.0,3.0,0.0
2021,13,Dutch Grand Prix,39,Pierre Gasly,213,4,4,0.593,54.0,72.0,12.0
2021,13,Dutch Grand Prix,39,Charles Leclerc,6,5,5,0.552,82.0,165.5,10.0
2021,13,Dutch Grand Prix,39,Lando Norris,1,13,13,1.521,113.0,169.0,1.0
2021,13,Dutch Grand Prix,39,George Russell,3,11,11,1.447,13.0,20.0,0.0
2021,13,Dutch Grand Prix,39,Yuki Tsunoda,213,14,15,1.577,18.0,72.0,0.0
2021,13,Dutch Grand Prix,39,Nikita Mazepin,210,18,20,2.99,0.0,0.0,0.0
2021,13,Dutch Grand Prix,39,Mick Schumacher,210,17,19,2.502,0.0,0.0,0.0
2021,14,Italian Grand Prix,14,Lewis Hamilton,131,4,2,0.096,219.5,341.5,0.0
2021,14,Italian Grand Prix,14,Fernando Alonso,214,10,13,1.514,46.0,90.0,4.0
2021,14,Italian Grand Prix,14,Robert Kubica,51,17,19,2.975,0.0,3.0,0.0
2021,14,Italian Grand Prix,14,Sebastian Vettel,117,11,11,1.358,35.0,53.0,0.0
2021,14,Italian Grand Prix,14,Sergio Pérez,9,8,9,1.056,108.0,329.5,10.0
2021,14,Italian Grand Prix,14,Daniel Ricciardo,1,2,5,0.44,56.0,170.0,26.0
2021,14,Italian Grand Prix,14,Valtteri Bottas,131,19,1,0.0,122.0,341.5,15.0
2021,14,Italian Grand Prix,14,Max Verstappen,9,1,3,0.411,221.5,329.5,0.0
2021,14,Italian Grand Prix,14,Carlos Sainz,6,6,7,0.907,89.5,181.5,8.0
2021,14,Italian Grand Prix,14,Esteban Ocon,214,12,14,1.548,44.0,90.0,1.0
2021,14,Italian Grand Prix,14,Lance Stroll,117,9,12,1.465,18.0,53.0,6.0
2021,14,Italian Grand Prix,14,Antonio Giovinazzi,51,7,10,1.171,1.0,3.0,0.0
2021,14,Italian Grand Prix,14,Charles Leclerc,6,5,8,0.955,92.0,181.5,12.0
2021,14,Italian Grand Prix,14,Lando Norris,1,3,4,0.434,114.0,170.0,18.0
2021,14,Italian Grand Prix,14,George Russell,3,14,15,1.837,13.0,20.0,2.0
2021,14,Italian Grand Prix,14,Nicholas Latifi,3,13,16,2.37,7.0,20.0,0.0
2021,14,Italian Grand Prix,14,Nikita Mazepin,210,16,20,3.161,0.0,0.0,0.0
2021,14,Italian Grand Prix,14,Mick Schumacher,210,18,18,2.693,0.0,0.0,0.0
2021,15,Russian Grand Prix,71,Lewis Hamilton,131,4,4,2.057,219.5,356.5,25.0
2021,15,Russian Grand Prix,71,Fernando Alonso,214,6,6,2.211,50.0,95.0,8.0
2021,15,Russian Grand Prix,71,Kimi Räikkönen,51,13,16,7.593,2.0,3.0,4.0
2021,15,Russian Grand Prix,71,Sebastian Vettel,117,10,11,4.58,35.0,59.0,0.0
2021,15,Russian Grand Prix,71,Sergio Pérez,9,8,9,3.344,118.0,339.5,2.0
2021,15,Russian Grand Prix,71,Daniel Ricciardo,1,5,5,2.163,82.0,214.0,12.0
2021,15,Russian Grand Prix,71,Valtteri Bottas,131,16,7,2.717,137.0,356.5,10.0
2021,15,Russian Grand Prix,71,Max Verstappen,9,20,20,0.0,221.5,339.5,18.0
2021,15,Russian Grand Prix,71,Carlos Sainz,6,2,2,0.517,97.5,201.5,15.0
2021,15,Russian Grand Prix,71,Esteban Ocon,214,9,10,3.872,45.0,95.0,0.0
2021,15,Russian Grand Prix,71,Lance Stroll,117,7,8,2.963,24.0,59.0,0.0
2021,15,Russian Grand Prix,71,Antonio Giovinazzi,51,17,18,9.03,1.0,3.0,0.0
2021,15,Russian Grand Prix,71,Pierre Gasly,213,11,12,4.648,66.0,84.0,0.0
2021,15,Russian Grand Prix,71,Charles Leclerc,6,19,15,6.477,104.0,201.5,0.0
2021,15,Russian Grand Prix,71,Lando Norris,1,1,1,0.0,132.0,214.0,7.0
2021,15,Russian Grand Prix,71,George Russell,3,3,3,0.99,15.0,22.0,1.0
2021,15,Russian Grand Prix,71,Nicholas Latifi,3,18,14,6.259,7.0,22.0,0.0
2021,15,Russian Grand Prix,71,Yuki Tsunoda,213,12,13,4.758,18.0,84.0,0.0
2021,15,Russian Grand Prix,71,Nikita Mazepin,210,15,19,11.771,0.0,0.0,0.0
2021,15,Russian Grand Prix,71,Mick Schumacher,210,14,17,7.837,0.0,0.0,0.0
2021,16,Turkish Grand Prix,5,Lewis Hamilton,131,11,1,0.0,244.5,391.5,10.0
2021,16,Turkish Grand Prix,5,Fernando Alonso,214,5,6,0.609,58.0,103.0,0.0
2021,16,Turkish Grand Prix,5,Kimi Räikkönen,51,17,19,4.657,6.0,7.0,0.0
2021,16,Turkish Grand Prix,5,Sebastian Vettel,117,10,11,1.927,35.0,59.0,0.0
2021,16,Turkish Grand Prix,5,Sergio Pérez,9,6,7,0.838,120.0,359.5,15.0
2021,16,Turkish Grand Prix,5,Daniel Ricciardo,1,20,16,3.013,94.0,233.0,0.0
2021,16,Turkish Grand Prix,5,Valtteri Bottas,131,1,2,0.13,147.0,391.5,26.0
2021,16,Turkish Grand Prix,5,Max Verstappen,9,2,3,0.328,239.5,359.5,18.0
2021,16,Turkish Grand Prix,5,Carlos Sainz,6,19,15,2.309,112.5,216.5,4.0
2021,16,Turkish Grand Prix,5,Esteban Ocon,214,12,12,1.974,45.0,103.0,1.0
2021,16,Turkish Grand Prix,5,Lance Stroll,117,8,9,1.437,24.0,59.0,2.0
2021,16,Turkish Grand Prix,5,Antonio Giovinazzi,51,16,18,3.562,1.0,7.0,0.0
2021,16,Turkish Grand Prix,5,Pierre Gasly,213,4,5,0.458,66.0,84.0,8.0
2021,16,Turkish Grand Prix,5,Charles Leclerc,6,3,4,0.397,104.0,216.5,12.0
2021,16,Turkish Grand Prix,5,Lando Norris,1,7,8,1.086,139.0,233.0,6.0
2021,16,Turkish Grand Prix,5,George Russell,3,13,13,2.139,16.0,23.0,0.0
2021,16,Turkish Grand Prix,5,Nicholas Latifi,3,15,17,3.218,7.0,23.0,0.0
2021,16,Turkish Grand Prix,5,Yuki Tsunoda,213,9,10,1.186,18.0,84.0,0.0
2021,16,Turkish Grand Prix,5,Nikita Mazepin,210,18,20,5.581,0.0,0.0,0.0
2021,16,Turkish Grand Prix,5,Mick Schumacher,210,14,14,2.332,0.0,0.0,0.0
2021,17,United States Grand Prix,69,Lewis Hamilton,131,2,2,0.209,254.5,427.5,19.0
2021,17,United States Grand Prix,69,Fernando Alonso,214,19,14,2.846,58.0,104.0,0.0
2021,17,United States Grand Prix,69,Kimi Räikkönen,51,15,18,3.401,6.0,7.0,0.0
2021,17,United States Grand Prix,69,Sebastian Vettel,117,18,12,2.371,35.0,61.0,1.0
2021,17,United States Grand Prix,69,Sergio Pérez,9,3,3,0.224,135.0,392.5,15.0
2021,17,United States Grand Prix,69,Daniel Ricciardo,1,6,7,0.898,94.0,239.0,10.0
2021,17,United States Grand Prix,69,Valtteri Bottas,131,9,4,0.565,173.0,427.5,8.0
2021,17,United States Grand Prix,69,Max Verstappen,9,1,1,0.0,257.5,392.5,25.0
2021,17,United States Grand Prix,69,Carlos Sainz,6,5,6,0.882,116.5,232.5,6.0
2021,17,United States Grand Prix,69,Esteban Ocon,214,11,11,2.467,46.0,104.0,0.0
2021,17,United States Grand Prix,69,Lance Stroll,117,13,16,3.073,26.0,61.0,0.0
2021,17,United States Grand Prix,69,Antonio Giovinazzi,51,12,13,2.884,1.0,7.0,0.0
2021,17,United States Grand Prix,69,Pierre Gasly,213,8,9,1.208,74.0,92.0,0.0
2021,17,United States Grand Prix,69,Charles Leclerc,6,4,5,0.696,116.0,232.5,12.0
2021,17,United States Grand Prix,69,Lando Norris,1,7,8,0.97,145.0,239.0,4.0
2021,17,United States Grand Prix,69,George Russell,3,20,15,2.836,16.0,23.0,0.0
2021,17,United States Grand Prix,69,Nicholas Latifi,3,14,17,3.085,7.0,23.0,0.0
2021,17,United States Grand Prix,69,Yuki Tsunoda,213,10,10,2.008,18.0,92.0,2.0
2021,17,United States Grand Prix,69,Nikita Mazepin,210,17,20,3.886,0.0,0.0,0.0
2021,17,United States Grand Prix,69,Mick Schumacher,210,16,19,3.589,0.0,0.0,0.0
2021,18,Mexico City Grand Prix,32,Lewis Hamilton,131,2,2,0.145,273.5,454.5,18.0
2021,18,Mexico City Grand Prix,32,Fernando Alonso,214,12,16,2.577,58.0,104.0,2.0
2021,18,Mexico City Grand Prix,32,Kimi Räikkönen,51,10,12,1.731,6.0,7.0,4.0
2021,18,Mexico City Grand Prix,32,Sebastian Vettel,117,9,11,1.627,36.0,62.0,6.0
2021,18,Mexico City Grand Prix,32,Sergio Pérez,9,4,4,0.467,150.0,432.5,15.0
2021,18,Mexico City Grand Prix,32,Daniel Ricciardo,1,7,7,0.888,104.0,253.0,0.0
2021,18,Mexico City Grand Prix,32,Valtteri Bottas,131,1,1,0.0,181.0,454.5,0.0
2021,18,Mexico City Grand Prix,32,Max Verstappen,9,3,3,0.35,282.5,432.5,25.0
2021,18,Mexico City Grand Prix,32,Carlos Sainz,6,6,6,0.886,122.5,250.5,8.0
2021,18,Mexico City Grand Prix,32,Esteban Ocon,214,19,15,2.251,46.0,104.0,0.0
2021,18,Mexico City Grand Prix,32,Lance Stroll,117,20,20,4.998,26.0,62.0,0.0
2021,18,Mexico City Grand Prix,32,Antonio Giovinazzi,51,11,14,2.022,1.0,7.0,0.0
2021,18,Mexico City Grand Prix,32,Pierre Gasly,213,5,5,0.581,74.0,94.0,12.0
2021,18,Mexico City Grand Prix,32,Charles Leclerc,6,8,8,0.873,128.0,250.5,10.0
2021,18,Mexico City Grand Prix,32,Lando Norris,1,18,10,1.598,149.0,253.0,1.0
2021,18,Mexico City Grand Prix,32,George Russell,3,16,13,2.083,16.0,23.0,0.0
2021,18,Mexico City Grand Prix,32,Nicholas Latifi,3,13,17,2.881,7.0,23.0,0.0
2021,18,Mexico City Grand Prix,32,Yuki Tsunoda,213,17,9,0.826,20.0,94.0,0.0
2021,18,Mexico City Grand Prix,32,Nikita Mazepin,210,15,19,3.428,0.0,0.0,0.0
2021,18,Mexico City Grand Prix,32,Mick Schumacher,210,14,18,2.983,0.0,0.0,0.0
2021,19,São Paulo Grand Prix,18,Lewis Hamilton,131,10,1,0.0,291.5,472.5,25.0
2021,19,São Paulo Grand Prix,18,Fernando Alonso,214,12,10,1.179,60.0,106.0,2.0
2021,19,São Paulo Grand Prix,18,Sebastian Vettel,117,9,12,1.465,42.0,68.0,0.0
2021,19,São Paulo Grand Prix,18,Sergio Pérez,9,4,4,0.549,165.0,472.5,13.0
2021,19,São Paulo Grand Prix,18,Daniel Ricciardo,1,11,9,1.105,104.0,254.0,0.0
2021,19,São Paulo Grand Prix,18,Valtteri Bottas,131,1,3,0.492,181.0,472.5,15.0
2021,19,São Paulo Grand Prix,18,Max Verstappen,9,2,2,0.438,307.5,472.5,18.0
2021,19,São Paulo Grand Prix,18,Carlos Sainz,6,3,6,0.892,130.5,268.5,8.0
2021,19,São Paulo Grand Prix,18,Esteban Ocon,214,8,11,1.255,46.0,106.0,4.0
2021,19,São Paulo Grand Prix,18,Lance Stroll,117,14,16,1.729,26.0,68.0,0.0
2021,19,São Paulo Grand Prix,18,Antonio Giovinazzi,51,13,15,1.408,1.0,11.0,0.0
2021,19,São Paulo Grand Prix,18,Pierre Gasly,213,7,5,0.843,86.0,106.0,6.0
2021,19,São Paulo Grand Prix,18,Charles Leclerc,6,6,7,0.925,138.0,268.5,10.0
2021,19,São Paulo Grand Prix,18,Lando Norris,1,5,8,1.046,150.0,254.0,1.0
2021,19,São Paulo Grand Prix,18,George Russell,3,17,18,2.019,16.0,23.0,0.0
2021,19,São Paulo Grand Prix,18,Nicholas Latifi,3,16,17,1.963,7.0,23.0,0.0
2021,19,São Paulo Grand Prix,18,Yuki Tsunoda,213,15,13,1.416,20.0,106.0,0.0
2021,19,São Paulo Grand Prix,18,Nikita Mazepin,210,19,20,2.655,0.0,0.0,0.0
2021,19,São Paulo Grand Prix,18,Mick Schumacher,210,18,19,2.395,0.0,0.0,0.0
2021,20,Qatar Grand Prix,78,Lewis Hamilton,131,1,1,0.0,316.5,512.5,25.0
2021,20,Qatar Grand Prix,78,Fernando Alonso,214,3,5,0.843,62.0,112.0,15.0
2021,20,Qatar Grand Prix,78,Kimi Räikkönen,51,16,16,2.329,10.0,11.0,0.0
2021,20,Qatar Grand Prix,78,Sebastian Vettel,117,10,10,1.319,42.0,68.0,1.0
2021,20,Qatar Grand Prix,78,Sergio Pérez,9,11,11,1.519,178.0,503.5,12.0
2021,20,Qatar Grand Prix,78,Daniel Ricciardo,1,14,14,1.77,104.0,255.0,0.0
2021,20,Qatar Grand Prix,78,Valtteri Bottas,131,6,3,0.651,196.0,512.5,0.0
2021,20,Qatar Grand Prix,78,Max Verstappen,9,7,2,0.455,325.5,503.5,19.0
2021,20,Qatar Grand Prix,78,Carlos Sainz,6,5,7,1.013,138.5,286.5,6.0
2021,20,Qatar Grand Prix,78,Esteban Ocon,214,9,9,1.185,50.0,112.0,10.0
2021,20,Qatar Grand Prix,78,Lance Stroll,117,12,12,1.633,26.0,68.0,8.0
2021,20,Qatar Grand Prix,78,Antonio Giovinazzi,51,18,18,2.435,1.0,11.0,0.0
2021,20,Qatar Grand Prix,78,Pierre Gasly,213,2,4,0.813,92.0,112.0,0.0
2021,20,Qatar Grand Prix,78,Charles Leclerc,6,13,13,1.636,148.0,286.5,4.0
2021,20,Qatar Grand Prix,78,Lando Norris,1,4,6,0.904,151.0,255.0,2.0
2021,20,Qatar Grand Prix,78,George Russell,3,15,15,1.929,16.0,23.0,0.0
2021,20,Qatar Grand Prix,78,Nicholas Latifi,3,17,17,2.386,7.0,23.0,0.0
2021,20,Qatar Grand Prix,78,Yuki Tsunoda,213,8,8,1.054,20.0,112.0,0.0
2021,20,Qatar Grand Prix,78,Nikita Mazepin,210,20,20,5.032,0.0,0.0,0.0
2021,20,Qatar Grand Prix,78,Mick Schumacher,210,19,19,2.58,0.0,0.0,0.0
2021,21,Saudi Arabian Grand Prix,77,Lewis Hamilton,131,1,1,0.0,341.5,537.5,26.0
2021,21,Saudi Arabian Grand Prix,77,Fernando Alonso,214,13,13,1.409,77.0,137.0,0.0
2021,21,Saudi Arabian Grand Prix,77,Kimi Räikkönen,51,12,12,1.345,10.0,11.0,0.0
2021,21,Saudi Arabian Grand Prix,77,Sebastian Vettel,117,17,17,1.687,43.0,77.0,0.0
2021,21,Saudi Arabian Grand Prix,77,Sergio Pérez,9,5,5,0.435,190.0,534.5,0.0
2021,21,Saudi Arabian Grand Prix,77,Daniel Ricciardo,1,11,11,0.705,104.0,257.0,10.0
2021,21,Saudi Arabian Grand Prix,77,Valtteri Bottas,131,2,2,0.111,196.0,537.5,15.0
2021,21,Saudi Arabian Grand Prix,77,Max Verstappen,9,3,3,0.142,344.5,534.5,18.0
2021,21,Saudi Arabian Grand Prix,77,Carlos Sainz,6,15,15,0.726,144.5,296.5,4.0
2021,21,Saudi Arabian Grand Prix,77,Esteban Ocon,214,9,9,1.063,60.0,137.0,12.0
2021,21,Saudi Arabian Grand Prix,77,Lance Stroll,117,18,18,1.857,34.0,77.0,0.0
2021,21,Saudi Arabian Grand Prix,77,Antonio Giovinazzi,51,10,10,1.105,1.0,11.0,2.0
2021,21,Saudi Arabian Grand Prix,77,Pierre Gasly,213,6,6,0.614,92.0,112.0,8.0
2021,21,Saudi Arabian Grand Prix,77,Charles Leclerc,6,4,4,0.543,152.0,296.5,6.0
2021,21,Saudi Arabian Grand Prix,77,Lando Norris,1,7,7,0.669,153.0,257.0,1.0
2021,21,Saudi Arabian Grand Prix,77,George Russell,3,14,14,1.415,16.0,23.0,0.0
2021,21,Saudi Arabian Grand Prix,77,Nicholas Latifi,3,16,16,1.666,7.0,23.0,0.0
2021,21,Saudi Arabian Grand Prix,77,Yuki Tsunoda,213,8,8,0.711,20.0,112.0,0.0
2021,21,Saudi Arabian Grand Prix,77,Nikita Mazepin,210,20,20,2.962,0.0,0.0,0.0
2021,21,Saudi Arabian Grand Prix,77,Mick Schumacher,210,19,19,1.953,0.0,0.0,0.0
2021,22,Abu Dhabi Grand Prix,24,Lewis Hamilton,131,2,2,0.371,367.5,578.5,18.0
2021,22,Abu Dhabi Grand Prix,24,Fernando Alonso,214,11,11,1.351,77.0,149.0,4.0
2021,22,Abu Dhabi Grand Prix,24,Kimi Räikkönen,51,18,18,2.67,10.0,13.0,0.0
2021,22,Abu Dhabi Grand Prix,24,Sebastian Vettel,117,15,15,2.116,43.0,77.0,0.0
2021,22,Abu Dhabi Grand Prix,24,Sergio Pérez,9,4,4,0.838,190.0,552.5,0.0
2021,22,Abu Dhabi Grand Prix,24,Daniel Ricciardo,1,10,10,1.3,114.0,268.0,0.0
2021,22,Abu Dhabi Grand Prix,24,Valtteri Bottas,131,6,6,0.927,211.0,578.5,8.0
2021,22,Abu Dhabi Grand Prix,24,Max Verstappen,9,1,1,0.0,362.5,552.5,26.0
2021,22,Abu Dhabi Grand Prix,24,Carlos Sainz,6,5,5,0.883,148.5,306.5,15.0
2021,22,Abu Dhabi Grand Prix,24,Esteban Ocon,214,9,9,1.28,72.0,149.0,2.0
2021,22,Abu Dhabi Grand Prix,24,Lance Stroll,117,13,13,1.952,34.0,77.0,0.0
2021,22,Abu Dhabi Grand Prix,24,Antonio Giovinazzi,51,14,14,2.009,3.0,13.0,0.0
2021,22,Abu Dhabi Grand Prix,24,Pierre Gasly,213,12,12,1.38,100.0,120.0,10.0
2021,22,Abu Dhabi Grand Prix,24,Charles Leclerc,6,7,7,1.013,158.0,306.5,1.0
2021,22,Abu Dhabi Grand Prix,24,Lando Norris,1,3,3,0.822,154.0,268.0,6.0
2021,22,Abu Dhabi Grand Prix,24,George Russell,3,17,17,2.314,16.0,23.0,0.0
2021,22,Abu Dhabi Grand Prix,24,Nicholas Latifi,3,16,16,2.229,7.0,23.0,0.0
2021,22,Abu Dhabi Grand Prix,24,Yuki Tsunoda,213,8,8,1.111,20.0,120.0,12.0
2021,22,Abu Dhabi Grand Prix,24,Nikita Mazepin,210,20,20,3.576,0.0,0.0,0.0
2021,22,Abu Dhabi Grand Prix,24,Mick Schumacher,210,19,19,2.797,0.0,0.0,0.0
2022,1,Bahrain Grand Prix,3,Lewis Hamilton,131,5,5,0.49,0.0,0.0,15.0
2022,1,Bahrain Grand Prix,3,Fernando Alonso,214,8,8,1.063,0.0,0.0,2.0
2022,1,Bahrain Grand Prix,3,Nico Hülkenberg,117,17,17,2.219,0.0,0.0,0.0
2022,1,Bahrain Grand Prix,3,Sergio Pérez,9,4,4,0.363,0.0,0.0,0.0
2022,1,Bahrain Grand Prix,3,Daniel Ricciardo,1,18,18,2.387,0.0,0.0,0.0
2022,1,Bahrain Grand Prix,3,Valtteri Bottas,51,6,6,1.002,0.0,0.0,8.0
2022,1,Bahrain Grand Prix,3,Kevin Magnussen,210,7,7,0.903,0.0,0.0,10.0
2022,1,Bahrain Grand Prix,3,Max Verstappen,9,2,2,0.123,0.0,0.0,0.0
2022,1,Bahrain Grand Prix,3,Carlos Sainz,6,3,3,0.129,0.0,0.0,18.0
2022,1,Bahrain Grand Prix,3,Esteban Ocon,214,11,11,1.224,0.0,0.0,6.0
2022,1,Bahrain Grand Prix,3,Lance Stroll,117,19,19,2.474,0.0,0.0,0.0
2022,1,Bahrain Grand Prix,3,Pierre Gasly,213,10,10,1.077,0.0,0.0,0.0
2022,1,Bahrain Grand Prix,3,Charles Leclerc,6,1,1,0.0,0.0,0.0,26.0
2022,1,Bahrain Grand Prix,3,Lando Norris,1,13,13,1.45,0.0,0.0,0.0
2022,1,Bahrain Grand Prix,3,George Russell,131,9,9,0.694,0.0,0.0,12.0
2022,1,Bahrain Grand Prix,3,Alexander Albon,3,14,14,2.106,0.0,0.0,0.0
2022,1,Bahrain Grand Prix,3,Nicholas Latifi,3,20,20,3.076,0.0,0.0,0.0
2022,1,Bahrain Grand Prix,3,Yuki Tsunoda,213,16,16,2.192,0.0,0.0,4.0
2022,1,Bahrain Grand Prix,3,Mick Schumacher,210,12,12,1.44,0.0,0.0,0.0
2022,1,Bahrain Grand Prix,3,Guanyu Zhou,51,15,15,1.935,0.0,0.0,1.0
2022,2,Saudi Arabian Grand Prix,77,Lewis Hamilton,131,15,16,2.143,15.0,27.0,1.0
2022,2,Saudi Arabian Grand Prix,77,Fernando Alonso,214,7,7,0.947,2.0,8.0,0.0
2022,2,Saudi Arabian Grand Prix,77,Nico Hülkenberg,117,17,18,2.343,0.0,0.0,0.0
2022,2,Saudi Arabian Grand Prix,77,Sergio Pérez,9,1,1,0.0,0.0,0.0,12.0
2022,2,Saudi Arabian Grand Prix,77,Daniel Ricciardo,1,14,12,1.573,0.0,0.0,0.0
2022,2,Saudi Arabian Grand Prix,77,Valtteri Bottas,51,8,8,0.983,8.0,9.0,0.0
2022,2,Saudi Arabian Grand Prix,77,Kevin Magnussen,210,10,10,1.346,10.0,10.0,2.0
2022,2,Saudi Arabian Grand Prix,77,Max Verstappen,9,4,4,0.261,0.0,0.0,25.0
2022,2,Saudi Arabian Grand Prix,77,Carlos Sainz,6,3,3,0.202,18.0,44.0,15.0
2022,2,Saudi Arabian Grand Prix,77,Esteban Ocon,214,5,5,0.868,6.0,8.0,8.0
2022,2,Saudi Arabian Grand Prix,77,Lance Stroll,117,13,15,2.056,0.0,0.0,0.0
2022,2,Saudi Arabian Grand Prix,77,Pierre Gasly,213,9,9,1.054,0.0,4.0,4.0
2022,2,Saudi Arabian Grand Prix,77,Charles Leclerc,6,2,2,0.025,26.0,44.0,19.0
2022,2,Saudi Arabian Grand Prix,77,Lando Norris,1,11,11,1.451,0.0,0.0,6.0
2022,2,Saudi Arabian Grand Prix,77,George Russell,131,6,6,0.904,12.0,27.0,10.0
2022,2,Saudi Arabian Grand Prix,77,Alexander Albon,3,16,17,2.292,0.0,0.0,0.0
2022,2,Saudi Arabian Grand Prix,77,Nicholas Latifi,3,18,19,3.617,0.0,0.0,0.0
2022,2,Saudi Arabian Grand Prix,77,Yuki Tsunoda,213,19,20,0.0,4.0,4.0,0.0
2022,2,Saudi Arabian Grand Prix,77,Guanyu Zhou,51,12,13,1.619,1.0,9.0,0.0
2022,3,Australian Grand Prix,1,Lewis Hamilton,131,5,5,0.957,16.0,38.0,12.0
2022,3,Australian Grand Prix,1,Fernando Alonso,214,10,10,0.947,2.0,16.0,0.0
2022,3,Australian Grand Prix,1,Sebastian Vettel,117,17,18,3.281,0.0,0.0,0.0
2022,3,Australian Grand Prix,1,Sergio Pérez,9,3,3,0.372,12.0,37.0,18.0
2022,3,Australian Grand Prix,1,Daniel Ricciardo,1,7,7,1.164,0.0,6.0,8.0
2022,3,Australian Grand Prix,1,Valtteri Bottas,51,12,12,1.383,8.0,9.0,4.0
2022,3,Australian Grand Prix,1,Kevin Magnussen,210,16,17,2.386,12.0,12.0,0.0
2022,3,Australian Grand Prix,1,Max Verstappen,9,2,2,0.286,25.0,37.0,0.0
2022,3,Australian Grand Prix,1,Carlos Sainz,6,9,9,0.601,33.0,78.0,0.0
2022,3,Australian Grand Prix,1,Esteban Ocon,214,8,8,1.193,14.0,16.0,6.0
2022,3,Australian Grand Prix,1,Lance Stroll,117,19,20,0.0,0.0,0.0,0.0
2022,3,Australian Grand Prix,1,Pierre Gasly,213,11,11,1.358,4.0,8.0,2.0
2022,3,Australian Grand Prix,1,Charles Leclerc,6,1,1,0.0,45.0,78.0,26.0
2022,3,Australian Grand Prix,1,Lando Norris,1,4,4,0.835,6.0,6.0,10.0
2022,3,Australian Grand Prix,1,George Russell,131,6,6,1.065,22.0,38.0,15.0
2022,3,Australian Grand Prix,1,Alexander Albon,3,20,16,2.267,0.0,0.0,1.0
2022,3,Australian Grand Prix,1,Nicholas Latifi,3,18,19,3.504,0.0,0.0,0.0
2022,3,Australian Grand Prix,1,Yuki Tsunoda,213,13,13,1.556,4.0,8.0,0.0
2022,3,Australian Grand Prix,1,Mick Schumacher,210,15,15,2.236,0.0,12.0,0.0
2022,3,Australian Grand Prix,1,Guanyu Zhou,51,14,14,2.042,1.0,9.0,0.0
2022,4,Emilia Romagna Grand Prix,21,Lewis Hamilton,131,14,13,1.677,28.0,65.0,0.0
2022,4,Emilia Romagna Grand Prix,21,Fernando Alonso,214,9,5,0.802,2.0,22.0,0.0
2022,4,Emilia Romagna Grand Prix,21,Sebastian Vettel,117,13,9,1.164,0.0,0.0,4.0
2022,4,Emilia Romagna Grand Prix,21,Sergio Pérez,9,3,7,0.503,30.0,55.0,18.0
2022,4,Emilia Romagna Grand Prix,21,Daniel Ricciardo,1,6,6,1.187,8.0,24.0,0.0
2022,4,Emilia Romagna Grand Prix,21,Valtteri Bottas,51,7,8,1.399,12.0,13.0,10.0
2022,4,Emilia Romagna Grand Prix,21,Kevin Magnussen,210,8,4,1.109,12.0,12.0,2.0
2022,4,Emilia Romagna Grand Prix,21,Max Verstappen,9,1,1,0.0,25.0,55.0,26.0
2022,4,Emilia Romagna Grand Prix,21,Carlos Sainz,6,4,10,0.197,33.0,104.0,0.0
2022,4,Emilia Romagna Grand Prix,21,Esteban Ocon,214,16,19,3.545,20.0,22.0,0.0
2022,4,Emilia Romagna Grand Prix,21,Lance Stroll,117,15,15,1.549,0.0,0.0,1.0
2022,4,Emilia Romagna Grand Prix,21,Pierre Gasly,213,17,17,1.939,6.0,10.0,0.0
2022,4,Emilia Romagna Grand Prix,21,Charles Leclerc,6,2,2,0.003,71.0,104.0,8.0
2022,4,Emilia Romagna Grand Prix,21,Lando Norris,1,5,3,0.501,16.0,24.0,15.0
2022,4,Emilia Romagna Grand Prix,21,George Russell,131,11,11,1.59,37.0,65.0,12.0
2022,4,Emilia Romagna Grand Prix,21,Alexander Albon,3,18,20,0.0,1.0,1.0,0.0
2022,4,Emilia Romagna Grand Prix,21,Nicholas Latifi,3,19,18,3.178,0.0,1.0,0.0
2022,4,Emilia Romagna Grand Prix,21,Yuki Tsunoda,213,12,16,1.681,4.0,10.0,6.0
2022,4,Emilia Romagna Grand Prix,21,Mick Schumacher,210,10,12,1.629,0.0,12.0,0.0
2022,5,Miami Grand Prix,79,Lewis Hamilton,131,6,6,0.829,28.0,77.0,8.0
2022,5,Miami Grand Prix,79,Fernando Alonso,214,11,11,1.364,2.0,22.0,0.0
2022,5,Miami Grand Prix,79,Sergio Pérez,9,4,4,0.24,48.0,99.0,12.0
2022,5,Miami Grand Prix,79,Daniel Ricciardo,1,14,14,1.514,8.0,39.0,0.0
2022,5,Miami Grand Prix,79,Valtteri Bottas,51,5,5,0.679,22.0,23.0,6.0
2022,5,Miami Grand Prix,79,Kevin Magnussen,210,16,16,2.179,14.0,14.0,0.0
2022,5,Miami Grand Prix,79,Max Verstappen,9,3,3,0.195,51.0,99.0,26.0
2022,5,Miami Grand Prix,79,Carlos Sainz,6,2,2,0.19,33.0,112.0,15.0
2022,5,Miami Grand Prix,79,Esteban Ocon,214,20,20,0.0,20.0,22.0,4.0
2022,5,Miami Grand Prix,79,Pierre Gasly,213,7,7,0.894,6.0,16.0,0.0
2022,5,Miami Grand Prix,79,Charles Leclerc,6,1,1,0.0,79.0,112.0,18.0
2022,5,Miami Grand Prix,79,Lando Norris,1,8,8,0.838,31.0,39.0,0.0
2022,5,Miami Grand Prix,79,George Russell,131,12,12,1.377,49.0,77.0,10.0
2022,5,Miami Grand Prix,79,Alexander Albon,3,18,18,2.47,1.0,1.0,2.0
2022,5,Miami Grand Prix,79,Nicholas Latifi,3,19,19,2.529,0.0,1.0,0.0
2022,5,Miami Grand Prix,79,Yuki Tsunoda,213,9,9,1.136,10.0,16.0,0.0
2022,5,Miami Grand Prix,79,Mick Schumacher,210,15,15,1.627,0.0,14.0,0.0
2022,5,Miami Grand Prix,79,Guanyu Zhou,51,17,17,2.224,1.0,23.0,0.0
2022,6,Spanish Grand Prix,4,Lewis Hamilton,131,6,6,0.762,36.0,95.0,10.0
2022,6,Spanish Grand Prix,4,Fernando Alonso,214,20,17,2.293,2.0,26.0,2.0
2022,6,Spanish Grand Prix,4,Sebastian Vettel,117,16,16,2.204,4.0,6.0,0.0
2022,6,Spanish Grand Prix,4,Sergio Pérez,9,5,5,0.67,60.0,137.0,19.0
2022,6,Spanish Grand Prix,4,Daniel Ricciardo,1,9,9,1.537,8.0,39.0,0.0
2022,6,Spanish Grand Prix,4,Valtteri Bottas,51,7,7,0.858,28.0,29.0,8.0
2022,6,Spanish Grand Prix,4,Kevin Magnussen,210,8,8,0.932,14.0,14.0,0.0
2022,6,Spanish Grand Prix,4,Max Verstappen,9,2,2,0.323,77.0,137.0,25.0
2022,6,Spanish Grand Prix,4,Carlos Sainz,6,3,3,0.416,48.0,145.0,12.0
2022,6,Spanish Grand Prix,4,Esteban Ocon,214,12,12,1.888,24.0,26.0,6.0
2022,6,Spanish Grand Prix,4,Lance Stroll,117,17,18,2.668,2.0,6.0,0.0
2022,6,Spanish Grand Prix,4,Pierre Gasly,213,14,14,1.969,6.0,16.0,0.0
2022,6,Spanish Grand Prix,4,Charles Leclerc,6,1,1,0.0,97.0,145.0,0.0
2022,6,Spanish Grand Prix,4,Lando Norris,1,11,11,1.721,31.0,39.0,4.0
2022,6,Spanish Grand Prix,4,George Russell,131,4,4,0.643,59.0,95.0,15.0
2022,6,Spanish Grand Prix,4,Alexander Albon,3,18,19,2.895,3.0,3.0,0.0
2022,6,Spanish Grand Prix,4,Nicholas Latifi,3,19,20,3.165,0.0,3.0,0.0
2022,6,Spanish Grand Prix,4,Yuki Tsunoda,213,13,13,1.889,10.0,16.0,1.0
2022,6,Spanish Grand Prix,4,Mick Schumacher,210,10,10,1.618,0.0,14.0,0.0
2022,6,Spanish Grand Prix,4,Guanyu Zhou,51,15,15,1.726,1.0,29.0,0.0
2022,7,Monaco Grand Prix,6,Lewis Hamilton,131,8,8,1.184,46.0,120.0,4.0
2022,7,Monaco Grand Prix,6,Fernando Alonso,214,7,7,0.871,4.0,34.0,6.0
2022,7,Monaco Grand Prix,6,Sebastian Vettel,117,9,9,1.237,4.0,6.0,1.0
2022,7,Monaco Grand Prix,6,Sergio Pérez,9,3,3,0.253,79.0,181.0,25.0
2022,7,Monaco Grand Prix,6,Daniel Ricciardo,1,14,14,1.588,8.0,43.0,0.0
2022,7,Monaco Grand Prix,6,Valtteri Bottas,51,12,12,1.533,36.0,37.0,2.0
2022,7,Monaco Grand Prix,6,Kevin Magnussen,210,13,13,1.545,14.0,14.0,0.0
2022,7,Monaco Grand Prix,6,Max Verstappen,9,4,4,0.29,102.0,181.0,15.0
2022,7,Monaco Grand Prix,6,Carlos Sainz,6,2,2,0.225,60.0,157.0,18.0
2022,7,Monaco Grand Prix,6,Esteban Ocon,214,10,10,1.152,30.0,34.0,0.0
2022,7,Monaco Grand Prix,6,Lance Stroll,117,18,18,2.302,2.0,6.0,0.0
2022,7,Monaco Grand Prix,6,Pierre Gasly,213,17,17,2.284,6.0,17.0,0.0
2022,7,Monaco Grand Prix,6,Charles Leclerc,6,1,1,0.0,97.0,157.0,12.0
2022,7,Monaco Grand Prix,6,Lando Norris,1,5,5,0.473,35.0,43.0,9.0
2022,7,Monaco Grand Prix,6,George Russell,131,6,6,0.736,74.0,120.0,10.0
2022,7,Monaco Grand Prix,6,Alexander Albon,3,16,16,2.235,3.0,3.0,0.0
2022,7,Monaco Grand Prix,6,Nicholas Latifi,3,19,19,3.027,0.0,3.0,0.0
2022,7,Monaco Grand Prix,6,Yuki Tsunoda,213,11,11,1.421,11.0,17.0,0.0
2022,7,Monaco Grand Prix,6,Mick Schumacher,210,15,15,1.705,0.0,14.0,0.0
2022,7,Monaco Grand Prix,6,Guanyu Zhou,51,20,20,4.23,1.0,37.0,0.0
2022,8,Azerbaijan Grand Prix,73,Lewis Hamilton,131,7,7,1.565,50.0,134.0,12.0
2022,8,Azerbaijan Grand Prix,73,Fernando Alonso,214,10,10,1.814,10.0,40.0,6.0
2022,8,Azerbaijan Grand Prix,73,Sebastian Vettel,117,9,9,1.732,5.0,7.0,8.0
2022,8,Azerbaijan Grand Prix,73,Sergio Pérez,9,2,2,0.282,104.0,221.0,19.0
2022,8,Azerbaijan Grand Prix,73,Daniel Ricciardo,1,12,12,2.215,8.0,52.0,4.0
2022,8,Azerbaijan Grand Prix,73,Valtteri Bottas,51,15,15,3.085,38.0,39.0,0.0
2022,8,Azerbaijan Grand Prix,73,Kevin Magnussen,210,16,16,3.284,14.0,14.0,0.0
2022,8,Azerbaijan Grand Prix,73,Max Verstappen,9,3,3,0.347,117.0,221.0,25.0
2022,8,Azerbaijan Grand Prix,73,Carlos Sainz,6,4,4,0.455,78.0,187.0,0.0
2022,8,Azerbaijan Grand Prix,73,Esteban Ocon,214,13,13,2.226,30.0,40.0,1.0
2022,8,Azerbaijan Grand Prix,73,Lance Stroll,117,19,19,4.012,2.0,7.0,0.0
2022,8,Azerbaijan Grand Prix,73,Pierre Gasly,213,6,6,1.486,6.0,17.0,10.0
2022,8,Azerbaijan Grand Prix,73,Charles Leclerc,6,1,1,0.0,109.0,187.0,0.0
2022,8,Azerbaijan Grand Prix,73,Lando Norris,1,11,11,2.039,44.0,52.0,2.0
2022,8,Azerbaijan Grand Prix,73,George Russell,131,5,5,1.353,84.0,134.0,15.0
2022,8,Azerbaijan Grand Prix,73,Alexander Albon,3,17,17,3.36,3.0,3.0,0.0
2022,8,Azerbaijan Grand Prix,73,Nicholas Latifi,3,18,18,4.008,0.0,3.0,0.0
2022,8,Azerbaijan Grand Prix,73,Yuki Tsunoda,213,8,8,1.697,11.0,17.0,0.0
2022,8,Azerbaijan Grand Prix,73,Mick Schumacher,210,20,20,4.416,0.0,14.0,0.0
2022,8,Azerbaijan Grand Prix,73,Guanyu Zhou,51,14,14,2.418,1.0,39.0,0.0
2022,9,Canadian Grand Prix,7,Lewis Hamilton,131,4,4,1.592,62.0,161.0,15.0
2022,9,Canadian Grand Prix,7,Fernando Alonso,214,2,2,0.645,16.0,47.0,2.0
2022,9,Canadian Grand Prix,7,Sebastian Vettel,117,16,17,13.213,13.0,15.0,0.0
2022,9,Canadian Grand Prix,7,Sergio Pérez,9,13,13,11.828,123.0,265.0,0.0
2022,9,Canadian Grand Prix,7,Daniel Ricciardo,1,9,9,2.45,12.0,58.0,0.0
2022,9,Canadian Grand Prix,7,Valtteri Bottas,51,11,11,5.489,38.0,39.0,6.0
2022,9,Canadian Grand Prix,7,Kevin Magnussen,210,5,5,1.661,14.0,14.0,0.0
2022,9,Canadian Grand Prix,7,Max Verstappen,9,1,1,0.0,142.0,265.0,25.0
2022,9,Canadian Grand Prix,7,Carlos Sainz,6,3,3,0.797,78.0,187.0,19.0
2022,9,Canadian Grand Prix,7,Esteban Ocon,214,7,7,2.23,31.0,47.0,8.0
2022,9,Canadian Grand Prix,7,Lance Stroll,117,17,18,14.233,2.0,15.0,1.0
2022,9,Canadian Grand Prix,7,Pierre Gasly,213,15,16,13.193,16.0,27.0,0.0
2022,9,Canadian Grand Prix,7,Charles Leclerc,6,19,15,11.709,109.0,187.0,10.0
2022,9,Canadian Grand Prix,7,Lando Norris,1,14,14,12.767,46.0,58.0,0.0
2022,9,Canadian Grand Prix,7,George Russell,131,8,8,2.258,99.0,161.0,12.0
2022,9,Canadian Grand Prix,7,Alexander Albon,3,12,12,5.559,3.0,3.0,0.0
2022,9,Canadian Grand Prix,7,Nicholas Latifi,3,18,19,14.361,0.0,3.0,0.0
2022,9,Canadian Grand Prix,7,Yuki Tsunoda,213,20,20,15.276,11.0,27.0,0.0
2022,9,Canadian Grand Prix,7,Mick Schumacher,210,6,6,2.057,0.0,14.0,0.0
2022,9,Canadian Grand Prix,7,Guanyu Zhou,51,10,10,2.731,1.0,39.0,4.0
2022,10,British Grand Prix,9,Lewis Hamilton,131,5,5,1.299,77.0,188.0,16.0
2022,10,British Grand Prix,9,Fernando Alonso,214,7,7,2.469,18.0,57.0,10.0
2022,10,British Grand Prix,9,Sebastian Vettel,117,18,18,3.537,13.0,16.0,2.0
2022,10,British Grand Prix,9,Sergio Pérez,9,4,4,1.392,123.0,290.0,18.0
2022,10,British Grand Prix,9,Daniel Ricciardo,1,14,14,2.804,12.0,58.0,0.0
2022,10,British Grand Prix,9,Valtteri Bottas,51,12,12,2.267,44.0,49.0,0.0
2022,10,British Grand Prix,9,Kevin Magnussen,210,17,17,3.03,14.0,14.0,1.0
2022,10,British Grand Prix,9,Max Verstappen,9,2,2,0.0,167.0,290.0,6.0
2022,10,British Grand Prix,9,Carlos Sainz,6,1,1,1.061,97.0,216.0,25.0
2022,10,British Grand Prix,9,Esteban Ocon,214,15,15,2.601,39.0,57.0,0.0
2022,10,British Grand Prix,9,Lance Stroll,117,20,20,4.301,3.0,16.0,0.0
2022,10,British Grand Prix,9,Pierre Gasly,213,11,11,2.551,16.0,27.0,0.0
2022,10,British Grand Prix,9,Charles Leclerc,6,3,3,0.717,119.0,216.0,12.0
2022,10,British Grand Prix,9,Lando Norris,1,6,6,2.386,46.0,58.0,8.0
2022,10,British Grand Prix,9,George Russell,131,8,8,0.899,111.0,188.0,0.0
2022,10,British Grand Prix,9,Alexander Albon,3,16,16,2.949,3.0,3.0,0.0
2022,10,British Grand Prix,9,Nicholas Latifi,3,10,10,2.869,0.0,3.0,0.0
2022,10,British Grand Prix,9,Yuki Tsunoda,213,13,13,2.764,11.0,27.0,0.0
2022,10,British Grand Prix,9,Mick Schumacher,210,19,19,3.579,0.0,14.0,4.0
2022,10,British Grand Prix,9,Guanyu Zhou,51,9,9,1.662,5.0,49.0,0.0
2022,11,Austrian Grand Prix,70,Lewis Hamilton,131,8,9,0.491,93.0,204.0,15.0
2022,11,Austrian Grand Prix,70,Fernando Alonso,214,19,8,1.032,28.0,67.0,1.0
2022,11,Austrian Grand Prix,70,Sebastian Vettel,117,18,20,2.099,15.0,18.0,0.0
2022,11,Austrian Grand Prix,70,Sergio Pérez,9,5,13,1.159,141.0,314.0,0.0
2022,11,Austrian Grand Prix,70,Daniel Ricciardo,1,11,16,1.629,12.0,66.0,2.0
2022,11,Austrian Grand Prix,70,Kevin Magnussen,210,7,6,0.895,15.0,19.0,4.0
2022,11,Austrian Grand Prix,70,Max Verstappen,9,1,1,0.0,173.0,314.0,19.0
2022,11,Austrian Grand Prix,70,Carlos Sainz,6,3,3,0.082,122.0,253.0,0.0
2022,11,Austrian Grand Prix,70,Esteban Ocon,214,6,5,0.742,39.0,67.0,10.0
2022,11,Austrian Grand Prix,70,Lance Stroll,117,12,17,1.863,3.0,18.0,0.0
2022,11,Austrian Grand Prix,70,Pierre Gasly,213,14,10,1.176,16.0,27.0,0.0
2022,11,Austrian Grand Prix,70,Charles Leclerc,6,2,2,0.029,131.0,253.0,25.0
2022,11,Austrian Grand Prix,70,Lando Norris,1,10,15,1.346,54.0,66.0,6.0
2022,11,Austrian Grand Prix,70,George Russell,131,4,4,0.447,111.0,204.0,12.0
2022,11,Austrian Grand Prix,70,Alexander Albon,3,15,11,1.246,3.0,3.0,0.0
2022,11,Austrian Grand Prix,70,Nicholas Latifi,3,17,19,2.019,0.0,3.0,0.0
2022,11,Austrian Grand Prix,70,Yuki Tsunoda,213,16,14,1.479,11.0,27.0,0.0
2022,11,Austrian Grand Prix,70,Mick Schumacher,210,9,7,1.027,4.0,19.0,8.0
2022,11,Austrian Grand Prix,70,Guanyu Zhou,51,13,18,1.917,5.0,49.0,0.0
2022,12,French Grand Prix,34,Lewis Hamilton,131,4,4,0.893,108.0,231.0,18.0
2022,12,French Grand Prix,34,Fernando Alonso,214,7,7,1.68,29.0,78.0,8.0
2022,12,French Grand Prix,34,Sebastian Vettel,117,12,14,2.404,15.0,18.0,0.0
2022,12,French Grand Prix,34,Sergio Pérez,9,3,3,0.463,141.0,333.0,12.0
2022,12,French Grand Prix,34,Daniel Ricciardo,1,9,11,2.05,14.0,74.0,2.0
2022,12,French Grand Prix,34,Valtteri Bottas,51,11,13,2.162,44.0,49.0,0.0
2022,12,French Grand Prix,34,Kevin Magnussen,210,20,10,1.777,19.0,31.0,0.0
2022,12,French Grand Prix,34,Max Verstappen,9,2,2,0.304,192.0,333.0,25.0
2022,12,French Grand Prix,34,Carlos Sainz,6,19,9,0.209,122.0,278.0,11.0
2022,12,French Grand Prix,34,Esteban Ocon,214,10,12,2.176,49.0,78.0,4.0
2022,12,French Grand Prix,34,Lance Stroll,117,15,17,2.567,3.0,18.0,1.0
2022,12,French Grand Prix,34,Pierre Gasly,213,14,16,2.567,16.0,27.0,0.0
2022,12,French Grand Prix,34,Charles Leclerc,6,1,1,0.0,156.0,278.0,0.0
2022,12,French Grand Prix,34,Lando Norris,1,5,5,1.16,60.0,74.0,6.0
2022,12,French Grand Prix,34,George Russell,131,6,6,1.259,123.0,231.0,15.0
2022,12,French Grand Prix,34,Alexander Albon,3,13,15,2.435,3.0,3.0,0.0
2022,12,French Grand Prix,34,Nicholas Latifi,3,18,20,2.922,0.0,3.0,0.0
2022,12,French Grand Prix,34,Yuki Tsunoda,213,8,8,1.908,11.0,27.0,0.0
2022,12,French Grand Prix,34,Mick Schumacher,210,17,19,2.829,12.0,31.0,0.0
2022,12,French Grand Prix,34,Guanyu Zhou,51,16,18,2.802,5.0,49.0,0.0
2022,13,Hungarian Grand Prix,11,Lewis Hamilton,131,7,7,0.658,126.0,264.0,19.0
2022,13,Hungarian Grand Prix,11,Fernando Alonso,214,6,6,0.527,37.0,90.0,4.0
2022,13,Hungarian Grand Prix,11,Sebastian Vettel,117,18,18,1.896,15.0,19.0,1.0
2022,13,Hungarian Grand Prix,11,Sergio Pérez,9,11,11,1.139,153.0,370.0,10.0
2022,13,Hungarian Grand Prix,11,Daniel Ricciardo,1,9,9,0.821,16.0,82.0,0.0
2022,13,Hungarian Grand Prix,11,Valtteri Bottas,51,8,8,0.78,44.0,49.0,0.0
2022,13,Hungarian Grand Prix,11,Kevin Magnussen,210,13,13,1.448,19.0,31.0,0.0
2022,13,Hungarian Grand Prix,11,Max Verstappen,9,10,10,0.326,217.0,370.0,25.0
2022,13,Hungarian Grand Prix,11,Carlos Sainz,6,2,2,0.044,133.0,289.0,12.0
2022,13,Hungarian Grand Prix,11,Esteban Ocon,214,5,5,0.641,53.0,90.0,2.0
2022,13,Hungarian Grand Prix,11,Lance Stroll,117,14,14,1.76,4.0,19.0,0.0
2022,13,Hungarian Grand Prix,11,Charles Leclerc,6,3,3,0.19,156.0,289.0,8.0
2022,13,Hungarian Grand Prix,11,Lando Norris,1,4,4,0.392,66.0,82.0,6.0
2022,13,Hungarian Grand Prix,11,George Russell,131,1,1,0.0,138.0,264.0,15.0
2022,13,Hungarian Grand Prix,11,Alexander Albon,3,17,17,1.879,3.0,3.0,0.0
2022,13,Hungarian Grand Prix,11,Nicholas Latifi,3,19,20,2.193,0.0,3.0,0.0
2022,13,Hungarian Grand Prix,11,Yuki Tsunoda,213,16,16,1.863,11.0,27.0,0.0
2022,13,Hungarian Grand Prix,11,Mick Schumacher,210,15,15,1.787,12.0,31.0,0.0
2022,13,Hungarian Grand Prix,11,Guanyu Zhou,51,12,12,1.196,5.0,49.0,0.0
2022,14,Belgian Grand Prix,13,Lewis Hamilton,131,4,7,1.755,145.0,298.0,0.0
2022,14,Belgian Grand Prix,13,Fernando Alonso,214,3,6,1.703,41.0,96.0,10.0
2022,14,Belgian Grand Prix,13,Sebastian Vettel,117,10,16,2.679,16.0,20.0,4.0
2022,14,Belgian Grand Prix,13,Sergio Pérez,9,2,3,0.797,163.0,405.0,18.0
2022,14,Belgian Grand Prix,13,Daniel Ricciardo,1,7,11,2.102,16.0,88.0,0.0
2022,14,Belgian Grand Prix,13,Valtteri Bottas,51,13,20,4.201,44.0,49.0,0.0
2022,14,Belgian Grand Prix,13,Kevin Magnussen,210,12,18,2.892,19.0,31.0,0.0
2022,14,Belgian Grand Prix,13,Max Verstappen,9,14,1,0.0,242.0,405.0,26.0
2022,14,Belgian Grand Prix,13,Carlos Sainz,6,1,2,0.632,145.0,309.0,15.0
2022,14,Belgian Grand Prix,13,Esteban Ocon,214,16,5,1.515,55.0,96.0,6.0
2022,14,Belgian Grand Prix,13,Lance Stroll,117,9,14,2.591,4.0,20.0,0.0
2022,14,Belgian Grand Prix,13,Charles Leclerc,6,15,4,0.886,164.0,309.0,8.0
2022,14,Belgian Grand Prix,13,Lando Norris,1,17,10,1.938,72.0,88.0,0.0
2022,14,Belgian Grand Prix,13,George Russell,131,5,8,1.796,153.0,298.0,12.0
2022,14,Belgian Grand Prix,13,Alexander Albon,3,6,9,2.007,3.0,3.0,1.0
2022,14,Belgian Grand Prix,13,Nicholas Latifi,3,11,17,2.736,0.0,3.0,0.0
2022,14,Belgian Grand Prix,13,Mick Schumacher,210,19,15,2.677,12.0,31.0,0.0
2022,14,Belgian Grand Prix,13,Guanyu Zhou,51,18,13,2.42,5.0,49.0,0.0
2022,15,Dutch Grand Prix,39,Lewis Hamilton,131,4,4,0.306,145.0,310.0,12.0
2022,15,Dutch Grand Prix,39,Fernando Alonso,214,13,13,1.271,51.0,112.0,8.0
2022,15,Dutch Grand Prix,39,Sebastian Vettel,117,19,19,2.049,20.0,24.0,0.0
2022,15,Dutch Grand Prix,39,Sergio Pérez,9,5,5,0.735,181.0,449.0,10.0
2022,15,Dutch Grand Prix,39,Daniel Ricciardo,1,17,17,1.739,16.0,88.0,0.0
2022,15,Dutch Grand Prix,39,Valtteri Bottas,51,16,16,1.619,44.0,49.0,0.0
2022,15,Dutch Grand Prix,39,Kevin Magnussen,210,18,18,1.977,19.0,31.0,0.0
2022,15,Dutch Grand Prix,39,Max Verstappen,9,1,1,0.0,268.0,449.0,26.0
2022,15,Dutch Grand Prix,39,Carlos Sainz,6,3,3,0.092,160.0,332.0,4.0
2022,15,Dutch Grand Prix,39,Esteban Ocon,214,12,12,1.263,61.0,112.0,2.0
2022,15,Dutch Grand Prix,39,Lance Stroll,117,10,10,1.074,4.0,24.0,1.0
2022,15,Dutch Grand Prix,39,Pierre Gasly,213,11,11,1.17,18.0,29.0,0.0
2022,15,Dutch Grand Prix,39,Charles Leclerc,6,2,2,0.021,172.0,332.0,15.0
2022,15,Dutch Grand Prix,39,Lando Norris,1,7,7,0.774,72.0,88.0,6.0
2022,15,Dutch Grand Prix,39,George Russell,131,6,6,0.482,165.0,310.0,18.0
2022,15,Dutch Grand Prix,39,Alexander Albon,3,15,15,1.353,4.0,4.0,0.0
2022,15,Dutch Grand Prix,39,Nicholas Latifi,3,20,20,3.011,0.0,4.0,0.0
2022,15,Dutch Grand Prix,39,Yuki Tsunoda,213,9,9,1.085,11.0,29.0,0.0
2022,15,Dutch Grand Prix,39,Mick Schumacher,210,8,8,1.078,12.0,31.0,0.0
2022,15,Dutch Grand Prix,39,Guanyu Zhou,51,14,14,1.362,5.0,49.0,0.0
2022,16,Italian Grand Prix,14,Lewis Hamilton,131,19,5,1.363,157.0,340.0,10.0
2022,16,Italian Grand Prix,14,Fernando Alonso,214,6,10,1.7,59.0,122.0,0.0
2022,16,Italian Grand Prix,14,Sebastian Vettel,117,11,17,2.475,20.0,25.0,0.0
2022,16,Italian Grand Prix,14,Sergio Pérez,9,13,4,1.045,191.0,485.0,9.0
2022,16,Italian Grand Prix,14,Daniel Ricciardo,1,4,8,1.694,16.0,94.0,0.0
2022,16,Italian Grand Prix,14,Valtteri Bottas,51,15,12,2.074,44.0,49.0,0.0
2022,16,Italian Grand Prix,14,Kevin Magnussen,210,16,19,2.747,19.0,31.0,0.0
2022,16,Italian Grand Prix,14,Max Verstappen,9,7,2,0.145,294.0,485.0,25.0
2022,16,Italian Grand Prix,14,Carlos Sainz,6,18,3,0.268,164.0,351.0,12.0
2022,16,Italian Grand Prix,14,Esteban Ocon,214,14,11,1.969,63.0,122.0,0.0
2022,16,Italian Grand Prix,14,Lance Stroll,117,12,18,2.587,5.0,25.0,0.0
2022,16,Italian Grand Prix,14,Pierre Gasly,213,5,9,1.849,18.0,29.0,4.0
2022,16,Italian Grand Prix,14,Charles Leclerc,6,1,1,0.0,187.0,351.0,18.0
2022,16,Italian Grand Prix,14,Lando Norris,1,3,7,1.423,78.0,94.0,6.0
2022,16,Italian Grand Prix,14,George Russell,131,2,6,1.381,183.0,340.0,15.0
2022,16,Italian Grand Prix,14,Nicholas Latifi,3,10,16,2.426,0.0,4.0,0.0
2022,16,Italian Grand Prix,14,Yuki Tsunoda,213,20,15,1.859,11.0,29.0,0.0
2022,16,Italian Grand Prix,14,Mick Schumacher,210,17,20,2.844,12.0,31.0,0.0
2022,16,Italian Grand Prix,14,Guanyu Zhou,51,9,14,1.842,5.0,49.0,1.0
2022,16,Italian Grand Prix,14,Nyck de Vries,3,8,13,2.31,0.0,4.0,2.0
2022,17,Singapore Grand Prix,15,Lewis Hamilton,131,3,3,0.054,167.0,365.0,2.0
2022,17,Singapore Grand Prix,15,Fernando Alonso,214,5,5,0.554,59.0,122.0,0.0
2022,17,Singapore Grand Prix,15,Sebastian Vettel,117,13,14,4.968,20.0,25.0,4.0
2022,17,Singapore Grand Prix,15,Sergio Pérez,9,2,2,0.022,200.0,519.0,25.0
2022,17,Singapore Grand Prix,15,Daniel Ricciardo,1,16,17,6.814,16.0,100.0,10.0
2022,17,Singapore Grand Prix,15,Valtteri Bottas,51,15,16,6.671,44.0,50.0,0.0
2022,17,Singapore Grand Prix,15,Kevin Magnussen,210,9,9,2.161,19.0,31.0,0.0
2022,17,Singapore Grand Prix,15,Max Verstappen,9,8,8,1.983,319.0,519.0,6.0
2022,17,Singapore Grand Prix,15,Carlos Sainz,6,4,4,0.171,176.0,381.0,15.0
2022,17,Singapore Grand Prix,15,Esteban Ocon,214,17,18,6.925,63.0,122.0,0.0
2022,17,Singapore Grand Prix,15,Lance Stroll,117,11,12,4.799,5.0,25.0,8.0
2022,17,Singapore Grand Prix,15,Pierre Gasly,213,7,7,1.799,22.0,33.0,1.0
2022,17,Singapore Grand Prix,15,Charles Leclerc,6,1,1,0.0,205.0,381.0,18.0
2022,17,Singapore Grand Prix,15,Lando Norris,1,6,6,1.172,84.0,100.0,12.0
2022,17,Singapore Grand Prix,15,Alexander Albon,3,18,19,7.573,4.0,6.0,0.0
2022,17,Singapore Grand Prix,15,Nicholas Latifi,3,19,20,8.12,0.0,6.0,0.0
2022,17,Singapore Grand Prix,15,Yuki Tsunoda,213,10,10,2.571,11.0,33.0,0.0
2022,17,Singapore Grand Prix,15,Mick Schumacher,210,12,13,4.958,12.0,31.0,0.0
2022,17,Singapore Grand Prix,15,Guanyu Zhou,51,14,15,5.963,6.0,50.0,0.0
2022,18,Japanese Grand Prix,22,Lewis Hamilton,131,6,6,0.957,169.0,367.0,10.0
2022,18,Japanese Grand Prix,22,Fernando Alonso,214,7,7,1.018,59.0,122.0,6.0
2022,18,Japanese Grand Prix,22,Sebastian Vettel,117,9,9,1.25,24.0,37.0,8.0
2022,18,Japanese Grand Prix,22,Sergio Pérez,9,4,4,0.405,225.0,550.0,18.0
2022,18,Japanese Grand Prix,22,Daniel Ricciardo,1,11,11,1.355,26.0,122.0,0.0
2022,18,Japanese Grand Prix,22,Valtteri Bottas,51,12,12,1.405,44.0,50.0,0.0
2022,18,Japanese Grand Prix,22,Kevin Magnussen,210,18,18,2.048,19.0,31.0,0.0
2022,18,Japanese Grand Prix,22,Max Verstappen,9,1,1,0.0,325.0,550.0,25.0
2022,18,Japanese Grand Prix,22,Carlos Sainz,6,3,3,0.057,191.0,414.0,0.0
2022,18,Japanese Grand Prix,22,Esteban Ocon,214,5,5,0.861,63.0,122.0,12.0
2022,18,Japanese Grand Prix,22,Lance Stroll,117,19,19,2.115,13.0,37.0,0.0
2022,18,Japanese Grand Prix,22,Pierre Gasly,213,17,17,2.018,23.0,34.0,0.0
2022,18,Japanese Grand Prix,22,Charles Leclerc,6,2,2,0.01,223.0,414.0,15.0
2022,18,Japanese Grand Prix,22,Lando Norris,1,10,10,1.169,96.0,122.0,1.0
2022,18,Japanese Grand Prix,22,George Russell,131,8,8,1.085,198.0,367.0,4.0
2022,18,Japanese Grand Prix,22,Alexander Albon,3,16,16,2.007,4.0,6.0,0.0
2022,18,Japanese Grand Prix,22,Nicholas Latifi,3,20,20,2.207,0.0,6.0,2.0
2022,18,Japanese Grand Prix,22,Yuki Tsunoda,213,13,13,1.504,11.0,34.0,0.0
2022,18,Japanese Grand Prix,22,Mick Schumacher,210,15,15,1.848,12.0,31.0,0.0
2022,18,Japanese Grand Prix,22,Guanyu Zhou,51,14,14,1.59,6.0,50.0,0.0
2022,19,United States Grand Prix,69,Lewis Hamilton,131,3,5,0.591,179.0,381.0,18.0
2022,19,United States Grand Prix,69,Fernando Alonso,214,14,9,1.52,65.0,140.0,6.0
2022,19,United States Grand Prix,69,Sebastian Vettel,117,10,12,2.042,32.0,45.0,4.0
2022,19,United States Grand Prix,69,Sergio Pérez,9,9,4,0.289,243.0,593.0,12.0
2022,19,United States Grand Prix,69,Daniel Ricciardo,1,15,17,2.69,26.0,123.0,0.0
2022,19,United States Grand Prix,69,Valtteri Bottas,51,7,10,1.963,44.0,50.0,0.0
2022,19,United States Grand Prix,69,Kevin Magnussen,210,13,16,2.593,19.0,31.0,2.0
2022,19,United States Grand Prix,69,Max Verstappen,9,2,3,0.092,350.0,593.0,25.0
2022,19,United States Grand Prix,69,Carlos Sainz,6,1,1,0.0,191.0,429.0,0.0
2022,19,United States Grand Prix,69,Lance Stroll,117,5,7,1.242,13.0,45.0,0.0
2022,19,United States Grand Prix,69,Pierre Gasly,213,11,13,2.221,23.0,34.0,0.0
2022,19,United States Grand Prix,69,Charles Leclerc,6,12,2,0.065,238.0,429.0,15.0
2022,19,United States Grand Prix,69,Lando Norris,1,6,8,1.334,97.0,123.0,8.0
2022,19,United States Grand Prix,69,George Russell,131,4,6,0.632,202.0,381.0,11.0
2022,19,United States Grand Prix,69,Alexander Albon,3,8,11,2.012,4.0,8.0,0.0
2022,19,United States Grand Prix,69,Nicholas Latifi,3,17,20,2.888,2.0,8.0,0.0
2022,19,United States Grand Prix,69,Yuki Tsunoda,213,19,15,2.452,11.0,34.0,1.0
2022,19,United States Grand Prix,69,Mick Schumacher,210,16,19,2.755,12.0,31.0,0.0
2022,19,United States Grand Prix,69,Guanyu Zhou,51,18,14,2.3,6.0,50.0,0.0
2022,20,Mexico City Grand Prix,32,Lewis Hamilton,131,3,3,0.309,197.0,410.0,18.0
2022,20,Mexico City Grand Prix,32,Fernando Alonso,214,9,9,1.164,71.0,146.0,0.0
2022,20,Mexico City Grand Prix,32,Sebastian Vettel,117,16,17,2.644,36.0,49.0,0.0
2022,20,Mexico City Grand Prix,32,Sergio Pérez,9,4,4,0.353,255.0,630.0,15.0
2022,20,Mexico City Grand Prix,32,Daniel Ricciardo,1,11,11,1.55,26.0,131.0,6.0
2022,20,Mexico City Grand Prix,32,Valtteri Bottas,51,6,6,0.626,44.0,50.0,1.0
2022,20,Mexico City Grand Prix,32,Kevin Magnussen,210,19,15,2.058,21.0,33.0,0.0
2022,20,Mexico City Grand Prix,32,Max Verstappen,9,1,1,0.0,375.0,630.0,25.0
2022,20,Mexico City Grand Prix,32,Carlos Sainz,6,5,5,0.576,191.0,444.0,10.0
2022,20,Mexico City Grand Prix,32,Esteban Ocon,214,10,10,1.235,75.0,146.0,4.0
2022,20,Mexico City Grand Prix,32,Lance Stroll,117,20,18,2.745,13.0,49.0,0.0
2022,20,Mexico City Grand Prix,32,Pierre Gasly,213,14,14,1.897,23.0,35.0,0.0
2022,20,Mexico City Grand Prix,32,Charles Leclerc,6,7,7,0.78,253.0,444.0,8.0
2022,20,Mexico City Grand Prix,32,Lando Norris,1,8,8,0.946,105.0,131.0,2.0
2022,20,Mexico City Grand Prix,32,George Russell,131,2,2,0.304,213.0,410.0,13.0
2022,20,Mexico City Grand Prix,32,Alexander Albon,3,17,19,3.084,4.0,8.0,0.0
2022,20,Mexico City Grand Prix,32,Nicholas Latifi,3,18,20,3.392,2.0,8.0,0.0
2022,20,Mexico City Grand Prix,32,Yuki Tsunoda,213,13,13,1.814,12.0,35.0,0.0
2022,20,Mexico City Grand Prix,32,Mick Schumacher,210,15,16,2.644,12.0,33.0,0.0
2022,20,Mexico City Grand Prix,32,Guanyu Zhou,51,12,12,1.701,6.0,50.0,0.0
2022,21,Brazilian Grand Prix,18,Lewis Hamilton,131,2,8,0.658,215.0,441.0,18.0
2022,21,Brazilian Grand Prix,18,Fernando Alonso,214,17,7,0.513,71.0,150.0,10.0
2022,21,Brazilian Grand Prix,18,Sebastian Vettel,117,9,13,0.797,36.0,49.0,0.0
2022,21,Brazilian Grand Prix,18,Sergio Pérez,9,4,9,0.575,270.0,670.0,6.0
2022,21,Brazilian Grand Prix,18,Daniel Ricciardo,1,11,14,1.259,32.0,139.0,0.0
2022,21,Brazilian Grand Prix,18,Valtteri Bottas,51,14,18,4.605,45.0,51.0,2.0
2022,21,Brazilian Grand Prix,18,Kevin Magnussen,210,8,1,0.529,21.0,33.0,0.0
2022,21,Brazilian Grand Prix,18,Max Verstappen,9,3,2,0.0,400.0,670.0,8.0
2022,21,Brazilian Grand Prix,18,Carlos Sainz,6,7,5,0.009,201.0,462.0,15.0
2022,21,Brazilian Grand Prix,18,Esteban Ocon,214,16,6,0.706,79.0,150.0,4.0
2022,21,Brazilian Grand Prix,18,Lance Stroll,117,15,15,1.329,13.0,49.0,1.0
2022,21,Brazilian Grand Prix,18,Pierre Gasly,213,10,12,0.794,23.0,35.0,0.0
2022,21,Brazilian Grand Prix,18,Charles Leclerc,6,5,10,0.069,261.0,462.0,12.0
2022,21,Brazilian Grand Prix,18,Lando Norris,1,6,4,0.496,107.0,139.0,0.0
2022,21,Brazilian Grand Prix,18,George Russell,131,1,3,0.437,226.0,441.0,26.0
2022,21,Brazilian Grand Prix,18,Alexander Albon,3,19,11,0.75,4.0,8.0,0.0
2022,21,Brazilian Grand Prix,18,Nicholas Latifi,3,18,16,4.214,2.0,8.0,0.0
2022,21,Brazilian Grand Prix,18,Mick Schumacher,210,12,20,5.48,12.0,33.0,0.0
2022,21,Brazilian Grand Prix,18,Guanyu Zhou,51,13,17,4.316,6.0,51.0,0.0
2022,22,Abu Dhabi Grand Prix,24,Lewis Hamilton,131,5,5,0.684,233.0,485.0,0.0
2022,22,Abu Dhabi Grand Prix,24,Fernando Alonso,214,10,11,1.272,81.0,164.0,0.0
2022,22,Abu Dhabi Grand Prix,24,Sebastian Vettel,117,9,9,1.137,36.0,50.0,1.0
2022,22,Abu Dhabi Grand Prix,24,Sergio Pérez,9,2,2,0.228,276.0,684.0,15.0
2022,22,Abu Dhabi Grand Prix,24,Daniel Ricciardo,1,13,10,1.221,32.0,139.0,2.0
2022,22,Abu Dhabi Grand Prix,24,Valtteri Bottas,51,18,18,2.068,47.0,53.0,0.0
2022,22,Abu Dhabi Grand Prix,24,Kevin Magnussen,210,16,16,2.01,21.0,33.0,0.0
2022,22,Abu Dhabi Grand Prix,24,Max Verstappen,9,1,1,0.0,408.0,684.0,25.0
2022,22,Abu Dhabi Grand Prix,24,Carlos Sainz,6,4,4,0.418,216.0,489.0,12.0
2022,22,Abu Dhabi Grand Prix,24,Esteban Ocon,214,8,8,1.006,83.0,164.0,6.0
2022,22,Abu Dhabi Grand Prix,24,Lance Stroll,117,14,14,1.535,14.0,50.0,4.0
2022,22,Abu Dhabi Grand Prix,24,Pierre Gasly,213,17,17,2.035,23.0,35.0,0.0
2022,22,Abu Dhabi Grand Prix,24,Charles Leclerc,6,3,3,0.268,273.0,489.0,18.0
2022,22,Abu Dhabi Grand Prix,24,Lando Norris,1,7,7,0.945,107.0,139.0,9.0
2022,22,Abu Dhabi Grand Prix,24,George Russell,131,6,6,0.687,252.0,485.0,10.0
2022,22,Abu Dhabi Grand Prix,24,Alexander Albon,3,19,19,2.204,4.0,8.0,0.0
2022,22,Abu Dhabi Grand Prix,24,Nicholas Latifi,3,20,20,2.23,2.0,8.0,0.0
2022,22,Abu Dhabi Grand Prix,24,Yuki Tsunoda,213,11,12,1.395,12.0,35.0,0.0
2022,22,Abu Dhabi Grand Prix,24,Mick Schumacher,210,12,13,1.401,12.0,33.0,0.0
2022,22,Abu Dhabi Grand Prix,24,Guanyu Zhou,51,15,15,1.584,6.0,53.0,0.0
2023,1,Bahrain Grand Prix,3,Lewis Hamilton,131,7,7,0.676,0.0,0.0,10.0
2023,1,Bahrain Grand Prix,3,Fernando Alonso,117,5,5,0.628,0.0,0.0,15.0
2023,1,Bahrain Grand Prix,3,Nico Hülkenberg,210,10,10,1.101,0.0,0.0,0.0
2023,1,Bahrain Grand Prix,3,Sergio Pérez,9,2,2,0.138,0.0,0.0,18.0
2023,1,Bahrain Grand Prix,3,Valtteri Bottas,51,12,12,1.735,0.0,0.0,4.0
2023,1,Bahrain Grand Prix,3,Kevin Magnussen,210,17,17,2.184,0.0,0.0,0.0
2023,1,Bahrain Grand Prix,3,Max Verstappen,9,1,1,0.0,0.0,0.0,25.0
2023,1,Bahrain Grand Prix,3,Carlos Sainz,6,4,4,0.446,0.0,0.0,12.0
2023,1,Bahrain Grand Prix,3,Esteban Ocon,214,9,9,1.206,0.0,0.0,0.0
2023,1,Bahrain Grand Prix,3,Lance Stroll,117,8,8,1.128,0.0,0.0,8.0
2023,1,Bahrain Grand Prix,3,Pierre Gasly,214,20,20,2.473,0.0,0.0,2.0
2023,1,Bahrain Grand Prix,3,Charles Leclerc,6,3,3,0.292,0.0,0.0,0.0
2023,1,Bahrain Grand Prix,3,Lando Norris,1,11,11,1.673,0.0,0.0,0.0
2023,1,Bahrain Grand Prix,3,George Russell,131,6,6,0.632,0.0,0.0,6.0
2023,1,Bahrain Grand Prix,3,Alexander Albon,3,15,15,1.753,0.0,0.0,1.0
2023,1,Bahrain Grand Prix,3,Yuki Tsunoda,213,14,14,1.692,0.0,0.0,0.0
2023,1,Bahrain Grand Prix,3,Guanyu Zhou,51,13,13,1.765,0.0,0.0,0.0
2023,1,Bahrain Grand Prix,3,Nyck de Vries,213,19,19,2.413,0.0,0.0,0.0
2023,1,Bahrain Grand Prix,3,Oscar Piastri,1,18,18,2.393,0.0,0.0,0.0
2023,1,Bahrain Grand Prix,3,Logan Sargeant,3,16,16,1.944,0.0,0.0,0.0
2023,2,Saudi Arabian Grand Prix,77,Lewis Hamilton,131,7,8,0.958,10.0,16.0,10.0
2023,2,Saudi Arabian Grand Prix,77,Fernando Alonso,117,2,3,0.465,15.0,23.0,15.0
2023,2,Saudi Arabian Grand Prix,77,Nico Hülkenberg,210,10,11,1.186,0.0,0.0,0.0
2023,2,Saudi Arabian Grand Prix,77,Sergio Pérez,9,1,1,0.0,18.0,43.0,25.0
2023,2,Saudi Arabian Grand Prix,77,Valtteri Bottas,51,14,14,1.403,4.0,4.0,0.0
2023,2,Saudi Arabian Grand Prix,77,Kevin Magnussen,210,13,13,1.369,0.0,0.0,1.0
2023,2,Saudi Arabian Grand Prix,77,Max Verstappen,9,15,15,0.496,25.0,43.0,19.0
2023,2,Saudi Arabian Grand Prix,77,Carlos Sainz,6,4,5,0.666,12.0,12.0,8.0
2023,2,Saudi Arabian Grand Prix,77,Esteban Ocon,214,6,7,0.813,0.0,2.0,4.0
2023,2,Saudi Arabian Grand Prix,77,Lance Stroll,117,5,6,0.68,8.0,23.0,0.0
2023,2,Saudi Arabian Grand Prix,77,Pierre Gasly,214,9,10,1.092,2.0,2.0,2.0
2023,2,Saudi Arabian Grand Prix,77,Charles Leclerc,6,12,2,0.155,0.0,12.0,6.0
2023,2,Saudi Arabian Grand Prix,77,Lando Norris,1,19,19,2.182,0.0,0.0,0.0
2023,2,Saudi Arabian Grand Prix,77,George Russell,131,3,4,0.592,6.0,16.0,12.0
2023,2,Saudi Arabian Grand Prix,77,Alexander Albon,3,17,17,1.729,1.0,1.0,0.0
2023,2,Saudi Arabian Grand Prix,77,Yuki Tsunoda,213,16,16,1.674,0.0,0.0,0.0
2023,2,Saudi Arabian Grand Prix,77,Guanyu Zhou,51,11,12,1.196,0.0,4.0,0.0
2023,2,Saudi Arabian Grand Prix,77,Nyck de Vries,213,18,18,1.979,0.0,0.0,0.0
2023,2,Saudi Arabian Grand Prix,77,Oscar Piastri,1,8,9,0.978,0.0,0.0,0.0
2023,2,Saudi Arabian Grand Prix,77,Logan Sargeant,3,20,20,40.245,0.0,1.0,0.0
2023,3,Australian Grand Prix,1,Lewis Hamilton,131,3,3,0.372,20.0,38.0,18.0
2023,3,Australian Grand Prix,1,Fernando Alonso,117,4,4,0.407,30.0,38.0,15.0
2023,3,Australian Grand Prix,1,Nico Hülkenberg,210,10,10,0.68,0.0,1.0,6.0
2023,3,Australian Grand Prix,1,Kevin Magnussen,210,14,14,1.397,1.0,1.0,0.0
2023,3,Australian Grand Prix,1,Max Verstappen,9,1,1,0.0,44.0,87.0,25.0
2023,3,Australian Grand Prix,1,Carlos Sainz,6,5,5,0.538,20.0,26.0,0.0
2023,3,Australian Grand Prix,1,Esteban Ocon,214,11,11,1.036,4.0,8.0,0.0
2023,3,Australian Grand Prix,1,Lance Stroll,117,6,6,0.576,8.0,38.0,12.0
2023,3,Australian Grand Prix,1,Pierre Gasly,214,9,9,0.842,4.0,8.0,0.0
2023,3,Australian Grand Prix,1,Charles Leclerc,6,7,7,0.637,6.0,26.0,0.0
2023,3,Australian Grand Prix,1,Lando Norris,1,13,13,1.387,0.0,0.0,8.0
2023,3,Australian Grand Prix,1,George Russell,131,2,2,0.236,18.0,38.0,0.0
2023,3,Australian Grand Prix,1,Alexander Albon,3,8,8,0.877,1.0,1.0,0.0
2023,3,Australian Grand Prix,1,Yuki Tsunoda,213,12,12,1.367,0.0,0.0,1.0
2023,3,Australian Grand Prix,1,Guanyu Zhou,51,17,17,1.808,0.0,4.0,2.0
2023,3,Australian Grand Prix,1,Nyck de Vries,213,15,15,1.603,0.0,0.0,0.0
2023,3,Australian Grand Prix,1,Oscar Piastri,1,16,16,1.785,0.0,0.0,4.0
2023,3,Australian Grand Prix,1,Logan Sargeant,3,18,18,1.825,0.0,1.0,0.0
2023,4,Azerbaijan Grand Prix,73,Lewis Hamilton,131,5,5,0.974,38.0,56.0,8.0
2023,4,Azerbaijan Grand Prix,73,Fernando Alonso,117,6,6,1.05,45.0,65.0,12.0
2023,4,Azerbaijan Grand Prix,73,Sergio Pérez,9,3,3,0.292,54.0,123.0,25.0
2023,4,Azerbaijan Grand Prix,73,Valtteri Bottas,51,13,14,2.056,4.0,6.0,0.0
2023,4,Azerbaijan Grand Prix,73,Kevin Magnussen,210,16,18,3.214,1.0,7.0,0.0
2023,4,Azerbaijan Grand Prix,73,Max Verstappen,9,2,2,0.188,69.0,123.0,18.0
2023,4,Azerbaijan Grand Prix,73,Carlos Sainz,6,4,4,0.813,20.0,26.0,10.0
2023,4,Azerbaijan Grand Prix,73,Lance Stroll,117,9,9,1.373,20.0,65.0,6.0
2023,4,Azerbaijan Grand Prix,73,Pierre Gasly,214,17,19,4.65,4.0,8.0,0.0
2023,4,Azerbaijan Grand Prix,73,Charles Leclerc,6,1,1,0.0,6.0,26.0,15.0
2023,4,Azerbaijan Grand Prix,73,Lando Norris,1,7,7,1.078,8.0,12.0,2.0
2023,4,Azerbaijan Grand Prix,73,George Russell,131,11,11,1.451,18.0,56.0,5.0
2023,4,Azerbaijan Grand Prix,73,Alexander Albon,3,12,13,1.615,1.0,1.0,0.0
2023,4,Azerbaijan Grand Prix,73,Yuki Tsunoda,213,8,8,1.366,1.0,1.0,1.0
2023,4,Azerbaijan Grand Prix,73,Guanyu Zhou,51,15,16,2.439,2.0,6.0,0.0
2023,4,Azerbaijan Grand Prix,73,Nyck de Vries,213,18,20,0.0,0.0,1.0,0.0
2023,4,Azerbaijan Grand Prix,73,Oscar Piastri,1,10,10,1.408,4.0,12.0,0.0
2023,4,Azerbaijan Grand Prix,73,Logan Sargeant,3,14,15,2.039,0.0,1.0,0.0
2023,5,Miami Grand Prix,79,Lewis Hamilton,131,13,13,1.032,46.0,69.0,8.0
2023,5,Miami Grand Prix,79,Fernando Alonso,117,2,2,0.283,57.0,83.0,15.0
2023,5,Miami Grand Prix,79,Nico Hülkenberg,210,12,12,1.089,6.0,7.0,0.0
2023,5,Miami Grand Prix,79,Sergio Pérez,9,1,1,0.027,79.0,166.0,18.0
2023,5,Miami Grand Prix,79,Valtteri Bottas,51,10,10,0.75,4.0,6.0,0.0
2023,5,Miami Grand Prix,79,Kevin Magnussen,210,4,4,0.859,1.0,7.0,1.0
2023,5,Miami Grand Prix,79,Max Verstappen,9,9,9,0.0,87.0,166.0,26.0
2023,5,Miami Grand Prix,79,Carlos Sainz,6,3,3,0.334,30.0,51.0,10.0
2023,5,Miami Grand Prix,79,Esteban Ocon,214,8,8,0.63,4.0,8.0,2.0
2023,5,Miami Grand Prix,79,Lance Stroll,117,18,18,1.662,26.0,83.0,0.0
2023,5,Miami Grand Prix,79,Pierre Gasly,214,5,5,0.798,4.0,8.0,4.0
2023,5,Miami Grand Prix,79,Charles Leclerc,6,7,7,0.15,21.0,51.0,6.0
2023,5,Miami Grand Prix,79,Lando Norris,1,16,16,1.58,10.0,14.0,0.0
2023,5,Miami Grand Prix,79,George Russell,131,6,6,0.929,23.0,69.0,12.0
2023,5,Miami Grand Prix,79,Alexander Albon,3,11,11,0.981,1.0,1.0,0.0
2023,5,Miami Grand Prix,79,Yuki Tsunoda,213,17,17,1.615,2.0,2.0,0.0
2023,5,Miami Grand Prix,79,Guanyu Zhou,51,14,14,1.277,2.0,6.0,0.0
2023,5,Miami Grand Prix,79,Nyck de Vries,213,15,15,1.511,0.0,2.0,0.0
2023,5,Miami Grand Prix,79,Oscar Piastri,1,19,19,1.67,4.0,14.0,0.0
2023,5,Miami Grand Prix,79,Logan Sargeant,3,20,20,1.763,0.0,1.0,0.0
2023,6,Monaco Grand Prix,6,Lewis Hamilton,131,5,6,0.36,54.0,89.0,13.0
2023,6,Monaco Grand Prix,6,Fernando Alonso,117,2,2,0.084,72.0,98.0,18.0
2023,6,Monaco Grand Prix,6,Nico Hülkenberg,210,18,18,1.914,6.0,8.0,0.0
2023,6,Monaco Grand Prix,6,Sergio Pérez,9,20,20,2.485,97.0,210.0,0.0
2023,6,Monaco Grand Prix,6,Valtteri Bottas,51,15,15,1.26,4.0,6.0,0.0
2023,6,Monaco Grand Prix,6,Kevin Magnussen,210,17,17,1.905,2.0,8.0,0.0
2023,6,Monaco Grand Prix,6,Max Verstappen,9,1,1,0.0,113.0,210.0,25.0
2023,6,Monaco Grand Prix,6,Carlos Sainz,6,4,5,0.265,40.0,67.0,4.0
2023,6,Monaco Grand Prix,6,Esteban Ocon,214,3,4,0.188,6.0,14.0,15.0
2023,6,Monaco Grand Prix,6,Lance Stroll,117,14,14,1.258,26.0,98.0,0.0
2023,6,Monaco Grand Prix,6,Pierre Gasly,214,7,7,0.568,8.0,14.0,6.0
2023,6,Monaco Grand Prix,6,Charles Leclerc,6,6,3,0.106,27.0,67.0,8.0
2023,6,Monaco Grand Prix,6,Lando Norris,1,10,10,0.889,10.0,14.0,2.0
2023,6,Monaco Grand Prix,6,George Russell,131,8,8,0.599,35.0,89.0,10.0
2023,6,Monaco Grand Prix,6,Alexander Albon,3,13,13,1.162,1.0,1.0,0.0
2023,6,Monaco Grand Prix,6,Yuki Tsunoda,213,9,9,0.717,2.0,2.0,0.0
2023,6,Monaco Grand Prix,6,Guanyu Zhou,51,19,19,2.158,2.0,6.0,0.0
2023,6,Monaco Grand Prix,6,Nyck de Vries,213,12,12,1.063,0.0,2.0,0.0
2023,6,Monaco Grand Prix,6,Oscar Piastri,1,11,11,1.03,4.0,14.0,1.0
2023,6,Monaco Grand Prix,6,Logan Sargeant,3,16,16,1.748,0.0,1.0,0.0
2023,7,Spanish Grand Prix,4,Lewis Hamilton,131,4,5,0.546,67.0,112.0,18.0
2023,7,Spanish Grand Prix,4,Fernando Alonso,117,8,9,0.826,90.0,116.0,6.0
2023,7,Spanish Grand Prix,4,Nico Hülkenberg,210,7,8,0.957,6.0,8.0,0.0
2023,7,Spanish Grand Prix,4,Sergio Pérez,9,11,11,1.062,97.0,235.0,12.0
2023,7,Spanish Grand Prix,4,Valtteri Bottas,51,16,16,1.705,4.0,6.0,0.0
2023,7,Spanish Grand Prix,4,Kevin Magnussen,210,17,17,1.77,2.0,8.0,0.0
2023,7,Spanish Grand Prix,4,Max Verstappen,9,1,1,0.0,138.0,235.0,26.0
2023,7,Spanish Grand Prix,4,Carlos Sainz,6,2,2,0.462,44.0,79.0,10.0
2023,7,Spanish Grand Prix,4,Esteban Ocon,214,6,7,0.729,21.0,35.0,4.0
2023,7,Spanish Grand Prix,4,Lance Stroll,117,5,6,0.722,26.0,116.0,8.0
2023,7,Spanish Grand Prix,4,Pierre Gasly,214,10,4,0.544,14.0,35.0,1.0
2023,7,Spanish Grand Prix,4,Charles Leclerc,6,19,19,1.807,35.0,79.0,0.0
2023,7,Spanish Grand Prix,4,Lando Norris,1,3,3,0.504,12.0,17.0,0.0
2023,7,Spanish Grand Prix,4,George Russell,131,12,12,1.054,45.0,112.0,15.0
2023,7,Spanish Grand Prix,4,Alexander Albon,3,18,18,1.791,1.0,1.0,0.0
2023,7,Spanish Grand Prix,4,Yuki Tsunoda,213,15,15,1.59,2.0,2.0,0.0
2023,7,Spanish Grand Prix,4,Guanyu Zhou,51,13,13,1.249,2.0,6.0,2.0
2023,7,Spanish Grand Prix,4,Nyck de Vries,213,14,14,1.309,0.0,2.0,0.0
2023,7,Spanish Grand Prix,4,Oscar Piastri,1,9,10,0.787,5.0,17.0,0.0
2023,7,Spanish Grand Prix,4,Logan Sargeant,3,20,20,2.427,0.0,1.0,0.0
2023,8,Canadian Grand Prix,7,Lewis Hamilton,131,3,4,1.701,85.0,145.0,15.0
2023,8,Canadian Grand Prix,7,Fernando Alonso,117,2,3,1.051,96.0,130.0,18.0
2023,8,Canadian Grand Prix,7,Nico Hülkenberg,210,5,2,1.58,6.0,8.0,0.0
2023,8,Canadian Grand Prix,7,Sergio Pérez,9,12,12,2.234,109.0,273.0,9.0
2023,8,Canadian Grand Prix,7,Valtteri Bottas,51,14,15,3.096,4.0,8.0,1.0
2023,8,Canadian Grand Prix,7,Kevin Magnussen,210,13,14,2.953,2.0,8.0,0.0
2023,8,Canadian Grand Prix,7,Max Verstappen,9,1,1,0.367,164.0,273.0,25.0
2023,8,Canadian Grand Prix,7,Carlos Sainz,6,11,8,1.131,54.0,89.0,10.0
2023,8,Canadian Grand Prix,7,Esteban Ocon,214,6,6,1.681,25.0,40.0,4.0
2023,8,Canadian Grand Prix,7,Lance Stroll,117,16,13,2.759,34.0,130.0,2.0
2023,8,Canadian Grand Prix,7,Pierre Gasly,214,15,17,4.161,15.0,40.0,0.0
2023,8,Canadian Grand Prix,7,Charles Leclerc,6,10,11,1.89,35.0,89.0,12.0
2023,8,Canadian Grand Prix,7,Lando Norris,1,7,7,0.622,12.0,17.0,0.0
2023,8,Canadian Grand Prix,7,George Russell,131,4,5,1.373,60.0,145.0,0.0
2023,8,Canadian Grand Prix,7,Alexander Albon,3,9,10,0.0,1.0,1.0,6.0
2023,8,Canadian Grand Prix,7,Yuki Tsunoda,213,19,16,4.021,2.0,2.0,0.0
2023,8,Canadian Grand Prix,7,Guanyu Zhou,51,20,20,4.617,4.0,8.0,0.0
2023,8,Canadian Grand Prix,7,Nyck de Vries,213,17,18,4.412,0.0,2.0,0.0
2023,8,Canadian Grand Prix,7,Oscar Piastri,1,8,9,0.934,5.0,17.0,0.0
2023,8,Canadian Grand Prix,7,Logan Sargeant,3,18,19,4.612,0.0,1.0,0.0
2023,9,Austrian Grand Prix,70,Lewis Hamilton,131,5,5,0.428,100.0,160.0,4.0
2023,9,Austrian Grand Prix,70,Fernando Alonso,117,7,7,0.52,114.0,150.0,10.0
2023,9,Austrian Grand Prix,70,Nico Hülkenberg,210,8,8,0.699,6.0,8.0,0.0
2023,9,Austrian Grand Prix,70,Sergio Pérez,9,15,15,0.786,118.0,307.0,15.0
2023,9,Austrian Grand Prix,70,Valtteri Bottas,51,14,14,1.289,5.0,9.0,0.0
2023,9,Austrian Grand Prix,70,Max Verstappen,9,1,1,0.0,189.0,307.0,26.0
2023,9,Austrian Grand Prix,70,Carlos Sainz,6,3,3,0.19,64.0,111.0,8.0
2023,9,Austrian Grand Prix,70,Esteban Ocon,214,12,12,1.062,29.0,44.0,0.0
2023,9,Austrian Grand Prix,70,Lance Stroll,117,6,6,0.502,36.0,150.0,2.0
2023,9,Austrian Grand Prix,70,Pierre Gasly,214,9,9,0.779,15.0,44.0,1.0
2023,9,Austrian Grand Prix,70,Charles Leclerc,6,2,2,0.048,47.0,111.0,18.0
2023,9,Austrian Grand Prix,70,Lando Norris,1,4,4,0.267,12.0,17.0,12.0
2023,9,Austrian Grand Prix,70,George Russell,131,11,11,1.037,60.0,160.0,6.0
2023,9,Austrian Grand Prix,70,Alexander Albon,3,10,10,0.996,7.0,7.0,0.0
2023,9,Austrian Grand Prix,70,Yuki Tsunoda,213,16,16,1.393,2.0,2.0,0.0
2023,9,Austrian Grand Prix,70,Guanyu Zhou,51,17,17,1.427,4.0,9.0,0.0
2023,9,Austrian Grand Prix,70,Oscar Piastri,1,13,13,1.214,5.0,17.0,0.0
2023,9,Austrian Grand Prix,70,Logan Sargeant,3,18,18,1.557,0.0,7.0,0.0
2023,10,British Grand Prix,9,Lewis Hamilton,131,7,7,0.491,104.0,170.0,15.0
2023,10,British Grand Prix,9,Fernando Alonso,117,9,9,0.939,124.0,162.0,6.0
2023,10,British Grand Prix,9,Nico Hülkenberg,210,11,11,2.176,6.0,8.0,0.0
2023,10,British Grand Prix,9,Sergio Pérez,9,15,16,3.248,133.0,348.0,8.0
2023,10,British Grand Prix,9,Valtteri Bottas,51,20,15,3.078,5.0,9.0,0.0
2023,10,British Grand Prix,9,Kevin Magnussen,210,19,20,5.658,2.0,8.0,0.0
2023,10,British Grand Prix,9,Max Verstappen,9,1,1,0.0,215.0,348.0,26.0
2023,10,British Grand Prix,9,Carlos Sainz,6,5,5,0.428,72.0,137.0,1.0
2023,10,British Grand Prix,9,Esteban Ocon,214,13,13,2.236,29.0,45.0,0.0
2023,10,British Grand Prix,9,Lance Stroll,117,12,12,2.215,38.0,162.0,0.0
2023,10,British Grand Prix,9,Pierre Gasly,214,10,10,0.969,16.0,45.0,0.0
2023,10,British Grand Prix,9,Charles Leclerc,6,4,4,0.416,65.0,137.0,2.0
2023,10,British Grand Prix,9,Lando Norris,1,2,2,0.241,24.0,29.0,18.0
2023,10,British Grand Prix,9,George Russell,131,6,6,0.435,66.0,170.0,10.0
2023,10,British Grand Prix,9,Alexander Albon,3,8,8,0.81,7.0,7.0,4.0
2023,10,British Grand Prix,9,Yuki Tsunoda,213,16,17,3.305,2.0,2.0,0.0
2023,10,British Grand Prix,9,Guanyu Zhou,51,17,18,3.403,4.0,9.0,0.0
2023,10,British Grand Prix,9,Nyck de Vries,213,18,19,3.793,0.0,2.0,0.0
2023,10,British Grand Prix,9,Oscar Piastri,1,3,3,0.372,5.0,29.0,12.0
2023,10,British Grand Prix,9,Logan Sargeant,3,14,14,2.311,0.0,7.0,0.0
2023,11,Hungarian Grand Prix,11,Lewis Hamilton,131,1,1,0.0,119.0,195.0,12.0
2023,11,Hungarian Grand Prix,11,Fernando Alonso,117,8,8,0.426,130.0,168.0,2.0
2023,11,Hungarian Grand Prix,11,Nico Hülkenberg,210,10,10,0.577,6.0,8.0,0.0
2023,11,Hungarian Grand Prix,11,Sergio Pérez,9,9,9,0.436,141.0,382.0,15.0
2023,11,Hungarian Grand Prix,11,Daniel Ricciardo,213,13,13,1.393,0.0,2.0,0.0
2023,11,Hungarian Grand Prix,11,Valtteri Bottas,51,7,7,0.425,5.0,9.0,0.0
2023,11,Hungarian Grand Prix,11,Kevin Magnussen,210,19,19,2.597,2.0,8.0,0.0
2023,11,Hungarian Grand Prix,11,Max Verstappen,9,2,2,0.003,241.0,382.0,26.0
2023,11,Hungarian Grand Prix,11,Carlos Sainz,6,11,11,1.094,73.0,140.0,4.0
2023,11,Hungarian Grand Prix,11,Esteban Ocon,214,12,12,1.232,29.0,45.0,0.0
2023,11,Hungarian Grand Prix,11,Lance Stroll,117,14,14,1.535,38.0,168.0,1.0
2023,11,Hungarian Grand Prix,11,Pierre Gasly,214,15,15,1.608,16.0,45.0,0.0
2023,11,Hungarian Grand Prix,11,Charles Leclerc,6,6,6,0.383,67.0,140.0,6.0
2023,11,Hungarian Grand Prix,11,Lando Norris,1,3,3,0.085,42.0,59.0,18.0
2023,11,Hungarian Grand Prix,11,George Russell,131,18,18,2.418,76.0,195.0,8.0
2023,11,Hungarian Grand Prix,11,Alexander Albon,3,16,16,2.308,11.0,11.0,0.0
2023,11,Hungarian Grand Prix,11,Yuki Tsunoda,213,17,17,2.31,2.0,2.0,0.0
2023,11,Hungarian Grand Prix,11,Guanyu Zhou,51,5,5,0.362,4.0,9.0,0.0
2023,11,Hungarian Grand Prix,11,Oscar Piastri,1,4,4,0.296,17.0,59.0,10.0
2023,11,Hungarian Grand Prix,11,Logan Sargeant,3,20,20,2.639,0.0,11.0,0.0
2023,12,Belgian Grand Prix,13,Lewis Hamilton,131,3,4,0.919,131.0,215.0,13.0
2023,12,Belgian Grand Prix,13,Fernando Alonso,117,9,9,1.675,132.0,171.0,10.0
2023,12,Belgian Grand Prix,13,Sergio Pérez,9,2,3,0.877,156.0,423.0,18.0
2023,12,Belgian Grand Prix,13,Daniel Ricciardo,213,19,19,15.991,0.0,2.0,0.0
2023,12,Belgian Grand Prix,13,Valtteri Bottas,51,13,14,8.526,5.0,9.0,0.0
2023,12,Belgian Grand Prix,13,Kevin Magnussen,210,16,13,7.992,2.0,8.0,0.0
2023,12,Belgian Grand Prix,13,Max Verstappen,9,6,1,0.0,267.0,423.0,25.0
2023,12,Belgian Grand Prix,13,Carlos Sainz,6,4,5,0.984,77.0,150.0,0.0
2023,12,Belgian Grand Prix,13,Esteban Ocon,214,14,15,10.204,29.0,45.0,4.0
2023,12,Belgian Grand Prix,13,Lance Stroll,117,10,10,2.673,39.0,171.0,2.0
2023,12,Belgian Grand Prix,13,Pierre Gasly,214,12,12,7.503,16.0,45.0,0.0
2023,12,Belgian Grand Prix,13,Charles Leclerc,6,1,2,0.82,73.0,150.0,15.0
2023,12,Belgian Grand Prix,13,Lando Norris,1,7,7,1.501,60.0,87.0,6.0
2023,12,Belgian Grand Prix,13,George Russell,131,8,8,1.637,84.0,215.0,8.0
2023,12,Belgian Grand Prix,13,Alexander Albon,3,15,16,14.146,11.0,11.0,0.0
2023,12,Belgian Grand Prix,13,Yuki Tsunoda,213,11,11,6.98,2.0,2.0,1.0
2023,12,Belgian Grand Prix,13,Guanyu Zhou,51,17,17,14.664,4.0,9.0,0.0
2023,12,Belgian Grand Prix,13,Oscar Piastri,1,5,6,1.197,27.0,87.0,0.0
2023,12,Belgian Grand Prix,13,Logan Sargeant,3,18,18,15.367,0.0,11.0,0.0
